[2026-08-06T08:07:16.354+0000] {processor.py:161} INFO - Started process (PID=205) to work on /opt/airflow/dags/fraud_dbt_dag.py
[2026-08-06T08:07:16.356+0000] {processor.py:830} INFO - Processing file /opt/airflow/dags/fraud_dbt_dag.py for tasks to queue
[2026-08-06T08:07:16.360+0000] {logging_mixin.py:188} INFO - [2026-08-06T08:07:16.359+0000] {dagbag.py:545} INFO - Filling up the DagBag from /opt/airflow/dags/fraud_dbt_dag.py
[2026-08-06T08:07:16.388+0000] {processor.py:840} INFO - DAG(s) 'fraud_pipeline_dbt_orchestration' retrieved from /opt/airflow/dags/fraud_dbt_dag.py
[2026-08-06T08:07:16.833+0000] {logging_mixin.py:188} INFO - [2026-08-06T08:07:16.832+0000] {dag.py:3089} INFO - Sync 1 DAGs
[2026-08-06T08:07:16.880+0000] {logging_mixin.py:188} INFO - [2026-08-06T08:07:16.879+0000] {dag.py:3947} INFO - Setting next_dagrun for fraud_pipeline_dbt_orchestration to 2026-08-06 07:45:00+00:00, run_after=2026-08-06 08:00:00+00:00
[2026-08-06T08:07:16.918+0000] {processor.py:183} INFO - Processing /opt/airflow/dags/fraud_dbt_dag.py took 0.579 seconds
[2026-08-06T08:07:47.124+0000] {processor.py:161} INFO - Started process (PID=210) to work on /opt/airflow/dags/fraud_dbt_dag.py
[2026-08-06T08:07:47.126+0000] {processor.py:830} INFO - Processing file /opt/airflow/dags/fraud_dbt_dag.py for tasks to queue
[2026-08-06T08:07:47.133+0000] {logging_mixin.py:188} INFO - [2026-08-06T08:07:47.132+0000] {dagbag.py:545} INFO - Filling up the DagBag from /opt/airflow/dags/fraud_dbt_dag.py
[2026-08-06T08:07:47.160+0000] {processor.py:840} INFO - DAG(s) 'fraud_pipeline_dbt_orchestration' retrieved from /opt/airflow/dags/fraud_dbt_dag.py
[2026-08-06T08:07:47.224+0000] {logging_mixin.py:188} INFO - [2026-08-06T08:07:47.224+0000] {dag.py:3089} INFO - Sync 1 DAGs
[2026-08-06T08:07:47.258+0000] {logging_mixin.py:188} INFO - [2026-08-06T08:07:47.258+0000] {dag.py:3947} INFO - Setting next_dagrun for fraud_pipeline_dbt_orchestration to 2026-08-06 07:45:00+00:00, run_after=2026-08-06 08:00:00+00:00
[2026-08-06T08:07:47.294+0000] {processor.py:183} INFO - Processing /opt/airflow/dags/fraud_dbt_dag.py took 0.193 seconds
[2026-08-06T08:08:17.533+0000] {processor.py:161} INFO - Started process (PID=215) to work on /opt/airflow/dags/fraud_dbt_dag.py
[2026-08-06T08:08:17.544+0000] {processor.py:830} INFO - Processing file /opt/airflow/dags/fraud_dbt_dag.py for tasks to queue
[2026-08-06T08:08:17.547+0000] {logging_mixin.py:188} INFO - [2026-08-06T08:08:17.547+0000] {dagbag.py:545} INFO - Filling up the DagBag from /opt/airflow/dags/fraud_dbt_dag.py
[2026-08-06T08:08:17.574+0000] {processor.py:840} INFO - DAG(s) 'fraud_pipeline_dbt_orchestration' retrieved from /opt/airflow/dags/fraud_dbt_dag.py
[2026-08-06T08:08:17.635+0000] {logging_mixin.py:188} INFO - [2026-08-06T08:08:17.635+0000] {dag.py:3089} INFO - Sync 1 DAGs
[2026-08-06T08:08:17.683+0000] {logging_mixin.py:188} INFO - [2026-08-06T08:08:17.683+0000] {dag.py:3947} INFO - Setting next_dagrun for fraud_pipeline_dbt_orchestration to 2026-08-06 07:45:00+00:00, run_after=2026-08-06 08:00:00+00:00
[2026-08-06T08:08:17.732+0000] {processor.py:183} INFO - Processing /opt/airflow/dags/fraud_dbt_dag.py took 0.217 seconds
[2026-08-06T08:08:47.984+0000] {processor.py:161} INFO - Started process (PID=220) to work on /opt/airflow/dags/fraud_dbt_dag.py
[2026-08-06T08:08:47.986+0000] {processor.py:830} INFO - Processing file /opt/airflow/dags/fraud_dbt_dag.py for tasks to queue
[2026-08-06T08:08:47.989+0000] {logging_mixin.py:188} INFO - [2026-08-06T08:08:47.989+0000] {dagbag.py:545} INFO - Filling up the DagBag from /opt/airflow/dags/fraud_dbt_dag.py
[2026-08-06T08:08:48.011+0000] {processor.py:840} INFO - DAG(s) 'fraud_pipeline_dbt_orchestration' retrieved from /opt/airflow/dags/fraud_dbt_dag.py
[2026-08-06T08:08:48.097+0000] {logging_mixin.py:188} INFO - [2026-08-06T08:08:48.097+0000] {dag.py:3089} INFO - Sync 1 DAGs
[2026-08-06T08:08:48.144+0000] {logging_mixin.py:188} INFO - [2026-08-06T08:08:48.143+0000] {dag.py:3947} INFO - Setting next_dagrun for fraud_pipeline_dbt_orchestration to 2026-08-06 07:45:00+00:00, run_after=2026-08-06 08:00:00+00:00
[2026-08-06T08:08:48.185+0000] {processor.py:183} INFO - Processing /opt/airflow/dags/fraud_dbt_dag.py took 0.233 seconds
[2026-08-06T08:09:18.430+0000] {processor.py:161} INFO - Started process (PID=225) to work on /opt/airflow/dags/fraud_dbt_dag.py
[2026-08-06T08:09:18.439+0000] {processor.py:830} INFO - Processing file /opt/airflow/dags/fraud_dbt_dag.py for tasks to queue
[2026-08-06T08:09:18.444+0000] {logging_mixin.py:188} INFO - [2026-08-06T08:09:18.444+0000] {dagbag.py:545} INFO - Filling up the DagBag from /opt/airflow/dags/fraud_dbt_dag.py
[2026-08-06T08:09:18.462+0000] {processor.py:840} INFO - DAG(s) 'fraud_pipeline_dbt_orchestration' retrieved from /opt/airflow/dags/fraud_dbt_dag.py
[2026-08-06T08:09:18.506+0000] {logging_mixin.py:188} INFO - [2026-08-06T08:09:18.505+0000] {dag.py:3089} INFO - Sync 1 DAGs
[2026-08-06T08:09:18.535+0000] {logging_mixin.py:188} INFO - [2026-08-06T08:09:18.535+0000] {dag.py:3947} INFO - Setting next_dagrun for fraud_pipeline_dbt_orchestration to 2026-08-06 07:45:00+00:00, run_after=2026-08-06 08:00:00+00:00
[2026-08-06T08:09:18.586+0000] {processor.py:183} INFO - Processing /opt/airflow/dags/fraud_dbt_dag.py took 0.166 seconds
[2026-08-06T08:09:48.848+0000] {processor.py:161} INFO - Started process (PID=230) to work on /opt/airflow/dags/fraud_dbt_dag.py
[2026-08-06T08:09:48.850+0000] {processor.py:830} INFO - Processing file /opt/airflow/dags/fraud_dbt_dag.py for tasks to queue
[2026-08-06T08:09:48.854+0000] {logging_mixin.py:188} INFO - [2026-08-06T08:09:48.853+0000] {dagbag.py:545} INFO - Filling up the DagBag from /opt/airflow/dags/fraud_dbt_dag.py
[2026-08-06T08:09:48.874+0000] {processor.py:840} INFO - DAG(s) 'fraud_pipeline_dbt_orchestration' retrieved from /opt/airflow/dags/fraud_dbt_dag.py
[2026-08-06T08:09:48.928+0000] {logging_mixin.py:188} INFO - [2026-08-06T08:09:48.928+0000] {dag.py:3089} INFO - Sync 1 DAGs
[2026-08-06T08:09:48.958+0000] {logging_mixin.py:188} INFO - [2026-08-06T08:09:48.958+0000] {dag.py:3947} INFO - Setting next_dagrun for fraud_pipeline_dbt_orchestration to 2026-08-06 07:45:00+00:00, run_after=2026-08-06 08:00:00+00:00
[2026-08-06T08:09:48.991+0000] {processor.py:183} INFO - Processing /opt/airflow/dags/fraud_dbt_dag.py took 0.154 seconds
[2026-08-06T08:10:19.081+0000] {processor.py:161} INFO - Started process (PID=235) to work on /opt/airflow/dags/fraud_dbt_dag.py
[2026-08-06T08:10:19.090+0000] {processor.py:830} INFO - Processing file /opt/airflow/dags/fraud_dbt_dag.py for tasks to queue
[2026-08-06T08:10:19.093+0000] {logging_mixin.py:188} INFO - [2026-08-06T08:10:19.092+0000] {dagbag.py:545} INFO - Filling up the DagBag from /opt/airflow/dags/fraud_dbt_dag.py
[2026-08-06T08:10:19.117+0000] {processor.py:840} INFO - DAG(s) 'fraud_pipeline_dbt_orchestration' retrieved from /opt/airflow/dags/fraud_dbt_dag.py
[2026-08-06T08:10:19.206+0000] {logging_mixin.py:188} INFO - [2026-08-06T08:10:19.206+0000] {dag.py:3089} INFO - Sync 1 DAGs
[2026-08-06T08:10:19.242+0000] {logging_mixin.py:188} INFO - [2026-08-06T08:10:19.241+0000] {dag.py:3947} INFO - Setting next_dagrun for fraud_pipeline_dbt_orchestration to 2026-08-06 07:45:00+00:00, run_after=2026-08-06 08:00:00+00:00
[2026-08-06T08:10:19.287+0000] {processor.py:183} INFO - Processing /opt/airflow/dags/fraud_dbt_dag.py took 0.229 seconds
[2026-08-06T08:10:49.421+0000] {processor.py:161} INFO - Started process (PID=240) to work on /opt/airflow/dags/fraud_dbt_dag.py
[2026-08-06T08:10:49.422+0000] {processor.py:830} INFO - Processing file /opt/airflow/dags/fraud_dbt_dag.py for tasks to queue
[2026-08-06T08:10:49.424+0000] {logging_mixin.py:188} INFO - [2026-08-06T08:10:49.424+0000] {dagbag.py:545} INFO - Filling up the DagBag from /opt/airflow/dags/fraud_dbt_dag.py
[2026-08-06T08:10:49.438+0000] {processor.py:840} INFO - DAG(s) 'fraud_pipeline_dbt_orchestration' retrieved from /opt/airflow/dags/fraud_dbt_dag.py
[2026-08-06T08:10:49.488+0000] {logging_mixin.py:188} INFO - [2026-08-06T08:10:49.487+0000] {dag.py:3089} INFO - Sync 1 DAGs
[2026-08-06T08:10:49.518+0000] {logging_mixin.py:188} INFO - [2026-08-06T08:10:49.518+0000] {dag.py:3947} INFO - Setting next_dagrun for fraud_pipeline_dbt_orchestration to 2026-08-06 07:45:00+00:00, run_after=2026-08-06 08:00:00+00:00
[2026-08-06T08:10:49.553+0000] {processor.py:183} INFO - Processing /opt/airflow/dags/fraud_dbt_dag.py took 0.141 seconds
[2026-08-06T08:11:19.723+0000] {processor.py:161} INFO - Started process (PID=245) to work on /opt/airflow/dags/fraud_dbt_dag.py
[2026-08-06T08:11:19.732+0000] {processor.py:830} INFO - Processing file /opt/airflow/dags/fraud_dbt_dag.py for tasks to queue
[2026-08-06T08:11:19.737+0000] {logging_mixin.py:188} INFO - [2026-08-06T08:11:19.736+0000] {dagbag.py:545} INFO - Filling up the DagBag from /opt/airflow/dags/fraud_dbt_dag.py
[2026-08-06T08:11:19.756+0000] {processor.py:840} INFO - DAG(s) 'fraud_pipeline_dbt_orchestration' retrieved from /opt/airflow/dags/fraud_dbt_dag.py
[2026-08-06T08:11:19.800+0000] {logging_mixin.py:188} INFO - [2026-08-06T08:11:19.799+0000] {dag.py:3089} INFO - Sync 1 DAGs
[2026-08-06T08:11:19.830+0000] {logging_mixin.py:188} INFO - [2026-08-06T08:11:19.830+0000] {dag.py:3947} INFO - Setting next_dagrun for fraud_pipeline_dbt_orchestration to 2026-08-06 07:45:00+00:00, run_after=2026-08-06 08:00:00+00:00
[2026-08-06T08:11:19.867+0000] {processor.py:183} INFO - Processing /opt/airflow/dags/fraud_dbt_dag.py took 0.155 seconds
[2026-08-06T08:11:50.142+0000] {processor.py:161} INFO - Started process (PID=250) to work on /opt/airflow/dags/fraud_dbt_dag.py
[2026-08-06T08:11:50.144+0000] {processor.py:830} INFO - Processing file /opt/airflow/dags/fraud_dbt_dag.py for tasks to queue
[2026-08-06T08:11:50.149+0000] {logging_mixin.py:188} INFO - [2026-08-06T08:11:50.149+0000] {dagbag.py:545} INFO - Filling up the DagBag from /opt/airflow/dags/fraud_dbt_dag.py
[2026-08-06T08:11:50.172+0000] {processor.py:840} INFO - DAG(s) 'fraud_pipeline_dbt_orchestration' retrieved from /opt/airflow/dags/fraud_dbt_dag.py
[2026-08-06T08:11:50.260+0000] {logging_mixin.py:188} INFO - [2026-08-06T08:11:50.260+0000] {dag.py:3089} INFO - Sync 1 DAGs
[2026-08-06T08:11:50.342+0000] {logging_mixin.py:188} INFO - [2026-08-06T08:11:50.341+0000] {dag.py:3947} INFO - Setting next_dagrun for fraud_pipeline_dbt_orchestration to 2026-08-06 07:45:00+00:00, run_after=2026-08-06 08:00:00+00:00
[2026-08-06T08:11:50.409+0000] {processor.py:183} INFO - Processing /opt/airflow/dags/fraud_dbt_dag.py took 0.280 seconds
[2026-08-06T08:12:20.692+0000] {processor.py:161} INFO - Started process (PID=255) to work on /opt/airflow/dags/fraud_dbt_dag.py
[2026-08-06T08:12:20.702+0000] {processor.py:830} INFO - Processing file /opt/airflow/dags/fraud_dbt_dag.py for tasks to queue
[2026-08-06T08:12:20.705+0000] {logging_mixin.py:188} INFO - [2026-08-06T08:12:20.705+0000] {dagbag.py:545} INFO - Filling up the DagBag from /opt/airflow/dags/fraud_dbt_dag.py
[2026-08-06T08:12:20.729+0000] {processor.py:840} INFO - DAG(s) 'fraud_pipeline_dbt_orchestration' retrieved from /opt/airflow/dags/fraud_dbt_dag.py
[2026-08-06T08:12:20.800+0000] {logging_mixin.py:188} INFO - [2026-08-06T08:12:20.800+0000] {dag.py:3089} INFO - Sync 1 DAGs
[2026-08-06T08:12:20.839+0000] {logging_mixin.py:188} INFO - [2026-08-06T08:12:20.839+0000] {dag.py:3947} INFO - Setting next_dagrun for fraud_pipeline_dbt_orchestration to 2026-08-06 07:45:00+00:00, run_after=2026-08-06 08:00:00+00:00
[2026-08-06T08:12:20.878+0000] {processor.py:183} INFO - Processing /opt/airflow/dags/fraud_dbt_dag.py took 0.210 seconds
[2026-08-06T08:12:50.942+0000] {processor.py:161} INFO - Started process (PID=260) to work on /opt/airflow/dags/fraud_dbt_dag.py
[2026-08-06T08:12:50.946+0000] {processor.py:830} INFO - Processing file /opt/airflow/dags/fraud_dbt_dag.py for tasks to queue
[2026-08-06T08:12:50.950+0000] {logging_mixin.py:188} INFO - [2026-08-06T08:12:50.949+0000] {dagbag.py:545} INFO - Filling up the DagBag from /opt/airflow/dags/fraud_dbt_dag.py
[2026-08-06T08:12:50.973+0000] {processor.py:840} INFO - DAG(s) 'fraud_pipeline_dbt_orchestration' retrieved from /opt/airflow/dags/fraud_dbt_dag.py
[2026-08-06T08:12:51.103+0000] {logging_mixin.py:188} INFO - [2026-08-06T08:12:51.102+0000] {dag.py:3089} INFO - Sync 1 DAGs
[2026-08-06T08:12:51.155+0000] {logging_mixin.py:188} INFO - [2026-08-06T08:12:51.155+0000] {dag.py:3947} INFO - Setting next_dagrun for fraud_pipeline_dbt_orchestration to 2026-08-06 07:45:00+00:00, run_after=2026-08-06 08:00:00+00:00
[2026-08-06T08:12:51.215+0000] {processor.py:183} INFO - Processing /opt/airflow/dags/fraud_dbt_dag.py took 0.290 seconds
[2026-08-06T08:13:21.340+0000] {processor.py:161} INFO - Started process (PID=265) to work on /opt/airflow/dags/fraud_dbt_dag.py
[2026-08-06T08:13:21.349+0000] {processor.py:830} INFO - Processing file /opt/airflow/dags/fraud_dbt_dag.py for tasks to queue
[2026-08-06T08:13:21.353+0000] {logging_mixin.py:188} INFO - [2026-08-06T08:13:21.352+0000] {dagbag.py:545} INFO - Filling up the DagBag from /opt/airflow/dags/fraud_dbt_dag.py
[2026-08-06T08:13:21.386+0000] {processor.py:840} INFO - DAG(s) 'fraud_pipeline_dbt_orchestration' retrieved from /opt/airflow/dags/fraud_dbt_dag.py
[2026-08-06T08:13:21.490+0000] {logging_mixin.py:188} INFO - [2026-08-06T08:13:21.489+0000] {dag.py:3089} INFO - Sync 1 DAGs
[2026-08-06T08:13:21.538+0000] {logging_mixin.py:188} INFO - [2026-08-06T08:13:21.536+0000] {dag.py:3947} INFO - Setting next_dagrun for fraud_pipeline_dbt_orchestration to 2026-08-06 07:45:00+00:00, run_after=2026-08-06 08:00:00+00:00
[2026-08-06T08:13:21.577+0000] {processor.py:183} INFO - Processing /opt/airflow/dags/fraud_dbt_dag.py took 0.266 seconds
[2026-08-06T08:13:51.661+0000] {processor.py:161} INFO - Started process (PID=270) to work on /opt/airflow/dags/fraud_dbt_dag.py
[2026-08-06T08:13:51.663+0000] {processor.py:830} INFO - Processing file /opt/airflow/dags/fraud_dbt_dag.py for tasks to queue
[2026-08-06T08:13:51.666+0000] {logging_mixin.py:188} INFO - [2026-08-06T08:13:51.665+0000] {dagbag.py:545} INFO - Filling up the DagBag from /opt/airflow/dags/fraud_dbt_dag.py
[2026-08-06T08:13:51.688+0000] {processor.py:840} INFO - DAG(s) 'fraud_pipeline_dbt_orchestration' retrieved from /opt/airflow/dags/fraud_dbt_dag.py
[2026-08-06T08:13:51.752+0000] {logging_mixin.py:188} INFO - [2026-08-06T08:13:51.752+0000] {dag.py:3089} INFO - Sync 1 DAGs
[2026-08-06T08:13:51.806+0000] {logging_mixin.py:188} INFO - [2026-08-06T08:13:51.805+0000] {dag.py:3947} INFO - Setting next_dagrun for fraud_pipeline_dbt_orchestration to 2026-08-06 07:45:00+00:00, run_after=2026-08-06 08:00:00+00:00
[2026-08-06T08:13:51.850+0000] {processor.py:183} INFO - Processing /opt/airflow/dags/fraud_dbt_dag.py took 0.207 seconds
[2026-08-06T08:14:22.020+0000] {processor.py:161} INFO - Started process (PID=275) to work on /opt/airflow/dags/fraud_dbt_dag.py
[2026-08-06T08:14:22.026+0000] {processor.py:830} INFO - Processing file /opt/airflow/dags/fraud_dbt_dag.py for tasks to queue
[2026-08-06T08:14:22.034+0000] {logging_mixin.py:188} INFO - [2026-08-06T08:14:22.033+0000] {dagbag.py:545} INFO - Filling up the DagBag from /opt/airflow/dags/fraud_dbt_dag.py
[2026-08-06T08:14:22.095+0000] {processor.py:840} INFO - DAG(s) 'fraud_pipeline_dbt_orchestration' retrieved from /opt/airflow/dags/fraud_dbt_dag.py
[2026-08-06T08:14:22.191+0000] {logging_mixin.py:188} INFO - [2026-08-06T08:14:22.191+0000] {dag.py:3089} INFO - Sync 1 DAGs
[2026-08-06T08:14:22.237+0000] {logging_mixin.py:188} INFO - [2026-08-06T08:14:22.236+0000] {dag.py:3947} INFO - Setting next_dagrun for fraud_pipeline_dbt_orchestration to 2026-08-06 07:45:00+00:00, run_after=2026-08-06 08:00:00+00:00
[2026-08-06T08:14:22.283+0000] {processor.py:183} INFO - Processing /opt/airflow/dags/fraud_dbt_dag.py took 0.281 seconds
[2026-08-06T08:14:52.538+0000] {processor.py:161} INFO - Started process (PID=280) to work on /opt/airflow/dags/fraud_dbt_dag.py
[2026-08-06T08:14:52.541+0000] {processor.py:830} INFO - Processing file /opt/airflow/dags/fraud_dbt_dag.py for tasks to queue
[2026-08-06T08:14:52.546+0000] {logging_mixin.py:188} INFO - [2026-08-06T08:14:52.544+0000] {dagbag.py:545} INFO - Filling up the DagBag from /opt/airflow/dags/fraud_dbt_dag.py
[2026-08-06T08:14:52.602+0000] {processor.py:840} INFO - DAG(s) 'fraud_pipeline_dbt_orchestration' retrieved from /opt/airflow/dags/fraud_dbt_dag.py
[2026-08-06T08:14:52.738+0000] {logging_mixin.py:188} INFO - [2026-08-06T08:14:52.737+0000] {dag.py:3089} INFO - Sync 1 DAGs
[2026-08-06T08:14:52.787+0000] {logging_mixin.py:188} INFO - [2026-08-06T08:14:52.786+0000] {dag.py:3947} INFO - Setting next_dagrun for fraud_pipeline_dbt_orchestration to 2026-08-06 07:45:00+00:00, run_after=2026-08-06 08:00:00+00:00
[2026-08-06T08:14:52.833+0000] {processor.py:183} INFO - Processing /opt/airflow/dags/fraud_dbt_dag.py took 0.322 seconds
[2026-08-06T08:15:23.051+0000] {processor.py:161} INFO - Started process (PID=285) to work on /opt/airflow/dags/fraud_dbt_dag.py
[2026-08-06T08:15:23.060+0000] {processor.py:830} INFO - Processing file /opt/airflow/dags/fraud_dbt_dag.py for tasks to queue
[2026-08-06T08:15:23.066+0000] {logging_mixin.py:188} INFO - [2026-08-06T08:15:23.062+0000] {dagbag.py:545} INFO - Filling up the DagBag from /opt/airflow/dags/fraud_dbt_dag.py
[2026-08-06T08:15:23.092+0000] {processor.py:840} INFO - DAG(s) 'fraud_pipeline_dbt_orchestration' retrieved from /opt/airflow/dags/fraud_dbt_dag.py
[2026-08-06T08:15:23.184+0000] {logging_mixin.py:188} INFO - [2026-08-06T08:15:23.184+0000] {dag.py:3089} INFO - Sync 1 DAGs
[2026-08-06T08:15:23.240+0000] {logging_mixin.py:188} INFO - [2026-08-06T08:15:23.239+0000] {dag.py:3947} INFO - Setting next_dagrun for fraud_pipeline_dbt_orchestration to 2026-08-06 08:00:00+00:00, run_after=2026-08-06 08:15:00+00:00
[2026-08-06T08:15:23.294+0000] {processor.py:183} INFO - Processing /opt/airflow/dags/fraud_dbt_dag.py took 0.256 seconds
[2026-08-06T08:15:53.513+0000] {processor.py:161} INFO - Started process (PID=290) to work on /opt/airflow/dags/fraud_dbt_dag.py
[2026-08-06T08:15:53.515+0000] {processor.py:830} INFO - Processing file /opt/airflow/dags/fraud_dbt_dag.py for tasks to queue
[2026-08-06T08:15:53.517+0000] {logging_mixin.py:188} INFO - [2026-08-06T08:15:53.517+0000] {dagbag.py:545} INFO - Filling up the DagBag from /opt/airflow/dags/fraud_dbt_dag.py
[2026-08-06T08:15:53.533+0000] {processor.py:840} INFO - DAG(s) 'fraud_pipeline_dbt_orchestration' retrieved from /opt/airflow/dags/fraud_dbt_dag.py
[2026-08-06T08:15:53.591+0000] {logging_mixin.py:188} INFO - [2026-08-06T08:15:53.590+0000] {dag.py:3089} INFO - Sync 1 DAGs
[2026-08-06T08:15:53.643+0000] {logging_mixin.py:188} INFO - [2026-08-06T08:15:53.642+0000] {dag.py:3947} INFO - Setting next_dagrun for fraud_pipeline_dbt_orchestration to 2026-08-06 08:00:00+00:00, run_after=2026-08-06 08:15:00+00:00
[2026-08-06T08:15:53.687+0000] {processor.py:183} INFO - Processing /opt/airflow/dags/fraud_dbt_dag.py took 0.185 seconds
[2026-08-06T08:16:23.929+0000] {processor.py:161} INFO - Started process (PID=295) to work on /opt/airflow/dags/fraud_dbt_dag.py
[2026-08-06T08:16:23.937+0000] {processor.py:830} INFO - Processing file /opt/airflow/dags/fraud_dbt_dag.py for tasks to queue
[2026-08-06T08:16:23.941+0000] {logging_mixin.py:188} INFO - [2026-08-06T08:16:23.940+0000] {dagbag.py:545} INFO - Filling up the DagBag from /opt/airflow/dags/fraud_dbt_dag.py
[2026-08-06T08:16:23.966+0000] {processor.py:840} INFO - DAG(s) 'fraud_pipeline_dbt_orchestration' retrieved from /opt/airflow/dags/fraud_dbt_dag.py
[2026-08-06T08:16:24.023+0000] {logging_mixin.py:188} INFO - [2026-08-06T08:16:24.022+0000] {dag.py:3089} INFO - Sync 1 DAGs
[2026-08-06T08:16:24.060+0000] {logging_mixin.py:188} INFO - [2026-08-06T08:16:24.060+0000] {dag.py:3947} INFO - Setting next_dagrun for fraud_pipeline_dbt_orchestration to 2026-08-06 08:00:00+00:00, run_after=2026-08-06 08:15:00+00:00
[2026-08-06T08:16:24.113+0000] {processor.py:183} INFO - Processing /opt/airflow/dags/fraud_dbt_dag.py took 0.205 seconds
[2026-08-06T08:16:54.367+0000] {processor.py:161} INFO - Started process (PID=300) to work on /opt/airflow/dags/fraud_dbt_dag.py
[2026-08-06T08:16:54.369+0000] {processor.py:830} INFO - Processing file /opt/airflow/dags/fraud_dbt_dag.py for tasks to queue
[2026-08-06T08:16:54.374+0000] {logging_mixin.py:188} INFO - [2026-08-06T08:16:54.373+0000] {dagbag.py:545} INFO - Filling up the DagBag from /opt/airflow/dags/fraud_dbt_dag.py
[2026-08-06T08:16:54.398+0000] {processor.py:840} INFO - DAG(s) 'fraud_pipeline_dbt_orchestration' retrieved from /opt/airflow/dags/fraud_dbt_dag.py
[2026-08-06T08:16:54.452+0000] {logging_mixin.py:188} INFO - [2026-08-06T08:16:54.452+0000] {dag.py:3089} INFO - Sync 1 DAGs
[2026-08-06T08:16:54.503+0000] {logging_mixin.py:188} INFO - [2026-08-06T08:16:54.502+0000] {dag.py:3947} INFO - Setting next_dagrun for fraud_pipeline_dbt_orchestration to 2026-08-06 08:00:00+00:00, run_after=2026-08-06 08:15:00+00:00
[2026-08-06T08:16:54.565+0000] {processor.py:183} INFO - Processing /opt/airflow/dags/fraud_dbt_dag.py took 0.215 seconds
[2026-08-06T08:17:24.816+0000] {processor.py:161} INFO - Started process (PID=305) to work on /opt/airflow/dags/fraud_dbt_dag.py
[2026-08-06T08:17:24.824+0000] {processor.py:830} INFO - Processing file /opt/airflow/dags/fraud_dbt_dag.py for tasks to queue
[2026-08-06T08:17:24.839+0000] {logging_mixin.py:188} INFO - [2026-08-06T08:17:24.828+0000] {dagbag.py:545} INFO - Filling up the DagBag from /opt/airflow/dags/fraud_dbt_dag.py
[2026-08-06T08:17:24.894+0000] {processor.py:840} INFO - DAG(s) 'fraud_pipeline_dbt_orchestration' retrieved from /opt/airflow/dags/fraud_dbt_dag.py
[2026-08-06T08:17:24.952+0000] {logging_mixin.py:188} INFO - [2026-08-06T08:17:24.952+0000] {dag.py:3089} INFO - Sync 1 DAGs
[2026-08-06T08:17:25.010+0000] {logging_mixin.py:188} INFO - [2026-08-06T08:17:25.009+0000] {dag.py:3947} INFO - Setting next_dagrun for fraud_pipeline_dbt_orchestration to 2026-08-06 08:00:00+00:00, run_after=2026-08-06 08:15:00+00:00
[2026-08-06T08:17:25.079+0000] {processor.py:183} INFO - Processing /opt/airflow/dags/fraud_dbt_dag.py took 0.279 seconds
[2026-08-06T08:17:55.326+0000] {processor.py:161} INFO - Started process (PID=310) to work on /opt/airflow/dags/fraud_dbt_dag.py
[2026-08-06T08:17:55.327+0000] {processor.py:830} INFO - Processing file /opt/airflow/dags/fraud_dbt_dag.py for tasks to queue
[2026-08-06T08:17:55.330+0000] {logging_mixin.py:188} INFO - [2026-08-06T08:17:55.329+0000] {dagbag.py:545} INFO - Filling up the DagBag from /opt/airflow/dags/fraud_dbt_dag.py
[2026-08-06T08:17:55.358+0000] {processor.py:840} INFO - DAG(s) 'fraud_pipeline_dbt_orchestration' retrieved from /opt/airflow/dags/fraud_dbt_dag.py
[2026-08-06T08:17:55.410+0000] {logging_mixin.py:188} INFO - [2026-08-06T08:17:55.409+0000] {dag.py:3089} INFO - Sync 1 DAGs
[2026-08-06T08:17:55.449+0000] {logging_mixin.py:188} INFO - [2026-08-06T08:17:55.448+0000] {dag.py:3947} INFO - Setting next_dagrun for fraud_pipeline_dbt_orchestration to 2026-08-06 08:00:00+00:00, run_after=2026-08-06 08:15:00+00:00
[2026-08-06T08:17:55.493+0000] {processor.py:183} INFO - Processing /opt/airflow/dags/fraud_dbt_dag.py took 0.183 seconds
[2026-08-06T08:18:25.724+0000] {processor.py:161} INFO - Started process (PID=315) to work on /opt/airflow/dags/fraud_dbt_dag.py
[2026-08-06T08:18:25.726+0000] {processor.py:830} INFO - Processing file /opt/airflow/dags/fraud_dbt_dag.py for tasks to queue
[2026-08-06T08:18:25.730+0000] {logging_mixin.py:188} INFO - [2026-08-06T08:18:25.729+0000] {dagbag.py:545} INFO - Filling up the DagBag from /opt/airflow/dags/fraud_dbt_dag.py
[2026-08-06T08:18:25.750+0000] {processor.py:840} INFO - DAG(s) 'fraud_pipeline_dbt_orchestration' retrieved from /opt/airflow/dags/fraud_dbt_dag.py
[2026-08-06T08:18:25.810+0000] {logging_mixin.py:188} INFO - [2026-08-06T08:18:25.810+0000] {dag.py:3089} INFO - Sync 1 DAGs
[2026-08-06T08:18:25.845+0000] {logging_mixin.py:188} INFO - [2026-08-06T08:18:25.845+0000] {dag.py:3947} INFO - Setting next_dagrun for fraud_pipeline_dbt_orchestration to 2026-08-06 08:00:00+00:00, run_after=2026-08-06 08:15:00+00:00
[2026-08-06T08:18:25.881+0000] {processor.py:183} INFO - Processing /opt/airflow/dags/fraud_dbt_dag.py took 0.173 seconds
[2026-08-06T08:18:56.118+0000] {processor.py:161} INFO - Started process (PID=320) to work on /opt/airflow/dags/fraud_dbt_dag.py
[2026-08-06T08:18:56.120+0000] {processor.py:830} INFO - Processing file /opt/airflow/dags/fraud_dbt_dag.py for tasks to queue
[2026-08-06T08:18:56.123+0000] {logging_mixin.py:188} INFO - [2026-08-06T08:18:56.122+0000] {dagbag.py:545} INFO - Filling up the DagBag from /opt/airflow/dags/fraud_dbt_dag.py
[2026-08-06T08:18:56.146+0000] {processor.py:840} INFO - DAG(s) 'fraud_pipeline_dbt_orchestration' retrieved from /opt/airflow/dags/fraud_dbt_dag.py
[2026-08-06T08:18:56.221+0000] {logging_mixin.py:188} INFO - [2026-08-06T08:18:56.221+0000] {dag.py:3089} INFO - Sync 1 DAGs
[2026-08-06T08:18:56.270+0000] {logging_mixin.py:188} INFO - [2026-08-06T08:18:56.270+0000] {dag.py:3947} INFO - Setting next_dagrun for fraud_pipeline_dbt_orchestration to 2026-08-06 08:00:00+00:00, run_after=2026-08-06 08:15:00+00:00
[2026-08-06T08:18:56.320+0000] {processor.py:183} INFO - Processing /opt/airflow/dags/fraud_dbt_dag.py took 0.216 seconds
[2026-08-06T08:19:26.576+0000] {processor.py:161} INFO - Started process (PID=325) to work on /opt/airflow/dags/fraud_dbt_dag.py
[2026-08-06T08:19:26.588+0000] {processor.py:830} INFO - Processing file /opt/airflow/dags/fraud_dbt_dag.py for tasks to queue
[2026-08-06T08:19:26.592+0000] {logging_mixin.py:188} INFO - [2026-08-06T08:19:26.591+0000] {dagbag.py:545} INFO - Filling up the DagBag from /opt/airflow/dags/fraud_dbt_dag.py
[2026-08-06T08:19:26.630+0000] {processor.py:840} INFO - DAG(s) 'fraud_pipeline_dbt_orchestration' retrieved from /opt/airflow/dags/fraud_dbt_dag.py
[2026-08-06T08:19:26.707+0000] {logging_mixin.py:188} INFO - [2026-08-06T08:19:26.706+0000] {dag.py:3089} INFO - Sync 1 DAGs
[2026-08-06T08:19:26.754+0000] {logging_mixin.py:188} INFO - [2026-08-06T08:19:26.754+0000] {dag.py:3947} INFO - Setting next_dagrun for fraud_pipeline_dbt_orchestration to 2026-08-06 08:00:00+00:00, run_after=2026-08-06 08:15:00+00:00
[2026-08-06T08:19:26.794+0000] {processor.py:183} INFO - Processing /opt/airflow/dags/fraud_dbt_dag.py took 0.235 seconds
[2026-08-06T08:19:57.049+0000] {processor.py:161} INFO - Started process (PID=330) to work on /opt/airflow/dags/fraud_dbt_dag.py
[2026-08-06T08:19:57.050+0000] {processor.py:830} INFO - Processing file /opt/airflow/dags/fraud_dbt_dag.py for tasks to queue
[2026-08-06T08:19:57.063+0000] {logging_mixin.py:188} INFO - [2026-08-06T08:19:57.060+0000] {dagbag.py:545} INFO - Filling up the DagBag from /opt/airflow/dags/fraud_dbt_dag.py
[2026-08-06T08:19:57.091+0000] {processor.py:840} INFO - DAG(s) 'fraud_pipeline_dbt_orchestration' retrieved from /opt/airflow/dags/fraud_dbt_dag.py
[2026-08-06T08:19:57.171+0000] {logging_mixin.py:188} INFO - [2026-08-06T08:19:57.170+0000] {dag.py:3089} INFO - Sync 1 DAGs
[2026-08-06T08:19:57.216+0000] {logging_mixin.py:188} INFO - [2026-08-06T08:19:57.216+0000] {dag.py:3947} INFO - Setting next_dagrun for fraud_pipeline_dbt_orchestration to 2026-08-06 08:00:00+00:00, run_after=2026-08-06 08:15:00+00:00
[2026-08-06T08:19:57.253+0000] {processor.py:183} INFO - Processing /opt/airflow/dags/fraud_dbt_dag.py took 0.226 seconds
[2026-08-06T08:20:27.484+0000] {processor.py:161} INFO - Started process (PID=335) to work on /opt/airflow/dags/fraud_dbt_dag.py
[2026-08-06T08:20:27.495+0000] {processor.py:830} INFO - Processing file /opt/airflow/dags/fraud_dbt_dag.py for tasks to queue
[2026-08-06T08:20:27.499+0000] {logging_mixin.py:188} INFO - [2026-08-06T08:20:27.498+0000] {dagbag.py:545} INFO - Filling up the DagBag from /opt/airflow/dags/fraud_dbt_dag.py
[2026-08-06T08:20:27.524+0000] {processor.py:840} INFO - DAG(s) 'fraud_pipeline_dbt_orchestration' retrieved from /opt/airflow/dags/fraud_dbt_dag.py
[2026-08-06T08:20:27.595+0000] {logging_mixin.py:188} INFO - [2026-08-06T08:20:27.594+0000] {dag.py:3089} INFO - Sync 1 DAGs
[2026-08-06T08:20:27.659+0000] {logging_mixin.py:188} INFO - [2026-08-06T08:20:27.659+0000] {dag.py:3947} INFO - Setting next_dagrun for fraud_pipeline_dbt_orchestration to 2026-08-06 08:00:00+00:00, run_after=2026-08-06 08:15:00+00:00
[2026-08-06T08:20:27.731+0000] {processor.py:183} INFO - Processing /opt/airflow/dags/fraud_dbt_dag.py took 0.259 seconds
[2026-08-06T08:20:57.987+0000] {processor.py:161} INFO - Started process (PID=340) to work on /opt/airflow/dags/fraud_dbt_dag.py
[2026-08-06T08:20:57.988+0000] {processor.py:830} INFO - Processing file /opt/airflow/dags/fraud_dbt_dag.py for tasks to queue
[2026-08-06T08:20:57.990+0000] {logging_mixin.py:188} INFO - [2026-08-06T08:20:57.990+0000] {dagbag.py:545} INFO - Filling up the DagBag from /opt/airflow/dags/fraud_dbt_dag.py
[2026-08-06T08:20:58.019+0000] {processor.py:840} INFO - DAG(s) 'fraud_pipeline_dbt_orchestration' retrieved from /opt/airflow/dags/fraud_dbt_dag.py
[2026-08-06T08:20:58.075+0000] {logging_mixin.py:188} INFO - [2026-08-06T08:20:58.075+0000] {dag.py:3089} INFO - Sync 1 DAGs
[2026-08-06T08:20:58.119+0000] {logging_mixin.py:188} INFO - [2026-08-06T08:20:58.119+0000] {dag.py:3947} INFO - Setting next_dagrun for fraud_pipeline_dbt_orchestration to 2026-08-06 08:00:00+00:00, run_after=2026-08-06 08:15:00+00:00
[2026-08-06T08:20:58.179+0000] {processor.py:183} INFO - Processing /opt/airflow/dags/fraud_dbt_dag.py took 0.207 seconds
[2026-08-06T08:21:28.440+0000] {processor.py:161} INFO - Started process (PID=345) to work on /opt/airflow/dags/fraud_dbt_dag.py
[2026-08-06T08:21:28.450+0000] {processor.py:830} INFO - Processing file /opt/airflow/dags/fraud_dbt_dag.py for tasks to queue
[2026-08-06T08:21:28.453+0000] {logging_mixin.py:188} INFO - [2026-08-06T08:21:28.452+0000] {dagbag.py:545} INFO - Filling up the DagBag from /opt/airflow/dags/fraud_dbt_dag.py
[2026-08-06T08:21:28.473+0000] {processor.py:840} INFO - DAG(s) 'fraud_pipeline_dbt_orchestration' retrieved from /opt/airflow/dags/fraud_dbt_dag.py
[2026-08-06T08:21:28.535+0000] {logging_mixin.py:188} INFO - [2026-08-06T08:21:28.534+0000] {dag.py:3089} INFO - Sync 1 DAGs
[2026-08-06T08:21:28.577+0000] {logging_mixin.py:188} INFO - [2026-08-06T08:21:28.577+0000] {dag.py:3947} INFO - Setting next_dagrun for fraud_pipeline_dbt_orchestration to 2026-08-06 08:00:00+00:00, run_after=2026-08-06 08:15:00+00:00
[2026-08-06T08:21:28.631+0000] {processor.py:183} INFO - Processing /opt/airflow/dags/fraud_dbt_dag.py took 0.205 seconds
[2026-08-06T08:21:58.877+0000] {processor.py:161} INFO - Started process (PID=350) to work on /opt/airflow/dags/fraud_dbt_dag.py
[2026-08-06T08:21:58.880+0000] {processor.py:830} INFO - Processing file /opt/airflow/dags/fraud_dbt_dag.py for tasks to queue
[2026-08-06T08:21:58.884+0000] {logging_mixin.py:188} INFO - [2026-08-06T08:21:58.884+0000] {dagbag.py:545} INFO - Filling up the DagBag from /opt/airflow/dags/fraud_dbt_dag.py
[2026-08-06T08:21:58.910+0000] {processor.py:840} INFO - DAG(s) 'fraud_pipeline_dbt_orchestration' retrieved from /opt/airflow/dags/fraud_dbt_dag.py
[2026-08-06T08:21:58.977+0000] {logging_mixin.py:188} INFO - [2026-08-06T08:21:58.976+0000] {dag.py:3089} INFO - Sync 1 DAGs
[2026-08-06T08:21:59.031+0000] {logging_mixin.py:188} INFO - [2026-08-06T08:21:59.030+0000] {dag.py:3947} INFO - Setting next_dagrun for fraud_pipeline_dbt_orchestration to 2026-08-06 08:00:00+00:00, run_after=2026-08-06 08:15:00+00:00
[2026-08-06T08:21:59.100+0000] {processor.py:183} INFO - Processing /opt/airflow/dags/fraud_dbt_dag.py took 0.237 seconds
[2026-08-06T08:22:29.346+0000] {processor.py:161} INFO - Started process (PID=355) to work on /opt/airflow/dags/fraud_dbt_dag.py
[2026-08-06T08:22:29.356+0000] {processor.py:830} INFO - Processing file /opt/airflow/dags/fraud_dbt_dag.py for tasks to queue
[2026-08-06T08:22:29.361+0000] {logging_mixin.py:188} INFO - [2026-08-06T08:22:29.360+0000] {dagbag.py:545} INFO - Filling up the DagBag from /opt/airflow/dags/fraud_dbt_dag.py
[2026-08-06T08:22:29.411+0000] {processor.py:840} INFO - DAG(s) 'fraud_pipeline_dbt_orchestration' retrieved from /opt/airflow/dags/fraud_dbt_dag.py
[2026-08-06T08:22:29.500+0000] {logging_mixin.py:188} INFO - [2026-08-06T08:22:29.499+0000] {dag.py:3089} INFO - Sync 1 DAGs
[2026-08-06T08:22:29.554+0000] {logging_mixin.py:188} INFO - [2026-08-06T08:22:29.553+0000] {dag.py:3947} INFO - Setting next_dagrun for fraud_pipeline_dbt_orchestration to 2026-08-06 08:00:00+00:00, run_after=2026-08-06 08:15:00+00:00
[2026-08-06T08:22:29.611+0000] {processor.py:183} INFO - Processing /opt/airflow/dags/fraud_dbt_dag.py took 0.284 seconds
[2026-08-06T08:22:59.850+0000] {processor.py:161} INFO - Started process (PID=360) to work on /opt/airflow/dags/fraud_dbt_dag.py
[2026-08-06T08:22:59.854+0000] {processor.py:830} INFO - Processing file /opt/airflow/dags/fraud_dbt_dag.py for tasks to queue
[2026-08-06T08:22:59.859+0000] {logging_mixin.py:188} INFO - [2026-08-06T08:22:59.858+0000] {dagbag.py:545} INFO - Filling up the DagBag from /opt/airflow/dags/fraud_dbt_dag.py
[2026-08-06T08:22:59.885+0000] {processor.py:840} INFO - DAG(s) 'fraud_pipeline_dbt_orchestration' retrieved from /opt/airflow/dags/fraud_dbt_dag.py
[2026-08-06T08:22:59.958+0000] {logging_mixin.py:188} INFO - [2026-08-06T08:22:59.957+0000] {dag.py:3089} INFO - Sync 1 DAGs
[2026-08-06T08:23:00.008+0000] {logging_mixin.py:188} INFO - [2026-08-06T08:23:00.007+0000] {dag.py:3947} INFO - Setting next_dagrun for fraud_pipeline_dbt_orchestration to 2026-08-06 08:00:00+00:00, run_after=2026-08-06 08:15:00+00:00
[2026-08-06T08:23:00.078+0000] {processor.py:183} INFO - Processing /opt/airflow/dags/fraud_dbt_dag.py took 0.244 seconds
[2026-08-06T08:23:30.339+0000] {processor.py:161} INFO - Started process (PID=365) to work on /opt/airflow/dags/fraud_dbt_dag.py
[2026-08-06T08:23:30.348+0000] {processor.py:830} INFO - Processing file /opt/airflow/dags/fraud_dbt_dag.py for tasks to queue
[2026-08-06T08:23:30.351+0000] {logging_mixin.py:188} INFO - [2026-08-06T08:23:30.351+0000] {dagbag.py:545} INFO - Filling up the DagBag from /opt/airflow/dags/fraud_dbt_dag.py
[2026-08-06T08:23:30.373+0000] {processor.py:840} INFO - DAG(s) 'fraud_pipeline_dbt_orchestration' retrieved from /opt/airflow/dags/fraud_dbt_dag.py
[2026-08-06T08:23:30.436+0000] {logging_mixin.py:188} INFO - [2026-08-06T08:23:30.435+0000] {dag.py:3089} INFO - Sync 1 DAGs
[2026-08-06T08:23:30.483+0000] {logging_mixin.py:188} INFO - [2026-08-06T08:23:30.482+0000] {dag.py:3947} INFO - Setting next_dagrun for fraud_pipeline_dbt_orchestration to 2026-08-06 08:00:00+00:00, run_after=2026-08-06 08:15:00+00:00
[2026-08-06T08:23:30.529+0000] {processor.py:183} INFO - Processing /opt/airflow/dags/fraud_dbt_dag.py took 0.209 seconds
[2026-08-06T08:24:00.772+0000] {processor.py:161} INFO - Started process (PID=370) to work on /opt/airflow/dags/fraud_dbt_dag.py
[2026-08-06T08:24:00.774+0000] {processor.py:830} INFO - Processing file /opt/airflow/dags/fraud_dbt_dag.py for tasks to queue
[2026-08-06T08:24:00.782+0000] {logging_mixin.py:188} INFO - [2026-08-06T08:24:00.781+0000] {dagbag.py:545} INFO - Filling up the DagBag from /opt/airflow/dags/fraud_dbt_dag.py
[2026-08-06T08:24:00.806+0000] {processor.py:840} INFO - DAG(s) 'fraud_pipeline_dbt_orchestration' retrieved from /opt/airflow/dags/fraud_dbt_dag.py
[2026-08-06T08:24:00.876+0000] {logging_mixin.py:188} INFO - [2026-08-06T08:24:00.876+0000] {dag.py:3089} INFO - Sync 1 DAGs
[2026-08-06T08:24:00.925+0000] {logging_mixin.py:188} INFO - [2026-08-06T08:24:00.924+0000] {dag.py:3947} INFO - Setting next_dagrun for fraud_pipeline_dbt_orchestration to 2026-08-06 08:00:00+00:00, run_after=2026-08-06 08:15:00+00:00
[2026-08-06T08:24:01.056+0000] {processor.py:183} INFO - Processing /opt/airflow/dags/fraud_dbt_dag.py took 0.301 seconds
[2026-08-06T08:24:31.310+0000] {processor.py:161} INFO - Started process (PID=375) to work on /opt/airflow/dags/fraud_dbt_dag.py
[2026-08-06T08:24:31.319+0000] {processor.py:830} INFO - Processing file /opt/airflow/dags/fraud_dbt_dag.py for tasks to queue
[2026-08-06T08:24:31.324+0000] {logging_mixin.py:188} INFO - [2026-08-06T08:24:31.323+0000] {dagbag.py:545} INFO - Filling up the DagBag from /opt/airflow/dags/fraud_dbt_dag.py
[2026-08-06T08:24:31.348+0000] {processor.py:840} INFO - DAG(s) 'fraud_pipeline_dbt_orchestration' retrieved from /opt/airflow/dags/fraud_dbt_dag.py
[2026-08-06T08:24:31.423+0000] {logging_mixin.py:188} INFO - [2026-08-06T08:24:31.423+0000] {dag.py:3089} INFO - Sync 1 DAGs
[2026-08-06T08:24:31.463+0000] {logging_mixin.py:188} INFO - [2026-08-06T08:24:31.463+0000] {dag.py:3947} INFO - Setting next_dagrun for fraud_pipeline_dbt_orchestration to 2026-08-06 08:00:00+00:00, run_after=2026-08-06 08:15:00+00:00
[2026-08-06T08:24:31.514+0000] {processor.py:183} INFO - Processing /opt/airflow/dags/fraud_dbt_dag.py took 0.221 seconds
[2026-08-06T08:25:01.768+0000] {processor.py:161} INFO - Started process (PID=380) to work on /opt/airflow/dags/fraud_dbt_dag.py
[2026-08-06T08:25:01.770+0000] {processor.py:830} INFO - Processing file /opt/airflow/dags/fraud_dbt_dag.py for tasks to queue
[2026-08-06T08:25:01.774+0000] {logging_mixin.py:188} INFO - [2026-08-06T08:25:01.773+0000] {dagbag.py:545} INFO - Filling up the DagBag from /opt/airflow/dags/fraud_dbt_dag.py
[2026-08-06T08:25:01.796+0000] {processor.py:840} INFO - DAG(s) 'fraud_pipeline_dbt_orchestration' retrieved from /opt/airflow/dags/fraud_dbt_dag.py
[2026-08-06T08:25:01.862+0000] {logging_mixin.py:188} INFO - [2026-08-06T08:25:01.861+0000] {dag.py:3089} INFO - Sync 1 DAGs
[2026-08-06T08:25:01.902+0000] {logging_mixin.py:188} INFO - [2026-08-06T08:25:01.901+0000] {dag.py:3947} INFO - Setting next_dagrun for fraud_pipeline_dbt_orchestration to 2026-08-06 08:00:00+00:00, run_after=2026-08-06 08:15:00+00:00
[2026-08-06T08:25:01.953+0000] {processor.py:183} INFO - Processing /opt/airflow/dags/fraud_dbt_dag.py took 0.200 seconds
[2026-08-06T08:25:32.184+0000] {processor.py:161} INFO - Started process (PID=385) to work on /opt/airflow/dags/fraud_dbt_dag.py
[2026-08-06T08:25:32.193+0000] {processor.py:830} INFO - Processing file /opt/airflow/dags/fraud_dbt_dag.py for tasks to queue
[2026-08-06T08:25:32.198+0000] {logging_mixin.py:188} INFO - [2026-08-06T08:25:32.197+0000] {dagbag.py:545} INFO - Filling up the DagBag from /opt/airflow/dags/fraud_dbt_dag.py
[2026-08-06T08:25:32.220+0000] {processor.py:840} INFO - DAG(s) 'fraud_pipeline_dbt_orchestration' retrieved from /opt/airflow/dags/fraud_dbt_dag.py
[2026-08-06T08:25:32.302+0000] {logging_mixin.py:188} INFO - [2026-08-06T08:25:32.302+0000] {dag.py:3089} INFO - Sync 1 DAGs
[2026-08-06T08:25:32.369+0000] {logging_mixin.py:188} INFO - [2026-08-06T08:25:32.368+0000] {dag.py:3947} INFO - Setting next_dagrun for fraud_pipeline_dbt_orchestration to 2026-08-06 08:00:00+00:00, run_after=2026-08-06 08:15:00+00:00
[2026-08-06T08:25:32.424+0000] {processor.py:183} INFO - Processing /opt/airflow/dags/fraud_dbt_dag.py took 0.253 seconds
[2026-08-06T08:26:02.766+0000] {processor.py:161} INFO - Started process (PID=395) to work on /opt/airflow/dags/fraud_dbt_dag.py
[2026-08-06T08:26:02.769+0000] {processor.py:830} INFO - Processing file /opt/airflow/dags/fraud_dbt_dag.py for tasks to queue
[2026-08-06T08:26:02.775+0000] {logging_mixin.py:188} INFO - [2026-08-06T08:26:02.773+0000] {dagbag.py:545} INFO - Filling up the DagBag from /opt/airflow/dags/fraud_dbt_dag.py
[2026-08-06T08:26:02.799+0000] {processor.py:840} INFO - DAG(s) 'fraud_pipeline_dbt_orchestration' retrieved from /opt/airflow/dags/fraud_dbt_dag.py
[2026-08-06T08:26:02.857+0000] {logging_mixin.py:188} INFO - [2026-08-06T08:26:02.857+0000] {dag.py:3089} INFO - Sync 1 DAGs
[2026-08-06T08:26:03.003+0000] {processor.py:183} INFO - Processing /opt/airflow/dags/fraud_dbt_dag.py took 0.271 seconds
[2026-08-06T08:26:33.270+0000] {processor.py:161} INFO - Started process (PID=400) to work on /opt/airflow/dags/fraud_dbt_dag.py
[2026-08-06T08:26:33.274+0000] {processor.py:830} INFO - Processing file /opt/airflow/dags/fraud_dbt_dag.py for tasks to queue
[2026-08-06T08:26:33.278+0000] {logging_mixin.py:188} INFO - [2026-08-06T08:26:33.277+0000] {dagbag.py:545} INFO - Filling up the DagBag from /opt/airflow/dags/fraud_dbt_dag.py
[2026-08-06T08:26:33.302+0000] {processor.py:840} INFO - DAG(s) 'fraud_pipeline_dbt_orchestration' retrieved from /opt/airflow/dags/fraud_dbt_dag.py
[2026-08-06T08:26:33.357+0000] {logging_mixin.py:188} INFO - [2026-08-06T08:26:33.357+0000] {dag.py:3089} INFO - Sync 1 DAGs
[2026-08-06T08:26:33.425+0000] {processor.py:183} INFO - Processing /opt/airflow/dags/fraud_dbt_dag.py took 0.169 seconds
[2026-08-06T08:27:03.694+0000] {processor.py:161} INFO - Started process (PID=405) to work on /opt/airflow/dags/fraud_dbt_dag.py
[2026-08-06T08:27:03.696+0000] {processor.py:830} INFO - Processing file /opt/airflow/dags/fraud_dbt_dag.py for tasks to queue
[2026-08-06T08:27:03.699+0000] {logging_mixin.py:188} INFO - [2026-08-06T08:27:03.699+0000] {dagbag.py:545} INFO - Filling up the DagBag from /opt/airflow/dags/fraud_dbt_dag.py
[2026-08-06T08:27:03.726+0000] {processor.py:840} INFO - DAG(s) 'fraud_pipeline_dbt_orchestration' retrieved from /opt/airflow/dags/fraud_dbt_dag.py
[2026-08-06T08:27:03.806+0000] {logging_mixin.py:188} INFO - [2026-08-06T08:27:03.805+0000] {dag.py:3089} INFO - Sync 1 DAGs
[2026-08-06T08:27:03.924+0000] {processor.py:183} INFO - Processing /opt/airflow/dags/fraud_dbt_dag.py took 0.246 seconds
[2026-08-06T08:27:34.182+0000] {processor.py:161} INFO - Started process (PID=410) to work on /opt/airflow/dags/fraud_dbt_dag.py
[2026-08-06T08:27:34.191+0000] {processor.py:830} INFO - Processing file /opt/airflow/dags/fraud_dbt_dag.py for tasks to queue
[2026-08-06T08:27:34.197+0000] {logging_mixin.py:188} INFO - [2026-08-06T08:27:34.196+0000] {dagbag.py:545} INFO - Filling up the DagBag from /opt/airflow/dags/fraud_dbt_dag.py
[2026-08-06T08:27:34.228+0000] {processor.py:840} INFO - DAG(s) 'fraud_pipeline_dbt_orchestration' retrieved from /opt/airflow/dags/fraud_dbt_dag.py
[2026-08-06T08:27:34.330+0000] {logging_mixin.py:188} INFO - [2026-08-06T08:27:34.330+0000] {dag.py:3089} INFO - Sync 1 DAGs
[2026-08-06T08:27:34.446+0000] {processor.py:183} INFO - Processing /opt/airflow/dags/fraud_dbt_dag.py took 0.280 seconds
[2026-08-06T08:28:04.706+0000] {processor.py:161} INFO - Started process (PID=418) to work on /opt/airflow/dags/fraud_dbt_dag.py
[2026-08-06T08:28:04.708+0000] {processor.py:830} INFO - Processing file /opt/airflow/dags/fraud_dbt_dag.py for tasks to queue
[2026-08-06T08:28:04.711+0000] {logging_mixin.py:188} INFO - [2026-08-06T08:28:04.711+0000] {dagbag.py:545} INFO - Filling up the DagBag from /opt/airflow/dags/fraud_dbt_dag.py
[2026-08-06T08:28:04.737+0000] {processor.py:840} INFO - DAG(s) 'fraud_pipeline_dbt_orchestration' retrieved from /opt/airflow/dags/fraud_dbt_dag.py
[2026-08-06T08:28:04.844+0000] {logging_mixin.py:188} INFO - [2026-08-06T08:28:04.843+0000] {dag.py:3089} INFO - Sync 1 DAGs
[2026-08-06T08:28:04.927+0000] {processor.py:183} INFO - Processing /opt/airflow/dags/fraud_dbt_dag.py took 0.235 seconds
[2026-08-06T08:28:35.176+0000] {processor.py:161} INFO - Started process (PID=423) to work on /opt/airflow/dags/fraud_dbt_dag.py
[2026-08-06T08:28:35.184+0000] {processor.py:830} INFO - Processing file /opt/airflow/dags/fraud_dbt_dag.py for tasks to queue
[2026-08-06T08:28:35.187+0000] {logging_mixin.py:188} INFO - [2026-08-06T08:28:35.186+0000] {dagbag.py:545} INFO - Filling up the DagBag from /opt/airflow/dags/fraud_dbt_dag.py
[2026-08-06T08:28:35.198+0000] {processor.py:840} INFO - DAG(s) 'fraud_pipeline_dbt_orchestration' retrieved from /opt/airflow/dags/fraud_dbt_dag.py
[2026-08-06T08:28:35.230+0000] {logging_mixin.py:188} INFO - [2026-08-06T08:28:35.230+0000] {dag.py:3089} INFO - Sync 1 DAGs
[2026-08-06T08:28:35.275+0000] {processor.py:183} INFO - Processing /opt/airflow/dags/fraud_dbt_dag.py took 0.115 seconds
[2026-08-06T08:29:05.419+0000] {processor.py:161} INFO - Started process (PID=428) to work on /opt/airflow/dags/fraud_dbt_dag.py
[2026-08-06T08:29:05.420+0000] {processor.py:830} INFO - Processing file /opt/airflow/dags/fraud_dbt_dag.py for tasks to queue
[2026-08-06T08:29:05.423+0000] {logging_mixin.py:188} INFO - [2026-08-06T08:29:05.422+0000] {dagbag.py:545} INFO - Filling up the DagBag from /opt/airflow/dags/fraud_dbt_dag.py
[2026-08-06T08:29:05.448+0000] {processor.py:840} INFO - DAG(s) 'fraud_pipeline_dbt_orchestration' retrieved from /opt/airflow/dags/fraud_dbt_dag.py
[2026-08-06T08:29:05.516+0000] {logging_mixin.py:188} INFO - [2026-08-06T08:29:05.516+0000] {dag.py:3089} INFO - Sync 1 DAGs
[2026-08-06T08:29:05.618+0000] {processor.py:183} INFO - Processing /opt/airflow/dags/fraud_dbt_dag.py took 0.210 seconds
[2026-08-06T08:29:35.739+0000] {processor.py:161} INFO - Started process (PID=433) to work on /opt/airflow/dags/fraud_dbt_dag.py
[2026-08-06T08:29:35.746+0000] {processor.py:830} INFO - Processing file /opt/airflow/dags/fraud_dbt_dag.py for tasks to queue
[2026-08-06T08:29:35.748+0000] {logging_mixin.py:188} INFO - [2026-08-06T08:29:35.748+0000] {dagbag.py:545} INFO - Filling up the DagBag from /opt/airflow/dags/fraud_dbt_dag.py
[2026-08-06T08:29:35.756+0000] {processor.py:840} INFO - DAG(s) 'fraud_pipeline_dbt_orchestration' retrieved from /opt/airflow/dags/fraud_dbt_dag.py
[2026-08-06T08:29:35.813+0000] {logging_mixin.py:188} INFO - [2026-08-06T08:29:35.813+0000] {dag.py:3089} INFO - Sync 1 DAGs
[2026-08-06T08:29:35.850+0000] {processor.py:183} INFO - Processing /opt/airflow/dags/fraud_dbt_dag.py took 0.115 seconds
[2026-08-06T08:30:06.120+0000] {processor.py:161} INFO - Started process (PID=446) to work on /opt/airflow/dags/fraud_dbt_dag.py
[2026-08-06T08:30:06.129+0000] {processor.py:830} INFO - Processing file /opt/airflow/dags/fraud_dbt_dag.py for tasks to queue
[2026-08-06T08:30:06.134+0000] {logging_mixin.py:188} INFO - [2026-08-06T08:30:06.133+0000] {dagbag.py:545} INFO - Filling up the DagBag from /opt/airflow/dags/fraud_dbt_dag.py
[2026-08-06T08:30:06.157+0000] {processor.py:840} INFO - DAG(s) 'fraud_pipeline_dbt_orchestration' retrieved from /opt/airflow/dags/fraud_dbt_dag.py
[2026-08-06T08:30:06.235+0000] {logging_mixin.py:188} INFO - [2026-08-06T08:30:06.234+0000] {dag.py:3089} INFO - Sync 1 DAGs
[2026-08-06T08:30:06.335+0000] {processor.py:183} INFO - Processing /opt/airflow/dags/fraud_dbt_dag.py took 0.232 seconds
[2026-08-06T08:30:36.600+0000] {processor.py:161} INFO - Started process (PID=451) to work on /opt/airflow/dags/fraud_dbt_dag.py
[2026-08-06T08:30:36.609+0000] {processor.py:830} INFO - Processing file /opt/airflow/dags/fraud_dbt_dag.py for tasks to queue
[2026-08-06T08:30:36.613+0000] {logging_mixin.py:188} INFO - [2026-08-06T08:30:36.612+0000] {dagbag.py:545} INFO - Filling up the DagBag from /opt/airflow/dags/fraud_dbt_dag.py
[2026-08-06T08:30:36.636+0000] {processor.py:840} INFO - DAG(s) 'fraud_pipeline_dbt_orchestration' retrieved from /opt/airflow/dags/fraud_dbt_dag.py
[2026-08-06T08:30:36.716+0000] {logging_mixin.py:188} INFO - [2026-08-06T08:30:36.716+0000] {dag.py:3089} INFO - Sync 1 DAGs
[2026-08-06T08:30:36.807+0000] {processor.py:183} INFO - Processing /opt/airflow/dags/fraud_dbt_dag.py took 0.220 seconds
[2026-08-06T08:31:07.072+0000] {processor.py:161} INFO - Started process (PID=456) to work on /opt/airflow/dags/fraud_dbt_dag.py
[2026-08-06T08:31:07.075+0000] {processor.py:830} INFO - Processing file /opt/airflow/dags/fraud_dbt_dag.py for tasks to queue
[2026-08-06T08:31:07.081+0000] {logging_mixin.py:188} INFO - [2026-08-06T08:31:07.080+0000] {dagbag.py:545} INFO - Filling up the DagBag from /opt/airflow/dags/fraud_dbt_dag.py
[2026-08-06T08:31:07.105+0000] {processor.py:840} INFO - DAG(s) 'fraud_pipeline_dbt_orchestration' retrieved from /opt/airflow/dags/fraud_dbt_dag.py
[2026-08-06T08:31:07.170+0000] {logging_mixin.py:188} INFO - [2026-08-06T08:31:07.169+0000] {dag.py:3089} INFO - Sync 1 DAGs
[2026-08-06T08:31:07.246+0000] {processor.py:183} INFO - Processing /opt/airflow/dags/fraud_dbt_dag.py took 0.191 seconds
[2026-08-06T08:31:37.532+0000] {processor.py:161} INFO - Started process (PID=461) to work on /opt/airflow/dags/fraud_dbt_dag.py
[2026-08-06T08:31:37.542+0000] {processor.py:830} INFO - Processing file /opt/airflow/dags/fraud_dbt_dag.py for tasks to queue
[2026-08-06T08:31:37.547+0000] {logging_mixin.py:188} INFO - [2026-08-06T08:31:37.546+0000] {dagbag.py:545} INFO - Filling up the DagBag from /opt/airflow/dags/fraud_dbt_dag.py
[2026-08-06T08:31:37.571+0000] {processor.py:840} INFO - DAG(s) 'fraud_pipeline_dbt_orchestration' retrieved from /opt/airflow/dags/fraud_dbt_dag.py
[2026-08-06T08:31:37.648+0000] {logging_mixin.py:188} INFO - [2026-08-06T08:31:37.648+0000] {dag.py:3089} INFO - Sync 1 DAGs
[2026-08-06T08:31:37.782+0000] {processor.py:183} INFO - Processing /opt/airflow/dags/fraud_dbt_dag.py took 0.265 seconds
[2026-08-06T08:32:08.067+0000] {processor.py:161} INFO - Started process (PID=469) to work on /opt/airflow/dags/fraud_dbt_dag.py
[2026-08-06T08:32:08.069+0000] {processor.py:830} INFO - Processing file /opt/airflow/dags/fraud_dbt_dag.py for tasks to queue
[2026-08-06T08:32:08.078+0000] {logging_mixin.py:188} INFO - [2026-08-06T08:32:08.077+0000] {dagbag.py:545} INFO - Filling up the DagBag from /opt/airflow/dags/fraud_dbt_dag.py
[2026-08-06T08:32:08.110+0000] {processor.py:840} INFO - DAG(s) 'fraud_pipeline_dbt_orchestration' retrieved from /opt/airflow/dags/fraud_dbt_dag.py
[2026-08-06T08:32:08.201+0000] {logging_mixin.py:188} INFO - [2026-08-06T08:32:08.200+0000] {dag.py:3089} INFO - Sync 1 DAGs
[2026-08-06T08:32:08.317+0000] {processor.py:183} INFO - Processing /opt/airflow/dags/fraud_dbt_dag.py took 0.270 seconds
[2026-08-06T08:32:38.600+0000] {processor.py:161} INFO - Started process (PID=474) to work on /opt/airflow/dags/fraud_dbt_dag.py
[2026-08-06T08:32:38.610+0000] {processor.py:830} INFO - Processing file /opt/airflow/dags/fraud_dbt_dag.py for tasks to queue
[2026-08-06T08:32:38.614+0000] {logging_mixin.py:188} INFO - [2026-08-06T08:32:38.613+0000] {dagbag.py:545} INFO - Filling up the DagBag from /opt/airflow/dags/fraud_dbt_dag.py
[2026-08-06T08:32:38.635+0000] {processor.py:840} INFO - DAG(s) 'fraud_pipeline_dbt_orchestration' retrieved from /opt/airflow/dags/fraud_dbt_dag.py
[2026-08-06T08:32:38.702+0000] {logging_mixin.py:188} INFO - [2026-08-06T08:32:38.702+0000] {dag.py:3089} INFO - Sync 1 DAGs
[2026-08-06T08:32:38.790+0000] {processor.py:183} INFO - Processing /opt/airflow/dags/fraud_dbt_dag.py took 0.204 seconds
[2026-08-06T08:33:09.071+0000] {processor.py:161} INFO - Started process (PID=479) to work on /opt/airflow/dags/fraud_dbt_dag.py
[2026-08-06T08:33:09.073+0000] {processor.py:830} INFO - Processing file /opt/airflow/dags/fraud_dbt_dag.py for tasks to queue
[2026-08-06T08:33:09.077+0000] {logging_mixin.py:188} INFO - [2026-08-06T08:33:09.076+0000] {dagbag.py:545} INFO - Filling up the DagBag from /opt/airflow/dags/fraud_dbt_dag.py
[2026-08-06T08:33:09.099+0000] {processor.py:840} INFO - DAG(s) 'fraud_pipeline_dbt_orchestration' retrieved from /opt/airflow/dags/fraud_dbt_dag.py
[2026-08-06T08:33:09.176+0000] {logging_mixin.py:188} INFO - [2026-08-06T08:33:09.175+0000] {dag.py:3089} INFO - Sync 1 DAGs
[2026-08-06T08:33:09.268+0000] {processor.py:183} INFO - Processing /opt/airflow/dags/fraud_dbt_dag.py took 0.212 seconds
[2026-08-06T08:33:39.547+0000] {processor.py:161} INFO - Started process (PID=484) to work on /opt/airflow/dags/fraud_dbt_dag.py
[2026-08-06T08:33:39.557+0000] {processor.py:830} INFO - Processing file /opt/airflow/dags/fraud_dbt_dag.py for tasks to queue
[2026-08-06T08:33:39.574+0000] {logging_mixin.py:188} INFO - [2026-08-06T08:33:39.573+0000] {dagbag.py:545} INFO - Filling up the DagBag from /opt/airflow/dags/fraud_dbt_dag.py
[2026-08-06T08:33:39.598+0000] {processor.py:840} INFO - DAG(s) 'fraud_pipeline_dbt_orchestration' retrieved from /opt/airflow/dags/fraud_dbt_dag.py
[2026-08-06T08:33:39.662+0000] {logging_mixin.py:188} INFO - [2026-08-06T08:33:39.662+0000] {dag.py:3089} INFO - Sync 1 DAGs
[2026-08-06T08:33:39.749+0000] {processor.py:183} INFO - Processing /opt/airflow/dags/fraud_dbt_dag.py took 0.214 seconds
[2026-08-06T08:34:10.042+0000] {processor.py:161} INFO - Started process (PID=492) to work on /opt/airflow/dags/fraud_dbt_dag.py
[2026-08-06T08:34:10.044+0000] {processor.py:830} INFO - Processing file /opt/airflow/dags/fraud_dbt_dag.py for tasks to queue
[2026-08-06T08:34:10.048+0000] {logging_mixin.py:188} INFO - [2026-08-06T08:34:10.047+0000] {dagbag.py:545} INFO - Filling up the DagBag from /opt/airflow/dags/fraud_dbt_dag.py
[2026-08-06T08:34:10.084+0000] {processor.py:840} INFO - DAG(s) 'fraud_pipeline_dbt_orchestration' retrieved from /opt/airflow/dags/fraud_dbt_dag.py
[2026-08-06T08:34:10.153+0000] {logging_mixin.py:188} INFO - [2026-08-06T08:34:10.152+0000] {dag.py:3089} INFO - Sync 1 DAGs
[2026-08-06T08:34:10.195+0000] {logging_mixin.py:188} INFO - [2026-08-06T08:34:10.195+0000] {dag.py:3947} INFO - Setting next_dagrun for fraud_pipeline_dbt_orchestration to 2026-08-06 08:30:00+00:00, run_after=2026-08-06 08:45:00+00:00
[2026-08-06T08:34:10.249+0000] {processor.py:183} INFO - Processing /opt/airflow/dags/fraud_dbt_dag.py took 0.230 seconds
[2026-08-06T08:34:40.546+0000] {processor.py:161} INFO - Started process (PID=497) to work on /opt/airflow/dags/fraud_dbt_dag.py
[2026-08-06T08:34:40.553+0000] {processor.py:830} INFO - Processing file /opt/airflow/dags/fraud_dbt_dag.py for tasks to queue
[2026-08-06T08:34:40.566+0000] {logging_mixin.py:188} INFO - [2026-08-06T08:34:40.564+0000] {dagbag.py:545} INFO - Filling up the DagBag from /opt/airflow/dags/fraud_dbt_dag.py
[2026-08-06T08:34:40.599+0000] {processor.py:840} INFO - DAG(s) 'fraud_pipeline_dbt_orchestration' retrieved from /opt/airflow/dags/fraud_dbt_dag.py
[2026-08-06T08:34:40.665+0000] {logging_mixin.py:188} INFO - [2026-08-06T08:34:40.665+0000] {dag.py:3089} INFO - Sync 1 DAGs
[2026-08-06T08:34:40.708+0000] {logging_mixin.py:188} INFO - [2026-08-06T08:34:40.707+0000] {dag.py:3947} INFO - Setting next_dagrun for fraud_pipeline_dbt_orchestration to 2026-08-06 08:30:00+00:00, run_after=2026-08-06 08:45:00+00:00
[2026-08-06T08:34:40.760+0000] {processor.py:183} INFO - Processing /opt/airflow/dags/fraud_dbt_dag.py took 0.233 seconds
[2026-08-06T08:35:11.043+0000] {processor.py:161} INFO - Started process (PID=502) to work on /opt/airflow/dags/fraud_dbt_dag.py
[2026-08-06T08:35:11.045+0000] {processor.py:830} INFO - Processing file /opt/airflow/dags/fraud_dbt_dag.py for tasks to queue
[2026-08-06T08:35:11.049+0000] {logging_mixin.py:188} INFO - [2026-08-06T08:35:11.048+0000] {dagbag.py:545} INFO - Filling up the DagBag from /opt/airflow/dags/fraud_dbt_dag.py
[2026-08-06T08:35:11.075+0000] {processor.py:840} INFO - DAG(s) 'fraud_pipeline_dbt_orchestration' retrieved from /opt/airflow/dags/fraud_dbt_dag.py
[2026-08-06T08:35:11.145+0000] {logging_mixin.py:188} INFO - [2026-08-06T08:35:11.145+0000] {dag.py:3089} INFO - Sync 1 DAGs
[2026-08-06T08:35:11.185+0000] {logging_mixin.py:188} INFO - [2026-08-06T08:35:11.184+0000] {dag.py:3947} INFO - Setting next_dagrun for fraud_pipeline_dbt_orchestration to 2026-08-06 08:30:00+00:00, run_after=2026-08-06 08:45:00+00:00
[2026-08-06T08:35:11.275+0000] {processor.py:183} INFO - Processing /opt/airflow/dags/fraud_dbt_dag.py took 0.248 seconds
[2026-08-06T08:35:41.557+0000] {processor.py:161} INFO - Started process (PID=507) to work on /opt/airflow/dags/fraud_dbt_dag.py
[2026-08-06T08:35:41.565+0000] {processor.py:830} INFO - Processing file /opt/airflow/dags/fraud_dbt_dag.py for tasks to queue
[2026-08-06T08:35:41.572+0000] {logging_mixin.py:188} INFO - [2026-08-06T08:35:41.572+0000] {dagbag.py:545} INFO - Filling up the DagBag from /opt/airflow/dags/fraud_dbt_dag.py
[2026-08-06T08:35:41.597+0000] {processor.py:840} INFO - DAG(s) 'fraud_pipeline_dbt_orchestration' retrieved from /opt/airflow/dags/fraud_dbt_dag.py
[2026-08-06T08:35:41.699+0000] {logging_mixin.py:188} INFO - [2026-08-06T08:35:41.698+0000] {dag.py:3089} INFO - Sync 1 DAGs
[2026-08-06T08:35:41.742+0000] {logging_mixin.py:188} INFO - [2026-08-06T08:35:41.742+0000] {dag.py:3947} INFO - Setting next_dagrun for fraud_pipeline_dbt_orchestration to 2026-08-06 08:30:00+00:00, run_after=2026-08-06 08:45:00+00:00
[2026-08-06T08:35:41.793+0000] {processor.py:183} INFO - Processing /opt/airflow/dags/fraud_dbt_dag.py took 0.257 seconds
[2026-08-06T08:36:12.092+0000] {processor.py:161} INFO - Started process (PID=512) to work on /opt/airflow/dags/fraud_dbt_dag.py
[2026-08-06T08:36:12.094+0000] {processor.py:830} INFO - Processing file /opt/airflow/dags/fraud_dbt_dag.py for tasks to queue
[2026-08-06T08:36:12.099+0000] {logging_mixin.py:188} INFO - [2026-08-06T08:36:12.098+0000] {dagbag.py:545} INFO - Filling up the DagBag from /opt/airflow/dags/fraud_dbt_dag.py
[2026-08-06T08:36:12.119+0000] {processor.py:840} INFO - DAG(s) 'fraud_pipeline_dbt_orchestration' retrieved from /opt/airflow/dags/fraud_dbt_dag.py
[2026-08-06T08:36:12.188+0000] {logging_mixin.py:188} INFO - [2026-08-06T08:36:12.187+0000] {dag.py:3089} INFO - Sync 1 DAGs
[2026-08-06T08:36:12.234+0000] {logging_mixin.py:188} INFO - [2026-08-06T08:36:12.233+0000] {dag.py:3947} INFO - Setting next_dagrun for fraud_pipeline_dbt_orchestration to 2026-08-06 08:30:00+00:00, run_after=2026-08-06 08:45:00+00:00
[2026-08-06T08:36:12.281+0000] {processor.py:183} INFO - Processing /opt/airflow/dags/fraud_dbt_dag.py took 0.202 seconds
[2026-08-06T08:36:42.556+0000] {processor.py:161} INFO - Started process (PID=517) to work on /opt/airflow/dags/fraud_dbt_dag.py
[2026-08-06T08:36:42.559+0000] {processor.py:830} INFO - Processing file /opt/airflow/dags/fraud_dbt_dag.py for tasks to queue
[2026-08-06T08:36:42.563+0000] {logging_mixin.py:188} INFO - [2026-08-06T08:36:42.562+0000] {dagbag.py:545} INFO - Filling up the DagBag from /opt/airflow/dags/fraud_dbt_dag.py
[2026-08-06T08:36:42.583+0000] {processor.py:840} INFO - DAG(s) 'fraud_pipeline_dbt_orchestration' retrieved from /opt/airflow/dags/fraud_dbt_dag.py
[2026-08-06T08:36:42.642+0000] {logging_mixin.py:188} INFO - [2026-08-06T08:36:42.641+0000] {dag.py:3089} INFO - Sync 1 DAGs
[2026-08-06T08:36:42.690+0000] {logging_mixin.py:188} INFO - [2026-08-06T08:36:42.690+0000] {dag.py:3947} INFO - Setting next_dagrun for fraud_pipeline_dbt_orchestration to 2026-08-06 08:30:00+00:00, run_after=2026-08-06 08:45:00+00:00
[2026-08-06T08:36:42.738+0000] {processor.py:183} INFO - Processing /opt/airflow/dags/fraud_dbt_dag.py took 0.198 seconds
[2026-08-06T08:37:12.823+0000] {processor.py:161} INFO - Started process (PID=522) to work on /opt/airflow/dags/fraud_dbt_dag.py
[2026-08-06T08:37:12.824+0000] {processor.py:830} INFO - Processing file /opt/airflow/dags/fraud_dbt_dag.py for tasks to queue
[2026-08-06T08:37:12.829+0000] {logging_mixin.py:188} INFO - [2026-08-06T08:37:12.828+0000] {dagbag.py:545} INFO - Filling up the DagBag from /opt/airflow/dags/fraud_dbt_dag.py
[2026-08-06T08:37:12.852+0000] {processor.py:840} INFO - DAG(s) 'fraud_pipeline_dbt_orchestration' retrieved from /opt/airflow/dags/fraud_dbt_dag.py
[2026-08-06T08:37:12.928+0000] {logging_mixin.py:188} INFO - [2026-08-06T08:37:12.928+0000] {dag.py:3089} INFO - Sync 1 DAGs
[2026-08-06T08:37:13.009+0000] {logging_mixin.py:188} INFO - [2026-08-06T08:37:13.008+0000] {dag.py:3947} INFO - Setting next_dagrun for fraud_pipeline_dbt_orchestration to 2026-08-06 08:30:00+00:00, run_after=2026-08-06 08:45:00+00:00
[2026-08-06T08:37:13.076+0000] {processor.py:183} INFO - Processing /opt/airflow/dags/fraud_dbt_dag.py took 0.271 seconds
[2026-08-06T08:37:43.221+0000] {processor.py:161} INFO - Started process (PID=527) to work on /opt/airflow/dags/fraud_dbt_dag.py
[2026-08-06T08:37:43.222+0000] {processor.py:830} INFO - Processing file /opt/airflow/dags/fraud_dbt_dag.py for tasks to queue
[2026-08-06T08:37:43.226+0000] {logging_mixin.py:188} INFO - [2026-08-06T08:37:43.225+0000] {dagbag.py:545} INFO - Filling up the DagBag from /opt/airflow/dags/fraud_dbt_dag.py
[2026-08-06T08:37:43.248+0000] {processor.py:840} INFO - DAG(s) 'fraud_pipeline_dbt_orchestration' retrieved from /opt/airflow/dags/fraud_dbt_dag.py
[2026-08-06T08:37:43.312+0000] {logging_mixin.py:188} INFO - [2026-08-06T08:37:43.312+0000] {dag.py:3089} INFO - Sync 1 DAGs
[2026-08-06T08:37:43.361+0000] {logging_mixin.py:188} INFO - [2026-08-06T08:37:43.361+0000] {dag.py:3947} INFO - Setting next_dagrun for fraud_pipeline_dbt_orchestration to 2026-08-06 08:30:00+00:00, run_after=2026-08-06 08:45:00+00:00
[2026-08-06T08:37:43.430+0000] {processor.py:183} INFO - Processing /opt/airflow/dags/fraud_dbt_dag.py took 0.219 seconds
[2026-08-06T08:38:13.590+0000] {processor.py:161} INFO - Started process (PID=532) to work on /opt/airflow/dags/fraud_dbt_dag.py
[2026-08-06T08:38:13.596+0000] {processor.py:830} INFO - Processing file /opt/airflow/dags/fraud_dbt_dag.py for tasks to queue
[2026-08-06T08:38:13.602+0000] {logging_mixin.py:188} INFO - [2026-08-06T08:38:13.600+0000] {dagbag.py:545} INFO - Filling up the DagBag from /opt/airflow/dags/fraud_dbt_dag.py
[2026-08-06T08:38:13.657+0000] {processor.py:840} INFO - DAG(s) 'fraud_pipeline_dbt_orchestration' retrieved from /opt/airflow/dags/fraud_dbt_dag.py
[2026-08-06T08:38:13.807+0000] {logging_mixin.py:188} INFO - [2026-08-06T08:38:13.803+0000] {dag.py:3089} INFO - Sync 1 DAGs
[2026-08-06T08:38:13.867+0000] {logging_mixin.py:188} INFO - [2026-08-06T08:38:13.866+0000] {dag.py:3947} INFO - Setting next_dagrun for fraud_pipeline_dbt_orchestration to 2026-08-06 08:30:00+00:00, run_after=2026-08-06 08:45:00+00:00
[2026-08-06T08:38:13.921+0000] {processor.py:183} INFO - Processing /opt/airflow/dags/fraud_dbt_dag.py took 0.352 seconds
[2026-08-06T08:38:44.183+0000] {processor.py:161} INFO - Started process (PID=537) to work on /opt/airflow/dags/fraud_dbt_dag.py
[2026-08-06T08:38:44.192+0000] {processor.py:830} INFO - Processing file /opt/airflow/dags/fraud_dbt_dag.py for tasks to queue
[2026-08-06T08:38:44.197+0000] {logging_mixin.py:188} INFO - [2026-08-06T08:38:44.196+0000] {dagbag.py:545} INFO - Filling up the DagBag from /opt/airflow/dags/fraud_dbt_dag.py
[2026-08-06T08:38:44.227+0000] {processor.py:840} INFO - DAG(s) 'fraud_pipeline_dbt_orchestration' retrieved from /opt/airflow/dags/fraud_dbt_dag.py
[2026-08-06T08:38:44.321+0000] {logging_mixin.py:188} INFO - [2026-08-06T08:38:44.320+0000] {dag.py:3089} INFO - Sync 1 DAGs
[2026-08-06T08:38:44.400+0000] {logging_mixin.py:188} INFO - [2026-08-06T08:38:44.399+0000] {dag.py:3947} INFO - Setting next_dagrun for fraud_pipeline_dbt_orchestration to 2026-08-06 08:30:00+00:00, run_after=2026-08-06 08:45:00+00:00
[2026-08-06T08:38:44.455+0000] {processor.py:183} INFO - Processing /opt/airflow/dags/fraud_dbt_dag.py took 0.292 seconds
[2026-08-06T08:39:14.758+0000] {processor.py:161} INFO - Started process (PID=563) to work on /opt/airflow/dags/fraud_dbt_dag.py
[2026-08-06T08:39:14.760+0000] {processor.py:830} INFO - Processing file /opt/airflow/dags/fraud_dbt_dag.py for tasks to queue
[2026-08-06T08:39:14.765+0000] {logging_mixin.py:188} INFO - [2026-08-06T08:39:14.764+0000] {dagbag.py:545} INFO - Filling up the DagBag from /opt/airflow/dags/fraud_dbt_dag.py
[2026-08-06T08:39:14.788+0000] {processor.py:840} INFO - DAG(s) 'fraud_pipeline_dbt_orchestration' retrieved from /opt/airflow/dags/fraud_dbt_dag.py
[2026-08-06T08:39:14.845+0000] {logging_mixin.py:188} INFO - [2026-08-06T08:39:14.845+0000] {dag.py:3089} INFO - Sync 1 DAGs
[2026-08-06T08:39:14.931+0000] {processor.py:183} INFO - Processing /opt/airflow/dags/fraud_dbt_dag.py took 0.212 seconds
[2026-08-06T08:39:45.248+0000] {processor.py:161} INFO - Started process (PID=568) to work on /opt/airflow/dags/fraud_dbt_dag.py
[2026-08-06T08:39:45.258+0000] {processor.py:830} INFO - Processing file /opt/airflow/dags/fraud_dbt_dag.py for tasks to queue
[2026-08-06T08:39:45.262+0000] {logging_mixin.py:188} INFO - [2026-08-06T08:39:45.262+0000] {dagbag.py:545} INFO - Filling up the DagBag from /opt/airflow/dags/fraud_dbt_dag.py
[2026-08-06T08:39:45.288+0000] {processor.py:840} INFO - DAG(s) 'fraud_pipeline_dbt_orchestration' retrieved from /opt/airflow/dags/fraud_dbt_dag.py
[2026-08-06T08:39:45.376+0000] {logging_mixin.py:188} INFO - [2026-08-06T08:39:45.375+0000] {dag.py:3089} INFO - Sync 1 DAGs
[2026-08-06T08:39:45.501+0000] {processor.py:183} INFO - Processing /opt/airflow/dags/fraud_dbt_dag.py took 0.268 seconds
[2026-08-06T08:40:15.861+0000] {processor.py:161} INFO - Started process (PID=573) to work on /opt/airflow/dags/fraud_dbt_dag.py
[2026-08-06T08:40:15.863+0000] {processor.py:830} INFO - Processing file /opt/airflow/dags/fraud_dbt_dag.py for tasks to queue
[2026-08-06T08:40:15.867+0000] {logging_mixin.py:188} INFO - [2026-08-06T08:40:15.866+0000] {dagbag.py:545} INFO - Filling up the DagBag from /opt/airflow/dags/fraud_dbt_dag.py
[2026-08-06T08:40:15.891+0000] {processor.py:840} INFO - DAG(s) 'fraud_pipeline_dbt_orchestration' retrieved from /opt/airflow/dags/fraud_dbt_dag.py
[2026-08-06T08:40:15.968+0000] {logging_mixin.py:188} INFO - [2026-08-06T08:40:15.967+0000] {dag.py:3089} INFO - Sync 1 DAGs
[2026-08-06T08:40:16.066+0000] {processor.py:183} INFO - Processing /opt/airflow/dags/fraud_dbt_dag.py took 0.220 seconds
[2026-08-06T08:40:46.359+0000] {processor.py:161} INFO - Started process (PID=578) to work on /opt/airflow/dags/fraud_dbt_dag.py
[2026-08-06T08:40:46.368+0000] {processor.py:830} INFO - Processing file /opt/airflow/dags/fraud_dbt_dag.py for tasks to queue
[2026-08-06T08:40:46.373+0000] {logging_mixin.py:188} INFO - [2026-08-06T08:40:46.372+0000] {dagbag.py:545} INFO - Filling up the DagBag from /opt/airflow/dags/fraud_dbt_dag.py
[2026-08-06T08:40:46.399+0000] {processor.py:840} INFO - DAG(s) 'fraud_pipeline_dbt_orchestration' retrieved from /opt/airflow/dags/fraud_dbt_dag.py
[2026-08-06T08:40:46.469+0000] {logging_mixin.py:188} INFO - [2026-08-06T08:40:46.469+0000] {dag.py:3089} INFO - Sync 1 DAGs
[2026-08-06T08:40:46.579+0000] {processor.py:183} INFO - Processing /opt/airflow/dags/fraud_dbt_dag.py took 0.234 seconds
[2026-08-06T08:41:16.864+0000] {processor.py:161} INFO - Started process (PID=602) to work on /opt/airflow/dags/fraud_dbt_dag.py
[2026-08-06T08:41:16.865+0000] {processor.py:830} INFO - Processing file /opt/airflow/dags/fraud_dbt_dag.py for tasks to queue
[2026-08-06T08:41:16.870+0000] {logging_mixin.py:188} INFO - [2026-08-06T08:41:16.869+0000] {dagbag.py:545} INFO - Filling up the DagBag from /opt/airflow/dags/fraud_dbt_dag.py
[2026-08-06T08:41:16.895+0000] {processor.py:840} INFO - DAG(s) 'fraud_pipeline_dbt_orchestration' retrieved from /opt/airflow/dags/fraud_dbt_dag.py
[2026-08-06T08:41:16.960+0000] {logging_mixin.py:188} INFO - [2026-08-06T08:41:16.960+0000] {dag.py:3089} INFO - Sync 1 DAGs
[2026-08-06T08:41:17.070+0000] {processor.py:183} INFO - Processing /opt/airflow/dags/fraud_dbt_dag.py took 0.223 seconds
[2026-08-06T08:41:47.333+0000] {processor.py:161} INFO - Started process (PID=607) to work on /opt/airflow/dags/fraud_dbt_dag.py
[2026-08-06T08:41:47.342+0000] {processor.py:830} INFO - Processing file /opt/airflow/dags/fraud_dbt_dag.py for tasks to queue
[2026-08-06T08:41:47.345+0000] {logging_mixin.py:188} INFO - [2026-08-06T08:41:47.345+0000] {dagbag.py:545} INFO - Filling up the DagBag from /opt/airflow/dags/fraud_dbt_dag.py
[2026-08-06T08:41:47.370+0000] {processor.py:840} INFO - DAG(s) 'fraud_pipeline_dbt_orchestration' retrieved from /opt/airflow/dags/fraud_dbt_dag.py
[2026-08-06T08:41:47.441+0000] {logging_mixin.py:188} INFO - [2026-08-06T08:41:47.441+0000] {dag.py:3089} INFO - Sync 1 DAGs
[2026-08-06T08:41:47.534+0000] {processor.py:183} INFO - Processing /opt/airflow/dags/fraud_dbt_dag.py took 0.217 seconds
[2026-08-06T08:42:17.613+0000] {processor.py:161} INFO - Started process (PID=612) to work on /opt/airflow/dags/fraud_dbt_dag.py
[2026-08-06T08:42:17.615+0000] {processor.py:830} INFO - Processing file /opt/airflow/dags/fraud_dbt_dag.py for tasks to queue
[2026-08-06T08:42:17.622+0000] {logging_mixin.py:188} INFO - [2026-08-06T08:42:17.620+0000] {dagbag.py:545} INFO - Filling up the DagBag from /opt/airflow/dags/fraud_dbt_dag.py
[2026-08-06T08:42:17.649+0000] {processor.py:840} INFO - DAG(s) 'fraud_pipeline_dbt_orchestration' retrieved from /opt/airflow/dags/fraud_dbt_dag.py
[2026-08-06T08:42:17.727+0000] {logging_mixin.py:188} INFO - [2026-08-06T08:42:17.726+0000] {dag.py:3089} INFO - Sync 1 DAGs
[2026-08-06T08:42:17.828+0000] {processor.py:183} INFO - Processing /opt/airflow/dags/fraud_dbt_dag.py took 0.236 seconds
[2026-08-06T08:42:48.037+0000] {processor.py:161} INFO - Started process (PID=617) to work on /opt/airflow/dags/fraud_dbt_dag.py
[2026-08-06T08:42:48.047+0000] {processor.py:830} INFO - Processing file /opt/airflow/dags/fraud_dbt_dag.py for tasks to queue
[2026-08-06T08:42:48.050+0000] {logging_mixin.py:188} INFO - [2026-08-06T08:42:48.050+0000] {dagbag.py:545} INFO - Filling up the DagBag from /opt/airflow/dags/fraud_dbt_dag.py
[2026-08-06T08:42:48.076+0000] {processor.py:840} INFO - DAG(s) 'fraud_pipeline_dbt_orchestration' retrieved from /opt/airflow/dags/fraud_dbt_dag.py
[2026-08-06T08:42:48.146+0000] {logging_mixin.py:188} INFO - [2026-08-06T08:42:48.146+0000] {dag.py:3089} INFO - Sync 1 DAGs
[2026-08-06T08:42:48.257+0000] {processor.py:183} INFO - Processing /opt/airflow/dags/fraud_dbt_dag.py took 0.234 seconds
[2026-08-06T08:43:18.516+0000] {processor.py:161} INFO - Started process (PID=641) to work on /opt/airflow/dags/fraud_dbt_dag.py
[2026-08-06T08:43:18.518+0000] {processor.py:830} INFO - Processing file /opt/airflow/dags/fraud_dbt_dag.py for tasks to queue
[2026-08-06T08:43:18.521+0000] {logging_mixin.py:188} INFO - [2026-08-06T08:43:18.521+0000] {dagbag.py:545} INFO - Filling up the DagBag from /opt/airflow/dags/fraud_dbt_dag.py
[2026-08-06T08:43:18.547+0000] {processor.py:840} INFO - DAG(s) 'fraud_pipeline_dbt_orchestration' retrieved from /opt/airflow/dags/fraud_dbt_dag.py
[2026-08-06T08:43:18.605+0000] {logging_mixin.py:188} INFO - [2026-08-06T08:43:18.605+0000] {dag.py:3089} INFO - Sync 1 DAGs
[2026-08-06T08:43:18.637+0000] {logging_mixin.py:188} INFO - [2026-08-06T08:43:18.636+0000] {dag.py:3947} INFO - Setting next_dagrun for fraud_pipeline_dbt_orchestration to 2026-08-06 08:30:00+00:00, run_after=2026-08-06 08:45:00+00:00
[2026-08-06T08:43:18.682+0000] {processor.py:183} INFO - Processing /opt/airflow/dags/fraud_dbt_dag.py took 0.182 seconds
[2026-08-06T08:43:48.978+0000] {processor.py:161} INFO - Started process (PID=646) to work on /opt/airflow/dags/fraud_dbt_dag.py
[2026-08-06T08:43:48.988+0000] {processor.py:830} INFO - Processing file /opt/airflow/dags/fraud_dbt_dag.py for tasks to queue
[2026-08-06T08:43:48.992+0000] {logging_mixin.py:188} INFO - [2026-08-06T08:43:48.991+0000] {dagbag.py:545} INFO - Filling up the DagBag from /opt/airflow/dags/fraud_dbt_dag.py
[2026-08-06T08:43:49.016+0000] {processor.py:840} INFO - DAG(s) 'fraud_pipeline_dbt_orchestration' retrieved from /opt/airflow/dags/fraud_dbt_dag.py
[2026-08-06T08:43:49.089+0000] {logging_mixin.py:188} INFO - [2026-08-06T08:43:49.088+0000] {dag.py:3089} INFO - Sync 1 DAGs
[2026-08-06T08:43:49.164+0000] {logging_mixin.py:188} INFO - [2026-08-06T08:43:49.164+0000] {dag.py:3947} INFO - Setting next_dagrun for fraud_pipeline_dbt_orchestration to 2026-08-06 08:30:00+00:00, run_after=2026-08-06 08:45:00+00:00
[2026-08-06T08:43:49.229+0000] {processor.py:183} INFO - Processing /opt/airflow/dags/fraud_dbt_dag.py took 0.266 seconds
[2026-08-06T08:44:19.492+0000] {processor.py:161} INFO - Started process (PID=651) to work on /opt/airflow/dags/fraud_dbt_dag.py
[2026-08-06T08:44:19.494+0000] {processor.py:830} INFO - Processing file /opt/airflow/dags/fraud_dbt_dag.py for tasks to queue
[2026-08-06T08:44:19.497+0000] {logging_mixin.py:188} INFO - [2026-08-06T08:44:19.497+0000] {dagbag.py:545} INFO - Filling up the DagBag from /opt/airflow/dags/fraud_dbt_dag.py
[2026-08-06T08:44:19.529+0000] {processor.py:840} INFO - DAG(s) 'fraud_pipeline_dbt_orchestration' retrieved from /opt/airflow/dags/fraud_dbt_dag.py
[2026-08-06T08:44:19.590+0000] {logging_mixin.py:188} INFO - [2026-08-06T08:44:19.589+0000] {dag.py:3089} INFO - Sync 1 DAGs
[2026-08-06T08:44:19.632+0000] {logging_mixin.py:188} INFO - [2026-08-06T08:44:19.631+0000] {dag.py:3947} INFO - Setting next_dagrun for fraud_pipeline_dbt_orchestration to 2026-08-06 08:30:00+00:00, run_after=2026-08-06 08:45:00+00:00
[2026-08-06T08:44:19.677+0000] {processor.py:183} INFO - Processing /opt/airflow/dags/fraud_dbt_dag.py took 0.199 seconds
[2026-08-06T08:44:49.961+0000] {processor.py:161} INFO - Started process (PID=656) to work on /opt/airflow/dags/fraud_dbt_dag.py
[2026-08-06T08:44:49.971+0000] {processor.py:830} INFO - Processing file /opt/airflow/dags/fraud_dbt_dag.py for tasks to queue
[2026-08-06T08:44:49.975+0000] {logging_mixin.py:188} INFO - [2026-08-06T08:44:49.975+0000] {dagbag.py:545} INFO - Filling up the DagBag from /opt/airflow/dags/fraud_dbt_dag.py
[2026-08-06T08:44:50.006+0000] {processor.py:840} INFO - DAG(s) 'fraud_pipeline_dbt_orchestration' retrieved from /opt/airflow/dags/fraud_dbt_dag.py
[2026-08-06T08:44:50.098+0000] {logging_mixin.py:188} INFO - [2026-08-06T08:44:50.098+0000] {dag.py:3089} INFO - Sync 1 DAGs
[2026-08-06T08:44:50.166+0000] {logging_mixin.py:188} INFO - [2026-08-06T08:44:50.165+0000] {dag.py:3947} INFO - Setting next_dagrun for fraud_pipeline_dbt_orchestration to 2026-08-06 08:30:00+00:00, run_after=2026-08-06 08:45:00+00:00
[2026-08-06T08:44:50.215+0000] {processor.py:183} INFO - Processing /opt/airflow/dags/fraud_dbt_dag.py took 0.272 seconds
[2026-08-06T08:45:20.477+0000] {processor.py:161} INFO - Started process (PID=682) to work on /opt/airflow/dags/fraud_dbt_dag.py
[2026-08-06T08:45:20.479+0000] {processor.py:830} INFO - Processing file /opt/airflow/dags/fraud_dbt_dag.py for tasks to queue
[2026-08-06T08:45:20.484+0000] {logging_mixin.py:188} INFO - [2026-08-06T08:45:20.483+0000] {dagbag.py:545} INFO - Filling up the DagBag from /opt/airflow/dags/fraud_dbt_dag.py
[2026-08-06T08:45:20.503+0000] {processor.py:840} INFO - DAG(s) 'fraud_pipeline_dbt_orchestration' retrieved from /opt/airflow/dags/fraud_dbt_dag.py
[2026-08-06T08:45:20.558+0000] {logging_mixin.py:188} INFO - [2026-08-06T08:45:20.557+0000] {dag.py:3089} INFO - Sync 1 DAGs
[2026-08-06T08:45:20.619+0000] {processor.py:183} INFO - Processing /opt/airflow/dags/fraud_dbt_dag.py took 0.157 seconds
[2026-08-06T08:45:50.740+0000] {processor.py:161} INFO - Started process (PID=687) to work on /opt/airflow/dags/fraud_dbt_dag.py
[2026-08-06T08:45:50.748+0000] {processor.py:830} INFO - Processing file /opt/airflow/dags/fraud_dbt_dag.py for tasks to queue
[2026-08-06T08:45:50.753+0000] {logging_mixin.py:188} INFO - [2026-08-06T08:45:50.752+0000] {dagbag.py:545} INFO - Filling up the DagBag from /opt/airflow/dags/fraud_dbt_dag.py
[2026-08-06T08:45:50.772+0000] {processor.py:840} INFO - DAG(s) 'fraud_pipeline_dbt_orchestration' retrieved from /opt/airflow/dags/fraud_dbt_dag.py
[2026-08-06T08:45:50.837+0000] {logging_mixin.py:188} INFO - [2026-08-06T08:45:50.836+0000] {dag.py:3089} INFO - Sync 1 DAGs
[2026-08-06T08:45:50.906+0000] {processor.py:183} INFO - Processing /opt/airflow/dags/fraud_dbt_dag.py took 0.179 seconds
[2026-08-06T08:46:21.122+0000] {processor.py:161} INFO - Started process (PID=692) to work on /opt/airflow/dags/fraud_dbt_dag.py
[2026-08-06T08:46:21.123+0000] {processor.py:830} INFO - Processing file /opt/airflow/dags/fraud_dbt_dag.py for tasks to queue
[2026-08-06T08:46:21.126+0000] {logging_mixin.py:188} INFO - [2026-08-06T08:46:21.125+0000] {dagbag.py:545} INFO - Filling up the DagBag from /opt/airflow/dags/fraud_dbt_dag.py
[2026-08-06T08:46:21.147+0000] {processor.py:840} INFO - DAG(s) 'fraud_pipeline_dbt_orchestration' retrieved from /opt/airflow/dags/fraud_dbt_dag.py
[2026-08-06T08:46:21.194+0000] {logging_mixin.py:188} INFO - [2026-08-06T08:46:21.193+0000] {dag.py:3089} INFO - Sync 1 DAGs
[2026-08-06T08:46:21.252+0000] {processor.py:183} INFO - Processing /opt/airflow/dags/fraud_dbt_dag.py took 0.142 seconds
[2026-08-06T08:46:51.406+0000] {processor.py:161} INFO - Started process (PID=697) to work on /opt/airflow/dags/fraud_dbt_dag.py
[2026-08-06T08:46:51.414+0000] {processor.py:830} INFO - Processing file /opt/airflow/dags/fraud_dbt_dag.py for tasks to queue
[2026-08-06T08:46:51.419+0000] {logging_mixin.py:188} INFO - [2026-08-06T08:46:51.418+0000] {dagbag.py:545} INFO - Filling up the DagBag from /opt/airflow/dags/fraud_dbt_dag.py
[2026-08-06T08:46:51.456+0000] {processor.py:840} INFO - DAG(s) 'fraud_pipeline_dbt_orchestration' retrieved from /opt/airflow/dags/fraud_dbt_dag.py
[2026-08-06T08:46:51.524+0000] {logging_mixin.py:188} INFO - [2026-08-06T08:46:51.523+0000] {dag.py:3089} INFO - Sync 1 DAGs
[2026-08-06T08:46:51.624+0000] {processor.py:183} INFO - Processing /opt/airflow/dags/fraud_dbt_dag.py took 0.233 seconds
[2026-08-06T08:47:21.795+0000] {processor.py:161} INFO - Started process (PID=721) to work on /opt/airflow/dags/fraud_dbt_dag.py
[2026-08-06T08:47:21.796+0000] {processor.py:830} INFO - Processing file /opt/airflow/dags/fraud_dbt_dag.py for tasks to queue
[2026-08-06T08:47:21.802+0000] {logging_mixin.py:188} INFO - [2026-08-06T08:47:21.801+0000] {dagbag.py:545} INFO - Filling up the DagBag from /opt/airflow/dags/fraud_dbt_dag.py
[2026-08-06T08:47:21.845+0000] {processor.py:840} INFO - DAG(s) 'fraud_pipeline_dbt_orchestration' retrieved from /opt/airflow/dags/fraud_dbt_dag.py
[2026-08-06T08:47:21.909+0000] {logging_mixin.py:188} INFO - [2026-08-06T08:47:21.908+0000] {dag.py:3089} INFO - Sync 1 DAGs
[2026-08-06T08:47:21.987+0000] {processor.py:183} INFO - Processing /opt/airflow/dags/fraud_dbt_dag.py took 0.226 seconds
[2026-08-06T08:47:52.132+0000] {processor.py:161} INFO - Started process (PID=726) to work on /opt/airflow/dags/fraud_dbt_dag.py
[2026-08-06T08:47:52.141+0000] {processor.py:830} INFO - Processing file /opt/airflow/dags/fraud_dbt_dag.py for tasks to queue
[2026-08-06T08:47:52.146+0000] {logging_mixin.py:188} INFO - [2026-08-06T08:47:52.145+0000] {dagbag.py:545} INFO - Filling up the DagBag from /opt/airflow/dags/fraud_dbt_dag.py
[2026-08-06T08:47:52.167+0000] {processor.py:840} INFO - DAG(s) 'fraud_pipeline_dbt_orchestration' retrieved from /opt/airflow/dags/fraud_dbt_dag.py
[2026-08-06T08:47:52.229+0000] {logging_mixin.py:188} INFO - [2026-08-06T08:47:52.228+0000] {dag.py:3089} INFO - Sync 1 DAGs
[2026-08-06T08:47:52.305+0000] {processor.py:183} INFO - Processing /opt/airflow/dags/fraud_dbt_dag.py took 0.188 seconds
[2026-08-06T08:48:22.488+0000] {processor.py:161} INFO - Started process (PID=731) to work on /opt/airflow/dags/fraud_dbt_dag.py
[2026-08-06T08:48:22.490+0000] {processor.py:830} INFO - Processing file /opt/airflow/dags/fraud_dbt_dag.py for tasks to queue
[2026-08-06T08:48:22.494+0000] {logging_mixin.py:188} INFO - [2026-08-06T08:48:22.494+0000] {dagbag.py:545} INFO - Filling up the DagBag from /opt/airflow/dags/fraud_dbt_dag.py
[2026-08-06T08:48:22.521+0000] {processor.py:840} INFO - DAG(s) 'fraud_pipeline_dbt_orchestration' retrieved from /opt/airflow/dags/fraud_dbt_dag.py
[2026-08-06T08:48:22.594+0000] {logging_mixin.py:188} INFO - [2026-08-06T08:48:22.592+0000] {dag.py:3089} INFO - Sync 1 DAGs
[2026-08-06T08:48:22.699+0000] {processor.py:183} INFO - Processing /opt/airflow/dags/fraud_dbt_dag.py took 0.227 seconds
[2026-08-06T08:48:52.830+0000] {processor.py:161} INFO - Started process (PID=736) to work on /opt/airflow/dags/fraud_dbt_dag.py
[2026-08-06T08:48:52.840+0000] {processor.py:830} INFO - Processing file /opt/airflow/dags/fraud_dbt_dag.py for tasks to queue
[2026-08-06T08:48:52.848+0000] {logging_mixin.py:188} INFO - [2026-08-06T08:48:52.847+0000] {dagbag.py:545} INFO - Filling up the DagBag from /opt/airflow/dags/fraud_dbt_dag.py
[2026-08-06T08:48:52.885+0000] {processor.py:840} INFO - DAG(s) 'fraud_pipeline_dbt_orchestration' retrieved from /opt/airflow/dags/fraud_dbt_dag.py
[2026-08-06T08:48:52.986+0000] {logging_mixin.py:188} INFO - [2026-08-06T08:48:52.985+0000] {dag.py:3089} INFO - Sync 1 DAGs
[2026-08-06T08:48:53.122+0000] {processor.py:183} INFO - Processing /opt/airflow/dags/fraud_dbt_dag.py took 0.312 seconds
[2026-08-06T08:49:23.203+0000] {processor.py:161} INFO - Started process (PID=760) to work on /opt/airflow/dags/fraud_dbt_dag.py
[2026-08-06T08:49:23.204+0000] {processor.py:830} INFO - Processing file /opt/airflow/dags/fraud_dbt_dag.py for tasks to queue
[2026-08-06T08:49:23.208+0000] {logging_mixin.py:188} INFO - [2026-08-06T08:49:23.207+0000] {dagbag.py:545} INFO - Filling up the DagBag from /opt/airflow/dags/fraud_dbt_dag.py
[2026-08-06T08:49:23.236+0000] {processor.py:840} INFO - DAG(s) 'fraud_pipeline_dbt_orchestration' retrieved from /opt/airflow/dags/fraud_dbt_dag.py
[2026-08-06T08:49:23.290+0000] {logging_mixin.py:188} INFO - [2026-08-06T08:49:23.290+0000] {dag.py:3089} INFO - Sync 1 DAGs
[2026-08-06T08:49:23.323+0000] {logging_mixin.py:188} INFO - [2026-08-06T08:49:23.322+0000] {dag.py:3947} INFO - Setting next_dagrun for fraud_pipeline_dbt_orchestration to 2026-08-06 08:45:00+00:00, run_after=2026-08-06 09:00:00+00:00
[2026-08-06T08:49:23.365+0000] {processor.py:183} INFO - Processing /opt/airflow/dags/fraud_dbt_dag.py took 0.174 seconds
[2026-08-06T08:49:53.648+0000] {processor.py:161} INFO - Started process (PID=765) to work on /opt/airflow/dags/fraud_dbt_dag.py
[2026-08-06T08:49:53.659+0000] {processor.py:830} INFO - Processing file /opt/airflow/dags/fraud_dbt_dag.py for tasks to queue
[2026-08-06T08:49:53.664+0000] {logging_mixin.py:188} INFO - [2026-08-06T08:49:53.663+0000] {dagbag.py:545} INFO - Filling up the DagBag from /opt/airflow/dags/fraud_dbt_dag.py
[2026-08-06T08:49:53.705+0000] {processor.py:840} INFO - DAG(s) 'fraud_pipeline_dbt_orchestration' retrieved from /opt/airflow/dags/fraud_dbt_dag.py
[2026-08-06T08:49:53.787+0000] {logging_mixin.py:188} INFO - [2026-08-06T08:49:53.787+0000] {dag.py:3089} INFO - Sync 1 DAGs
[2026-08-06T08:49:53.835+0000] {logging_mixin.py:188} INFO - [2026-08-06T08:49:53.835+0000] {dag.py:3947} INFO - Setting next_dagrun for fraud_pipeline_dbt_orchestration to 2026-08-06 08:45:00+00:00, run_after=2026-08-06 09:00:00+00:00
[2026-08-06T08:49:53.880+0000] {processor.py:183} INFO - Processing /opt/airflow/dags/fraud_dbt_dag.py took 0.269 seconds
[2026-08-06T08:50:24.195+0000] {processor.py:161} INFO - Started process (PID=770) to work on /opt/airflow/dags/fraud_dbt_dag.py
[2026-08-06T08:50:24.198+0000] {processor.py:830} INFO - Processing file /opt/airflow/dags/fraud_dbt_dag.py for tasks to queue
[2026-08-06T08:50:24.201+0000] {logging_mixin.py:188} INFO - [2026-08-06T08:50:24.201+0000] {dagbag.py:545} INFO - Filling up the DagBag from /opt/airflow/dags/fraud_dbt_dag.py
[2026-08-06T08:50:24.254+0000] {processor.py:840} INFO - DAG(s) 'fraud_pipeline_dbt_orchestration' retrieved from /opt/airflow/dags/fraud_dbt_dag.py
[2026-08-06T08:50:24.393+0000] {logging_mixin.py:188} INFO - [2026-08-06T08:50:24.392+0000] {dag.py:3089} INFO - Sync 1 DAGs
[2026-08-06T08:50:24.473+0000] {logging_mixin.py:188} INFO - [2026-08-06T08:50:24.472+0000] {dag.py:3947} INFO - Setting next_dagrun for fraud_pipeline_dbt_orchestration to 2026-08-06 08:45:00+00:00, run_after=2026-08-06 09:00:00+00:00
[2026-08-06T08:50:24.525+0000] {processor.py:183} INFO - Processing /opt/airflow/dags/fraud_dbt_dag.py took 0.362 seconds
[2026-08-06T08:50:54.809+0000] {processor.py:161} INFO - Started process (PID=775) to work on /opt/airflow/dags/fraud_dbt_dag.py
[2026-08-06T08:50:54.819+0000] {processor.py:830} INFO - Processing file /opt/airflow/dags/fraud_dbt_dag.py for tasks to queue
[2026-08-06T08:50:54.825+0000] {logging_mixin.py:188} INFO - [2026-08-06T08:50:54.824+0000] {dagbag.py:545} INFO - Filling up the DagBag from /opt/airflow/dags/fraud_dbt_dag.py
[2026-08-06T08:50:54.855+0000] {processor.py:840} INFO - DAG(s) 'fraud_pipeline_dbt_orchestration' retrieved from /opt/airflow/dags/fraud_dbt_dag.py
[2026-08-06T08:50:54.937+0000] {logging_mixin.py:188} INFO - [2026-08-06T08:50:54.937+0000] {dag.py:3089} INFO - Sync 1 DAGs
[2026-08-06T08:50:54.992+0000] {logging_mixin.py:188} INFO - [2026-08-06T08:50:54.991+0000] {dag.py:3947} INFO - Setting next_dagrun for fraud_pipeline_dbt_orchestration to 2026-08-06 08:45:00+00:00, run_after=2026-08-06 09:00:00+00:00
[2026-08-06T08:50:55.048+0000] {processor.py:183} INFO - Processing /opt/airflow/dags/fraud_dbt_dag.py took 0.260 seconds
[2026-08-06T08:51:25.374+0000] {processor.py:161} INFO - Started process (PID=780) to work on /opt/airflow/dags/fraud_dbt_dag.py
[2026-08-06T08:51:25.376+0000] {processor.py:830} INFO - Processing file /opt/airflow/dags/fraud_dbt_dag.py for tasks to queue
[2026-08-06T08:51:25.391+0000] {logging_mixin.py:188} INFO - [2026-08-06T08:51:25.390+0000] {dagbag.py:545} INFO - Filling up the DagBag from /opt/airflow/dags/fraud_dbt_dag.py
[2026-08-06T08:51:25.432+0000] {processor.py:840} INFO - DAG(s) 'fraud_pipeline_dbt_orchestration' retrieved from /opt/airflow/dags/fraud_dbt_dag.py
[2026-08-06T08:51:25.542+0000] {logging_mixin.py:188} INFO - [2026-08-06T08:51:25.541+0000] {dag.py:3089} INFO - Sync 1 DAGs
[2026-08-06T08:51:25.620+0000] {logging_mixin.py:188} INFO - [2026-08-06T08:51:25.618+0000] {dag.py:3947} INFO - Setting next_dagrun for fraud_pipeline_dbt_orchestration to 2026-08-06 08:45:00+00:00, run_after=2026-08-06 09:00:00+00:00
[2026-08-06T08:51:25.713+0000] {processor.py:183} INFO - Processing /opt/airflow/dags/fraud_dbt_dag.py took 0.365 seconds
[2026-08-06T08:51:56.014+0000] {processor.py:161} INFO - Started process (PID=785) to work on /opt/airflow/dags/fraud_dbt_dag.py
[2026-08-06T08:51:56.022+0000] {processor.py:830} INFO - Processing file /opt/airflow/dags/fraud_dbt_dag.py for tasks to queue
[2026-08-06T08:51:56.028+0000] {logging_mixin.py:188} INFO - [2026-08-06T08:51:56.027+0000] {dagbag.py:545} INFO - Filling up the DagBag from /opt/airflow/dags/fraud_dbt_dag.py
[2026-08-06T08:51:56.058+0000] {processor.py:840} INFO - DAG(s) 'fraud_pipeline_dbt_orchestration' retrieved from /opt/airflow/dags/fraud_dbt_dag.py
[2026-08-06T08:51:56.132+0000] {logging_mixin.py:188} INFO - [2026-08-06T08:51:56.132+0000] {dag.py:3089} INFO - Sync 1 DAGs
[2026-08-06T08:51:56.193+0000] {logging_mixin.py:188} INFO - [2026-08-06T08:51:56.190+0000] {dag.py:3947} INFO - Setting next_dagrun for fraud_pipeline_dbt_orchestration to 2026-08-06 08:45:00+00:00, run_after=2026-08-06 09:00:00+00:00
[2026-08-06T08:51:56.250+0000] {processor.py:183} INFO - Processing /opt/airflow/dags/fraud_dbt_dag.py took 0.254 seconds
[2026-08-06T08:52:26.544+0000] {processor.py:161} INFO - Started process (PID=790) to work on /opt/airflow/dags/fraud_dbt_dag.py
[2026-08-06T08:52:26.554+0000] {processor.py:830} INFO - Processing file /opt/airflow/dags/fraud_dbt_dag.py for tasks to queue
[2026-08-06T08:52:26.558+0000] {logging_mixin.py:188} INFO - [2026-08-06T08:52:26.557+0000] {dagbag.py:545} INFO - Filling up the DagBag from /opt/airflow/dags/fraud_dbt_dag.py
[2026-08-06T08:52:26.582+0000] {processor.py:840} INFO - DAG(s) 'fraud_pipeline_dbt_orchestration' retrieved from /opt/airflow/dags/fraud_dbt_dag.py
[2026-08-06T08:52:26.658+0000] {logging_mixin.py:188} INFO - [2026-08-06T08:52:26.657+0000] {dag.py:3089} INFO - Sync 1 DAGs
[2026-08-06T08:52:26.730+0000] {logging_mixin.py:188} INFO - [2026-08-06T08:52:26.729+0000] {dag.py:3947} INFO - Setting next_dagrun for fraud_pipeline_dbt_orchestration to 2026-08-06 08:45:00+00:00, run_after=2026-08-06 09:00:00+00:00
[2026-08-06T08:52:26.783+0000] {processor.py:183} INFO - Processing /opt/airflow/dags/fraud_dbt_dag.py took 0.260 seconds
[2026-08-06T08:52:57.044+0000] {processor.py:161} INFO - Started process (PID=795) to work on /opt/airflow/dags/fraud_dbt_dag.py
[2026-08-06T08:52:57.047+0000] {processor.py:830} INFO - Processing file /opt/airflow/dags/fraud_dbt_dag.py for tasks to queue
[2026-08-06T08:52:57.052+0000] {logging_mixin.py:188} INFO - [2026-08-06T08:52:57.051+0000] {dagbag.py:545} INFO - Filling up the DagBag from /opt/airflow/dags/fraud_dbt_dag.py
[2026-08-06T08:52:57.076+0000] {processor.py:840} INFO - DAG(s) 'fraud_pipeline_dbt_orchestration' retrieved from /opt/airflow/dags/fraud_dbt_dag.py
[2026-08-06T08:52:57.141+0000] {logging_mixin.py:188} INFO - [2026-08-06T08:52:57.141+0000] {dag.py:3089} INFO - Sync 1 DAGs
[2026-08-06T08:52:57.183+0000] {logging_mixin.py:188} INFO - [2026-08-06T08:52:57.183+0000] {dag.py:3947} INFO - Setting next_dagrun for fraud_pipeline_dbt_orchestration to 2026-08-06 08:45:00+00:00, run_after=2026-08-06 09:00:00+00:00
[2026-08-06T08:52:57.230+0000] {processor.py:183} INFO - Processing /opt/airflow/dags/fraud_dbt_dag.py took 0.199 seconds
[2026-08-06T08:53:27.488+0000] {processor.py:161} INFO - Started process (PID=800) to work on /opt/airflow/dags/fraud_dbt_dag.py
[2026-08-06T08:53:27.493+0000] {processor.py:830} INFO - Processing file /opt/airflow/dags/fraud_dbt_dag.py for tasks to queue
[2026-08-06T08:53:27.499+0000] {logging_mixin.py:188} INFO - [2026-08-06T08:53:27.498+0000] {dagbag.py:545} INFO - Filling up the DagBag from /opt/airflow/dags/fraud_dbt_dag.py
[2026-08-06T08:53:27.533+0000] {processor.py:840} INFO - DAG(s) 'fraud_pipeline_dbt_orchestration' retrieved from /opt/airflow/dags/fraud_dbt_dag.py
[2026-08-06T08:53:27.646+0000] {logging_mixin.py:188} INFO - [2026-08-06T08:53:27.646+0000] {dag.py:3089} INFO - Sync 1 DAGs
[2026-08-06T08:53:27.714+0000] {logging_mixin.py:188} INFO - [2026-08-06T08:53:27.713+0000] {dag.py:3947} INFO - Setting next_dagrun for fraud_pipeline_dbt_orchestration to 2026-08-06 08:45:00+00:00, run_after=2026-08-06 09:00:00+00:00
[2026-08-06T08:53:27.778+0000] {processor.py:183} INFO - Processing /opt/airflow/dags/fraud_dbt_dag.py took 0.326 seconds
[2026-08-06T08:53:58.069+0000] {processor.py:161} INFO - Started process (PID=805) to work on /opt/airflow/dags/fraud_dbt_dag.py
[2026-08-06T08:53:58.071+0000] {processor.py:830} INFO - Processing file /opt/airflow/dags/fraud_dbt_dag.py for tasks to queue
[2026-08-06T08:53:58.074+0000] {logging_mixin.py:188} INFO - [2026-08-06T08:53:58.073+0000] {dagbag.py:545} INFO - Filling up the DagBag from /opt/airflow/dags/fraud_dbt_dag.py
[2026-08-06T08:53:58.112+0000] {processor.py:840} INFO - DAG(s) 'fraud_pipeline_dbt_orchestration' retrieved from /opt/airflow/dags/fraud_dbt_dag.py
[2026-08-06T08:53:58.183+0000] {logging_mixin.py:188} INFO - [2026-08-06T08:53:58.183+0000] {dag.py:3089} INFO - Sync 1 DAGs
[2026-08-06T08:53:58.235+0000] {logging_mixin.py:188} INFO - [2026-08-06T08:53:58.235+0000] {dag.py:3947} INFO - Setting next_dagrun for fraud_pipeline_dbt_orchestration to 2026-08-06 08:45:00+00:00, run_after=2026-08-06 09:00:00+00:00
[2026-08-06T08:53:58.284+0000] {processor.py:183} INFO - Processing /opt/airflow/dags/fraud_dbt_dag.py took 0.234 seconds
[2026-08-06T08:54:28.565+0000] {processor.py:161} INFO - Started process (PID=810) to work on /opt/airflow/dags/fraud_dbt_dag.py
[2026-08-06T08:54:28.569+0000] {processor.py:830} INFO - Processing file /opt/airflow/dags/fraud_dbt_dag.py for tasks to queue
[2026-08-06T08:54:28.579+0000] {logging_mixin.py:188} INFO - [2026-08-06T08:54:28.578+0000] {dagbag.py:545} INFO - Filling up the DagBag from /opt/airflow/dags/fraud_dbt_dag.py
[2026-08-06T08:54:28.607+0000] {processor.py:840} INFO - DAG(s) 'fraud_pipeline_dbt_orchestration' retrieved from /opt/airflow/dags/fraud_dbt_dag.py
[2026-08-06T08:54:28.699+0000] {logging_mixin.py:188} INFO - [2026-08-06T08:54:28.698+0000] {dag.py:3089} INFO - Sync 1 DAGs
[2026-08-06T08:54:28.751+0000] {logging_mixin.py:188} INFO - [2026-08-06T08:54:28.750+0000] {dag.py:3947} INFO - Setting next_dagrun for fraud_pipeline_dbt_orchestration to 2026-08-06 08:45:00+00:00, run_after=2026-08-06 09:00:00+00:00
[2026-08-06T08:54:28.791+0000] {processor.py:183} INFO - Processing /opt/airflow/dags/fraud_dbt_dag.py took 0.256 seconds
[2026-08-06T08:54:59.091+0000] {processor.py:161} INFO - Started process (PID=815) to work on /opt/airflow/dags/fraud_dbt_dag.py
[2026-08-06T08:54:59.093+0000] {processor.py:830} INFO - Processing file /opt/airflow/dags/fraud_dbt_dag.py for tasks to queue
[2026-08-06T08:54:59.096+0000] {logging_mixin.py:188} INFO - [2026-08-06T08:54:59.095+0000] {dagbag.py:545} INFO - Filling up the DagBag from /opt/airflow/dags/fraud_dbt_dag.py
[2026-08-06T08:54:59.113+0000] {processor.py:840} INFO - DAG(s) 'fraud_pipeline_dbt_orchestration' retrieved from /opt/airflow/dags/fraud_dbt_dag.py
[2026-08-06T08:54:59.176+0000] {logging_mixin.py:188} INFO - [2026-08-06T08:54:59.176+0000] {dag.py:3089} INFO - Sync 1 DAGs
[2026-08-06T08:54:59.253+0000] {logging_mixin.py:188} INFO - [2026-08-06T08:54:59.253+0000] {dag.py:3947} INFO - Setting next_dagrun for fraud_pipeline_dbt_orchestration to 2026-08-06 08:45:00+00:00, run_after=2026-08-06 09:00:00+00:00
[2026-08-06T08:54:59.331+0000] {processor.py:183} INFO - Processing /opt/airflow/dags/fraud_dbt_dag.py took 0.255 seconds
[2026-08-06T08:55:29.611+0000] {processor.py:161} INFO - Started process (PID=820) to work on /opt/airflow/dags/fraud_dbt_dag.py
[2026-08-06T08:55:29.620+0000] {processor.py:830} INFO - Processing file /opt/airflow/dags/fraud_dbt_dag.py for tasks to queue
[2026-08-06T08:55:29.623+0000] {logging_mixin.py:188} INFO - [2026-08-06T08:55:29.622+0000] {dagbag.py:545} INFO - Filling up the DagBag from /opt/airflow/dags/fraud_dbt_dag.py
[2026-08-06T08:55:29.645+0000] {processor.py:840} INFO - DAG(s) 'fraud_pipeline_dbt_orchestration' retrieved from /opt/airflow/dags/fraud_dbt_dag.py
[2026-08-06T08:55:29.715+0000] {logging_mixin.py:188} INFO - [2026-08-06T08:55:29.715+0000] {dag.py:3089} INFO - Sync 1 DAGs
[2026-08-06T08:55:29.760+0000] {logging_mixin.py:188} INFO - [2026-08-06T08:55:29.760+0000] {dag.py:3947} INFO - Setting next_dagrun for fraud_pipeline_dbt_orchestration to 2026-08-06 08:45:00+00:00, run_after=2026-08-06 09:00:00+00:00
[2026-08-06T08:55:29.806+0000] {processor.py:183} INFO - Processing /opt/airflow/dags/fraud_dbt_dag.py took 0.214 seconds
[2026-08-06T08:56:00.048+0000] {processor.py:161} INFO - Started process (PID=825) to work on /opt/airflow/dags/fraud_dbt_dag.py
[2026-08-06T08:56:00.049+0000] {processor.py:830} INFO - Processing file /opt/airflow/dags/fraud_dbt_dag.py for tasks to queue
[2026-08-06T08:56:00.053+0000] {logging_mixin.py:188} INFO - [2026-08-06T08:56:00.052+0000] {dagbag.py:545} INFO - Filling up the DagBag from /opt/airflow/dags/fraud_dbt_dag.py
[2026-08-06T08:56:00.078+0000] {processor.py:840} INFO - DAG(s) 'fraud_pipeline_dbt_orchestration' retrieved from /opt/airflow/dags/fraud_dbt_dag.py
[2026-08-06T08:56:00.143+0000] {logging_mixin.py:188} INFO - [2026-08-06T08:56:00.142+0000] {dag.py:3089} INFO - Sync 1 DAGs
[2026-08-06T08:56:00.196+0000] {logging_mixin.py:188} INFO - [2026-08-06T08:56:00.196+0000] {dag.py:3947} INFO - Setting next_dagrun for fraud_pipeline_dbt_orchestration to 2026-08-06 08:45:00+00:00, run_after=2026-08-06 09:00:00+00:00
[2026-08-06T08:56:00.261+0000] {processor.py:183} INFO - Processing /opt/airflow/dags/fraud_dbt_dag.py took 0.231 seconds
[2026-08-06T08:56:30.511+0000] {processor.py:161} INFO - Started process (PID=830) to work on /opt/airflow/dags/fraud_dbt_dag.py
[2026-08-06T08:56:30.519+0000] {processor.py:830} INFO - Processing file /opt/airflow/dags/fraud_dbt_dag.py for tasks to queue
[2026-08-06T08:56:30.522+0000] {logging_mixin.py:188} INFO - [2026-08-06T08:56:30.521+0000] {dagbag.py:545} INFO - Filling up the DagBag from /opt/airflow/dags/fraud_dbt_dag.py
[2026-08-06T08:56:30.538+0000] {processor.py:840} INFO - DAG(s) 'fraud_pipeline_dbt_orchestration' retrieved from /opt/airflow/dags/fraud_dbt_dag.py
[2026-08-06T08:56:30.587+0000] {logging_mixin.py:188} INFO - [2026-08-06T08:56:30.586+0000] {dag.py:3089} INFO - Sync 1 DAGs
[2026-08-06T08:56:30.650+0000] {logging_mixin.py:188} INFO - [2026-08-06T08:56:30.649+0000] {dag.py:3947} INFO - Setting next_dagrun for fraud_pipeline_dbt_orchestration to 2026-08-06 08:45:00+00:00, run_after=2026-08-06 09:00:00+00:00
[2026-08-06T08:56:30.715+0000] {processor.py:183} INFO - Processing /opt/airflow/dags/fraud_dbt_dag.py took 0.216 seconds
[2026-08-06T08:57:00.996+0000] {processor.py:161} INFO - Started process (PID=835) to work on /opt/airflow/dags/fraud_dbt_dag.py
[2026-08-06T08:57:00.998+0000] {processor.py:830} INFO - Processing file /opt/airflow/dags/fraud_dbt_dag.py for tasks to queue
[2026-08-06T08:57:01.001+0000] {logging_mixin.py:188} INFO - [2026-08-06T08:57:01.000+0000] {dagbag.py:545} INFO - Filling up the DagBag from /opt/airflow/dags/fraud_dbt_dag.py
[2026-08-06T08:57:01.027+0000] {processor.py:840} INFO - DAG(s) 'fraud_pipeline_dbt_orchestration' retrieved from /opt/airflow/dags/fraud_dbt_dag.py
[2026-08-06T08:57:01.087+0000] {logging_mixin.py:188} INFO - [2026-08-06T08:57:01.087+0000] {dag.py:3089} INFO - Sync 1 DAGs
[2026-08-06T08:57:01.118+0000] {logging_mixin.py:188} INFO - [2026-08-06T08:57:01.117+0000] {dag.py:3947} INFO - Setting next_dagrun for fraud_pipeline_dbt_orchestration to 2026-08-06 08:45:00+00:00, run_after=2026-08-06 09:00:00+00:00
[2026-08-06T08:57:01.151+0000] {processor.py:183} INFO - Processing /opt/airflow/dags/fraud_dbt_dag.py took 0.168 seconds
[2026-08-06T08:57:31.259+0000] {processor.py:161} INFO - Started process (PID=840) to work on /opt/airflow/dags/fraud_dbt_dag.py
[2026-08-06T08:57:31.272+0000] {processor.py:830} INFO - Processing file /opt/airflow/dags/fraud_dbt_dag.py for tasks to queue
[2026-08-06T08:57:31.278+0000] {logging_mixin.py:188} INFO - [2026-08-06T08:57:31.277+0000] {dagbag.py:545} INFO - Filling up the DagBag from /opt/airflow/dags/fraud_dbt_dag.py
[2026-08-06T08:57:31.314+0000] {processor.py:840} INFO - DAG(s) 'fraud_pipeline_dbt_orchestration' retrieved from /opt/airflow/dags/fraud_dbt_dag.py
[2026-08-06T08:57:31.404+0000] {logging_mixin.py:188} INFO - [2026-08-06T08:57:31.403+0000] {dag.py:3089} INFO - Sync 1 DAGs
[2026-08-06T08:57:31.471+0000] {logging_mixin.py:188} INFO - [2026-08-06T08:57:31.470+0000] {dag.py:3947} INFO - Setting next_dagrun for fraud_pipeline_dbt_orchestration to 2026-08-06 08:45:00+00:00, run_after=2026-08-06 09:00:00+00:00
[2026-08-06T08:57:31.526+0000] {processor.py:183} INFO - Processing /opt/airflow/dags/fraud_dbt_dag.py took 0.296 seconds
[2026-08-06T08:58:01.726+0000] {processor.py:161} INFO - Started process (PID=845) to work on /opt/airflow/dags/fraud_dbt_dag.py
[2026-08-06T08:58:01.729+0000] {processor.py:830} INFO - Processing file /opt/airflow/dags/fraud_dbt_dag.py for tasks to queue
[2026-08-06T08:58:01.735+0000] {logging_mixin.py:188} INFO - [2026-08-06T08:58:01.734+0000] {dagbag.py:545} INFO - Filling up the DagBag from /opt/airflow/dags/fraud_dbt_dag.py
[2026-08-06T08:58:01.766+0000] {processor.py:840} INFO - DAG(s) 'fraud_pipeline_dbt_orchestration' retrieved from /opt/airflow/dags/fraud_dbt_dag.py
[2026-08-06T08:58:01.847+0000] {logging_mixin.py:188} INFO - [2026-08-06T08:58:01.847+0000] {dag.py:3089} INFO - Sync 1 DAGs
[2026-08-06T08:58:01.911+0000] {logging_mixin.py:188} INFO - [2026-08-06T08:58:01.910+0000] {dag.py:3947} INFO - Setting next_dagrun for fraud_pipeline_dbt_orchestration to 2026-08-06 08:45:00+00:00, run_after=2026-08-06 09:00:00+00:00
[2026-08-06T08:58:01.963+0000] {processor.py:183} INFO - Processing /opt/airflow/dags/fraud_dbt_dag.py took 0.258 seconds
[2026-08-06T08:58:32.049+0000] {processor.py:161} INFO - Started process (PID=850) to work on /opt/airflow/dags/fraud_dbt_dag.py
[2026-08-06T08:58:32.059+0000] {processor.py:830} INFO - Processing file /opt/airflow/dags/fraud_dbt_dag.py for tasks to queue
[2026-08-06T08:58:32.065+0000] {logging_mixin.py:188} INFO - [2026-08-06T08:58:32.064+0000] {dagbag.py:545} INFO - Filling up the DagBag from /opt/airflow/dags/fraud_dbt_dag.py
[2026-08-06T08:58:32.095+0000] {processor.py:840} INFO - DAG(s) 'fraud_pipeline_dbt_orchestration' retrieved from /opt/airflow/dags/fraud_dbt_dag.py
[2026-08-06T08:58:32.183+0000] {logging_mixin.py:188} INFO - [2026-08-06T08:58:32.182+0000] {dag.py:3089} INFO - Sync 1 DAGs
[2026-08-06T08:58:32.237+0000] {logging_mixin.py:188} INFO - [2026-08-06T08:58:32.237+0000] {dag.py:3947} INFO - Setting next_dagrun for fraud_pipeline_dbt_orchestration to 2026-08-06 08:45:00+00:00, run_after=2026-08-06 09:00:00+00:00
[2026-08-06T08:58:32.281+0000] {processor.py:183} INFO - Processing /opt/airflow/dags/fraud_dbt_dag.py took 0.251 seconds
[2026-08-06T08:59:02.457+0000] {processor.py:161} INFO - Started process (PID=855) to work on /opt/airflow/dags/fraud_dbt_dag.py
[2026-08-06T08:59:02.459+0000] {processor.py:830} INFO - Processing file /opt/airflow/dags/fraud_dbt_dag.py for tasks to queue
[2026-08-06T08:59:02.468+0000] {logging_mixin.py:188} INFO - [2026-08-06T08:59:02.466+0000] {dagbag.py:545} INFO - Filling up the DagBag from /opt/airflow/dags/fraud_dbt_dag.py
[2026-08-06T08:59:02.502+0000] {processor.py:840} INFO - DAG(s) 'fraud_pipeline_dbt_orchestration' retrieved from /opt/airflow/dags/fraud_dbt_dag.py
[2026-08-06T08:59:02.573+0000] {logging_mixin.py:188} INFO - [2026-08-06T08:59:02.572+0000] {dag.py:3089} INFO - Sync 1 DAGs
[2026-08-06T08:59:02.626+0000] {logging_mixin.py:188} INFO - [2026-08-06T08:59:02.626+0000] {dag.py:3947} INFO - Setting next_dagrun for fraud_pipeline_dbt_orchestration to 2026-08-06 08:45:00+00:00, run_after=2026-08-06 09:00:00+00:00
[2026-08-06T08:59:02.684+0000] {processor.py:183} INFO - Processing /opt/airflow/dags/fraud_dbt_dag.py took 0.246 seconds
[2026-08-06T08:59:32.784+0000] {processor.py:161} INFO - Started process (PID=860) to work on /opt/airflow/dags/fraud_dbt_dag.py
[2026-08-06T08:59:32.794+0000] {processor.py:830} INFO - Processing file /opt/airflow/dags/fraud_dbt_dag.py for tasks to queue
[2026-08-06T08:59:32.800+0000] {logging_mixin.py:188} INFO - [2026-08-06T08:59:32.799+0000] {dagbag.py:545} INFO - Filling up the DagBag from /opt/airflow/dags/fraud_dbt_dag.py
[2026-08-06T08:59:32.820+0000] {processor.py:840} INFO - DAG(s) 'fraud_pipeline_dbt_orchestration' retrieved from /opt/airflow/dags/fraud_dbt_dag.py
[2026-08-06T08:59:32.876+0000] {logging_mixin.py:188} INFO - [2026-08-06T08:59:32.876+0000] {dag.py:3089} INFO - Sync 1 DAGs
[2026-08-06T08:59:32.911+0000] {logging_mixin.py:188} INFO - [2026-08-06T08:59:32.911+0000] {dag.py:3947} INFO - Setting next_dagrun for fraud_pipeline_dbt_orchestration to 2026-08-06 08:45:00+00:00, run_after=2026-08-06 09:00:00+00:00
[2026-08-06T08:59:32.944+0000] {processor.py:183} INFO - Processing /opt/airflow/dags/fraud_dbt_dag.py took 0.178 seconds
[2026-08-06T09:00:03.173+0000] {processor.py:161} INFO - Started process (PID=868) to work on /opt/airflow/dags/fraud_dbt_dag.py
[2026-08-06T09:00:03.173+0000] {processor.py:830} INFO - Processing file /opt/airflow/dags/fraud_dbt_dag.py for tasks to queue
[2026-08-06T09:00:03.178+0000] {logging_mixin.py:188} INFO - [2026-08-06T09:00:03.177+0000] {dagbag.py:545} INFO - Filling up the DagBag from /opt/airflow/dags/fraud_dbt_dag.py
[2026-08-06T09:00:03.203+0000] {processor.py:840} INFO - DAG(s) 'fraud_pipeline_dbt_orchestration' retrieved from /opt/airflow/dags/fraud_dbt_dag.py
[2026-08-06T09:00:03.276+0000] {logging_mixin.py:188} INFO - [2026-08-06T09:00:03.275+0000] {dag.py:3089} INFO - Sync 1 DAGs
[2026-08-06T09:00:03.411+0000] {processor.py:183} INFO - Processing /opt/airflow/dags/fraud_dbt_dag.py took 0.254 seconds
[2026-08-06T09:00:33.715+0000] {processor.py:161} INFO - Started process (PID=891) to work on /opt/airflow/dags/fraud_dbt_dag.py
[2026-08-06T09:00:33.726+0000] {processor.py:830} INFO - Processing file /opt/airflow/dags/fraud_dbt_dag.py for tasks to queue
[2026-08-06T09:00:33.730+0000] {logging_mixin.py:188} INFO - [2026-08-06T09:00:33.729+0000] {dagbag.py:545} INFO - Filling up the DagBag from /opt/airflow/dags/fraud_dbt_dag.py
[2026-08-06T09:00:33.755+0000] {processor.py:840} INFO - DAG(s) 'fraud_pipeline_dbt_orchestration' retrieved from /opt/airflow/dags/fraud_dbt_dag.py
[2026-08-06T09:00:33.849+0000] {logging_mixin.py:188} INFO - [2026-08-06T09:00:33.849+0000] {dag.py:3089} INFO - Sync 1 DAGs
[2026-08-06T09:00:33.940+0000] {processor.py:183} INFO - Processing /opt/airflow/dags/fraud_dbt_dag.py took 0.242 seconds
[2026-08-06T09:01:04.214+0000] {processor.py:161} INFO - Started process (PID=896) to work on /opt/airflow/dags/fraud_dbt_dag.py
[2026-08-06T09:01:04.216+0000] {processor.py:830} INFO - Processing file /opt/airflow/dags/fraud_dbt_dag.py for tasks to queue
[2026-08-06T09:01:04.219+0000] {logging_mixin.py:188} INFO - [2026-08-06T09:01:04.218+0000] {dagbag.py:545} INFO - Filling up the DagBag from /opt/airflow/dags/fraud_dbt_dag.py
[2026-08-06T09:01:04.236+0000] {processor.py:840} INFO - DAG(s) 'fraud_pipeline_dbt_orchestration' retrieved from /opt/airflow/dags/fraud_dbt_dag.py
[2026-08-06T09:01:04.291+0000] {logging_mixin.py:188} INFO - [2026-08-06T09:01:04.291+0000] {dag.py:3089} INFO - Sync 1 DAGs
[2026-08-06T09:01:04.375+0000] {processor.py:183} INFO - Processing /opt/airflow/dags/fraud_dbt_dag.py took 0.173 seconds
[2026-08-06T09:01:34.465+0000] {processor.py:161} INFO - Started process (PID=901) to work on /opt/airflow/dags/fraud_dbt_dag.py
[2026-08-06T09:01:34.474+0000] {processor.py:830} INFO - Processing file /opt/airflow/dags/fraud_dbt_dag.py for tasks to queue
[2026-08-06T09:01:34.480+0000] {logging_mixin.py:188} INFO - [2026-08-06T09:01:34.479+0000] {dagbag.py:545} INFO - Filling up the DagBag from /opt/airflow/dags/fraud_dbt_dag.py
[2026-08-06T09:01:34.513+0000] {processor.py:840} INFO - DAG(s) 'fraud_pipeline_dbt_orchestration' retrieved from /opt/airflow/dags/fraud_dbt_dag.py
[2026-08-06T09:01:34.639+0000] {logging_mixin.py:188} INFO - [2026-08-06T09:01:34.638+0000] {dag.py:3089} INFO - Sync 1 DAGs
[2026-08-06T09:01:34.795+0000] {processor.py:183} INFO - Processing /opt/airflow/dags/fraud_dbt_dag.py took 0.350 seconds
[2026-08-06T09:02:04.899+0000] {processor.py:161} INFO - Started process (PID=906) to work on /opt/airflow/dags/fraud_dbt_dag.py
[2026-08-06T09:02:04.902+0000] {processor.py:830} INFO - Processing file /opt/airflow/dags/fraud_dbt_dag.py for tasks to queue
[2026-08-06T09:02:04.906+0000] {logging_mixin.py:188} INFO - [2026-08-06T09:02:04.905+0000] {dagbag.py:545} INFO - Filling up the DagBag from /opt/airflow/dags/fraud_dbt_dag.py
[2026-08-06T09:02:04.946+0000] {processor.py:840} INFO - DAG(s) 'fraud_pipeline_dbt_orchestration' retrieved from /opt/airflow/dags/fraud_dbt_dag.py
[2026-08-06T09:02:05.045+0000] {logging_mixin.py:188} INFO - [2026-08-06T09:02:05.044+0000] {dag.py:3089} INFO - Sync 1 DAGs
[2026-08-06T09:02:05.133+0000] {processor.py:183} INFO - Processing /opt/airflow/dags/fraud_dbt_dag.py took 0.262 seconds
[2026-08-06T09:02:35.308+0000] {processor.py:161} INFO - Started process (PID=930) to work on /opt/airflow/dags/fraud_dbt_dag.py
[2026-08-06T09:02:35.320+0000] {processor.py:830} INFO - Processing file /opt/airflow/dags/fraud_dbt_dag.py for tasks to queue
[2026-08-06T09:02:35.327+0000] {logging_mixin.py:188} INFO - [2026-08-06T09:02:35.326+0000] {dagbag.py:545} INFO - Filling up the DagBag from /opt/airflow/dags/fraud_dbt_dag.py
[2026-08-06T09:02:35.355+0000] {processor.py:840} INFO - DAG(s) 'fraud_pipeline_dbt_orchestration' retrieved from /opt/airflow/dags/fraud_dbt_dag.py
[2026-08-06T09:02:35.430+0000] {logging_mixin.py:188} INFO - [2026-08-06T09:02:35.430+0000] {dag.py:3089} INFO - Sync 1 DAGs
[2026-08-06T09:02:35.493+0000] {processor.py:183} INFO - Processing /opt/airflow/dags/fraud_dbt_dag.py took 0.199 seconds
[2026-08-06T09:03:05.636+0000] {processor.py:161} INFO - Started process (PID=935) to work on /opt/airflow/dags/fraud_dbt_dag.py
[2026-08-06T09:03:05.640+0000] {processor.py:830} INFO - Processing file /opt/airflow/dags/fraud_dbt_dag.py for tasks to queue
[2026-08-06T09:03:05.648+0000] {logging_mixin.py:188} INFO - [2026-08-06T09:03:05.647+0000] {dagbag.py:545} INFO - Filling up the DagBag from /opt/airflow/dags/fraud_dbt_dag.py
[2026-08-06T09:03:05.674+0000] {processor.py:840} INFO - DAG(s) 'fraud_pipeline_dbt_orchestration' retrieved from /opt/airflow/dags/fraud_dbt_dag.py
[2026-08-06T09:03:05.755+0000] {logging_mixin.py:188} INFO - [2026-08-06T09:03:05.755+0000] {dag.py:3089} INFO - Sync 1 DAGs
[2026-08-06T09:03:05.831+0000] {processor.py:183} INFO - Processing /opt/airflow/dags/fraud_dbt_dag.py took 0.231 seconds
[2026-08-06T09:03:35.963+0000] {processor.py:161} INFO - Started process (PID=940) to work on /opt/airflow/dags/fraud_dbt_dag.py
[2026-08-06T09:03:35.972+0000] {processor.py:830} INFO - Processing file /opt/airflow/dags/fraud_dbt_dag.py for tasks to queue
[2026-08-06T09:03:35.975+0000] {logging_mixin.py:188} INFO - [2026-08-06T09:03:35.974+0000] {dagbag.py:545} INFO - Filling up the DagBag from /opt/airflow/dags/fraud_dbt_dag.py
[2026-08-06T09:03:36.011+0000] {processor.py:840} INFO - DAG(s) 'fraud_pipeline_dbt_orchestration' retrieved from /opt/airflow/dags/fraud_dbt_dag.py
[2026-08-06T09:03:36.070+0000] {logging_mixin.py:188} INFO - [2026-08-06T09:03:36.069+0000] {dag.py:3089} INFO - Sync 1 DAGs
[2026-08-06T09:03:36.164+0000] {processor.py:183} INFO - Processing /opt/airflow/dags/fraud_dbt_dag.py took 0.215 seconds
[2026-08-06T09:04:06.299+0000] {processor.py:161} INFO - Started process (PID=945) to work on /opt/airflow/dags/fraud_dbt_dag.py
[2026-08-06T09:04:06.300+0000] {processor.py:830} INFO - Processing file /opt/airflow/dags/fraud_dbt_dag.py for tasks to queue
[2026-08-06T09:04:06.303+0000] {logging_mixin.py:188} INFO - [2026-08-06T09:04:06.302+0000] {dagbag.py:545} INFO - Filling up the DagBag from /opt/airflow/dags/fraud_dbt_dag.py
[2026-08-06T09:04:06.325+0000] {processor.py:840} INFO - DAG(s) 'fraud_pipeline_dbt_orchestration' retrieved from /opt/airflow/dags/fraud_dbt_dag.py
[2026-08-06T09:04:06.378+0000] {logging_mixin.py:188} INFO - [2026-08-06T09:04:06.377+0000] {dag.py:3089} INFO - Sync 1 DAGs
[2026-08-06T09:04:06.448+0000] {processor.py:183} INFO - Processing /opt/airflow/dags/fraud_dbt_dag.py took 0.167 seconds
[2026-08-06T09:04:36.683+0000] {processor.py:161} INFO - Started process (PID=969) to work on /opt/airflow/dags/fraud_dbt_dag.py
[2026-08-06T09:04:36.692+0000] {processor.py:830} INFO - Processing file /opt/airflow/dags/fraud_dbt_dag.py for tasks to queue
[2026-08-06T09:04:36.700+0000] {logging_mixin.py:188} INFO - [2026-08-06T09:04:36.698+0000] {dagbag.py:545} INFO - Filling up the DagBag from /opt/airflow/dags/fraud_dbt_dag.py
[2026-08-06T09:04:36.719+0000] {processor.py:840} INFO - DAG(s) 'fraud_pipeline_dbt_orchestration' retrieved from /opt/airflow/dags/fraud_dbt_dag.py
[2026-08-06T09:04:36.775+0000] {logging_mixin.py:188} INFO - [2026-08-06T09:04:36.775+0000] {dag.py:3089} INFO - Sync 1 DAGs
[2026-08-06T09:04:36.819+0000] {logging_mixin.py:188} INFO - [2026-08-06T09:04:36.819+0000] {dag.py:3947} INFO - Setting next_dagrun for fraud_pipeline_dbt_orchestration to 2026-08-06 09:00:00+00:00, run_after=2026-08-06 09:15:00+00:00
[2026-08-06T09:04:36.869+0000] {processor.py:183} INFO - Processing /opt/airflow/dags/fraud_dbt_dag.py took 0.213 seconds
[2026-08-06T09:05:06.950+0000] {processor.py:161} INFO - Started process (PID=974) to work on /opt/airflow/dags/fraud_dbt_dag.py
[2026-08-06T09:05:06.952+0000] {processor.py:830} INFO - Processing file /opt/airflow/dags/fraud_dbt_dag.py for tasks to queue
[2026-08-06T09:05:06.957+0000] {logging_mixin.py:188} INFO - [2026-08-06T09:05:06.957+0000] {dagbag.py:545} INFO - Filling up the DagBag from /opt/airflow/dags/fraud_dbt_dag.py
[2026-08-06T09:05:06.990+0000] {processor.py:840} INFO - DAG(s) 'fraud_pipeline_dbt_orchestration' retrieved from /opt/airflow/dags/fraud_dbt_dag.py
[2026-08-06T09:05:07.094+0000] {logging_mixin.py:188} INFO - [2026-08-06T09:05:07.094+0000] {dag.py:3089} INFO - Sync 1 DAGs
[2026-08-06T09:05:07.165+0000] {logging_mixin.py:188} INFO - [2026-08-06T09:05:07.165+0000] {dag.py:3947} INFO - Setting next_dagrun for fraud_pipeline_dbt_orchestration to 2026-08-06 09:00:00+00:00, run_after=2026-08-06 09:15:00+00:00
[2026-08-06T09:05:07.221+0000] {processor.py:183} INFO - Processing /opt/airflow/dags/fraud_dbt_dag.py took 0.286 seconds
[2026-08-06T09:05:37.339+0000] {processor.py:161} INFO - Started process (PID=979) to work on /opt/airflow/dags/fraud_dbt_dag.py
[2026-08-06T09:05:37.348+0000] {processor.py:830} INFO - Processing file /opt/airflow/dags/fraud_dbt_dag.py for tasks to queue
[2026-08-06T09:05:37.351+0000] {logging_mixin.py:188} INFO - [2026-08-06T09:05:37.351+0000] {dagbag.py:545} INFO - Filling up the DagBag from /opt/airflow/dags/fraud_dbt_dag.py
[2026-08-06T09:05:37.382+0000] {processor.py:840} INFO - DAG(s) 'fraud_pipeline_dbt_orchestration' retrieved from /opt/airflow/dags/fraud_dbt_dag.py
[2026-08-06T09:05:37.475+0000] {logging_mixin.py:188} INFO - [2026-08-06T09:05:37.465+0000] {dag.py:3089} INFO - Sync 1 DAGs
[2026-08-06T09:05:37.537+0000] {logging_mixin.py:188} INFO - [2026-08-06T09:05:37.537+0000] {dag.py:3947} INFO - Setting next_dagrun for fraud_pipeline_dbt_orchestration to 2026-08-06 09:00:00+00:00, run_after=2026-08-06 09:15:00+00:00
[2026-08-06T09:05:37.578+0000] {processor.py:183} INFO - Processing /opt/airflow/dags/fraud_dbt_dag.py took 0.251 seconds
[2026-08-06T09:06:07.683+0000] {processor.py:161} INFO - Started process (PID=984) to work on /opt/airflow/dags/fraud_dbt_dag.py
[2026-08-06T09:06:07.684+0000] {processor.py:830} INFO - Processing file /opt/airflow/dags/fraud_dbt_dag.py for tasks to queue
[2026-08-06T09:06:07.687+0000] {logging_mixin.py:188} INFO - [2026-08-06T09:06:07.686+0000] {dagbag.py:545} INFO - Filling up the DagBag from /opt/airflow/dags/fraud_dbt_dag.py
[2026-08-06T09:06:07.711+0000] {processor.py:840} INFO - DAG(s) 'fraud_pipeline_dbt_orchestration' retrieved from /opt/airflow/dags/fraud_dbt_dag.py
[2026-08-06T09:06:07.789+0000] {logging_mixin.py:188} INFO - [2026-08-06T09:06:07.788+0000] {dag.py:3089} INFO - Sync 1 DAGs
[2026-08-06T09:06:07.870+0000] {logging_mixin.py:188} INFO - [2026-08-06T09:06:07.869+0000] {dag.py:3947} INFO - Setting next_dagrun for fraud_pipeline_dbt_orchestration to 2026-08-06 09:00:00+00:00, run_after=2026-08-06 09:15:00+00:00
[2026-08-06T09:06:07.914+0000] {processor.py:183} INFO - Processing /opt/airflow/dags/fraud_dbt_dag.py took 0.246 seconds
[2026-08-06T09:06:38.047+0000] {processor.py:161} INFO - Started process (PID=989) to work on /opt/airflow/dags/fraud_dbt_dag.py
[2026-08-06T09:06:38.057+0000] {processor.py:830} INFO - Processing file /opt/airflow/dags/fraud_dbt_dag.py for tasks to queue
[2026-08-06T09:06:38.062+0000] {logging_mixin.py:188} INFO - [2026-08-06T09:06:38.061+0000] {dagbag.py:545} INFO - Filling up the DagBag from /opt/airflow/dags/fraud_dbt_dag.py
[2026-08-06T09:06:38.083+0000] {processor.py:840} INFO - DAG(s) 'fraud_pipeline_dbt_orchestration' retrieved from /opt/airflow/dags/fraud_dbt_dag.py
[2026-08-06T09:06:38.148+0000] {logging_mixin.py:188} INFO - [2026-08-06T09:06:38.147+0000] {dag.py:3089} INFO - Sync 1 DAGs
[2026-08-06T09:06:38.191+0000] {logging_mixin.py:188} INFO - [2026-08-06T09:06:38.191+0000] {dag.py:3947} INFO - Setting next_dagrun for fraud_pipeline_dbt_orchestration to 2026-08-06 09:00:00+00:00, run_after=2026-08-06 09:15:00+00:00
[2026-08-06T09:06:38.233+0000] {processor.py:183} INFO - Processing /opt/airflow/dags/fraud_dbt_dag.py took 0.198 seconds
[2026-08-06T09:07:08.374+0000] {processor.py:161} INFO - Started process (PID=994) to work on /opt/airflow/dags/fraud_dbt_dag.py
[2026-08-06T09:07:08.375+0000] {processor.py:830} INFO - Processing file /opt/airflow/dags/fraud_dbt_dag.py for tasks to queue
[2026-08-06T09:07:08.379+0000] {logging_mixin.py:188} INFO - [2026-08-06T09:07:08.378+0000] {dagbag.py:545} INFO - Filling up the DagBag from /opt/airflow/dags/fraud_dbt_dag.py
[2026-08-06T09:07:08.402+0000] {processor.py:840} INFO - DAG(s) 'fraud_pipeline_dbt_orchestration' retrieved from /opt/airflow/dags/fraud_dbt_dag.py
[2026-08-06T09:07:08.479+0000] {logging_mixin.py:188} INFO - [2026-08-06T09:07:08.479+0000] {dag.py:3089} INFO - Sync 1 DAGs
[2026-08-06T09:07:08.547+0000] {logging_mixin.py:188} INFO - [2026-08-06T09:07:08.547+0000] {dag.py:3947} INFO - Setting next_dagrun for fraud_pipeline_dbt_orchestration to 2026-08-06 09:00:00+00:00, run_after=2026-08-06 09:15:00+00:00
[2026-08-06T09:07:08.633+0000] {processor.py:183} INFO - Processing /opt/airflow/dags/fraud_dbt_dag.py took 0.270 seconds
[2026-08-06T09:07:38.781+0000] {processor.py:161} INFO - Started process (PID=999) to work on /opt/airflow/dags/fraud_dbt_dag.py
[2026-08-06T09:07:38.783+0000] {processor.py:830} INFO - Processing file /opt/airflow/dags/fraud_dbt_dag.py for tasks to queue
[2026-08-06T09:07:38.787+0000] {logging_mixin.py:188} INFO - [2026-08-06T09:07:38.786+0000] {dagbag.py:545} INFO - Filling up the DagBag from /opt/airflow/dags/fraud_dbt_dag.py
[2026-08-06T09:07:38.805+0000] {processor.py:840} INFO - DAG(s) 'fraud_pipeline_dbt_orchestration' retrieved from /opt/airflow/dags/fraud_dbt_dag.py
[2026-08-06T09:07:38.965+0000] {logging_mixin.py:188} INFO - [2026-08-06T09:07:38.964+0000] {dag.py:3089} INFO - Sync 1 DAGs
[2026-08-06T09:07:39.007+0000] {logging_mixin.py:188} INFO - [2026-08-06T09:07:39.006+0000] {dag.py:3947} INFO - Setting next_dagrun for fraud_pipeline_dbt_orchestration to 2026-08-06 09:00:00+00:00, run_after=2026-08-06 09:15:00+00:00
[2026-08-06T09:07:39.075+0000] {processor.py:183} INFO - Processing /opt/airflow/dags/fraud_dbt_dag.py took 0.318 seconds
[2026-08-06T09:08:09.191+0000] {processor.py:161} INFO - Started process (PID=1004) to work on /opt/airflow/dags/fraud_dbt_dag.py
[2026-08-06T09:08:09.192+0000] {processor.py:830} INFO - Processing file /opt/airflow/dags/fraud_dbt_dag.py for tasks to queue
[2026-08-06T09:08:09.195+0000] {logging_mixin.py:188} INFO - [2026-08-06T09:08:09.195+0000] {dagbag.py:545} INFO - Filling up the DagBag from /opt/airflow/dags/fraud_dbt_dag.py
[2026-08-06T09:08:09.214+0000] {processor.py:840} INFO - DAG(s) 'fraud_pipeline_dbt_orchestration' retrieved from /opt/airflow/dags/fraud_dbt_dag.py
[2026-08-06T09:08:09.287+0000] {logging_mixin.py:188} INFO - [2026-08-06T09:08:09.286+0000] {dag.py:3089} INFO - Sync 1 DAGs
[2026-08-06T09:08:09.321+0000] {logging_mixin.py:188} INFO - [2026-08-06T09:08:09.321+0000] {dag.py:3947} INFO - Setting next_dagrun for fraud_pipeline_dbt_orchestration to 2026-08-06 09:00:00+00:00, run_after=2026-08-06 09:15:00+00:00
[2026-08-06T09:08:09.354+0000] {processor.py:183} INFO - Processing /opt/airflow/dags/fraud_dbt_dag.py took 0.175 seconds
[2026-08-06T09:08:39.544+0000] {processor.py:161} INFO - Started process (PID=1009) to work on /opt/airflow/dags/fraud_dbt_dag.py
[2026-08-06T09:08:39.555+0000] {processor.py:830} INFO - Processing file /opt/airflow/dags/fraud_dbt_dag.py for tasks to queue
[2026-08-06T09:08:39.559+0000] {logging_mixin.py:188} INFO - [2026-08-06T09:08:39.558+0000] {dagbag.py:545} INFO - Filling up the DagBag from /opt/airflow/dags/fraud_dbt_dag.py
[2026-08-06T09:08:39.589+0000] {processor.py:840} INFO - DAG(s) 'fraud_pipeline_dbt_orchestration' retrieved from /opt/airflow/dags/fraud_dbt_dag.py
[2026-08-06T09:08:39.680+0000] {logging_mixin.py:188} INFO - [2026-08-06T09:08:39.679+0000] {dag.py:3089} INFO - Sync 1 DAGs
[2026-08-06T09:08:39.776+0000] {logging_mixin.py:188} INFO - [2026-08-06T09:08:39.775+0000] {dag.py:3947} INFO - Setting next_dagrun for fraud_pipeline_dbt_orchestration to 2026-08-06 09:00:00+00:00, run_after=2026-08-06 09:15:00+00:00
[2026-08-06T09:08:39.824+0000] {processor.py:183} INFO - Processing /opt/airflow/dags/fraud_dbt_dag.py took 0.292 seconds
[2026-08-06T09:09:10.150+0000] {processor.py:161} INFO - Started process (PID=1014) to work on /opt/airflow/dags/fraud_dbt_dag.py
[2026-08-06T09:09:10.196+0000] {processor.py:830} INFO - Processing file /opt/airflow/dags/fraud_dbt_dag.py for tasks to queue
[2026-08-06T09:09:10.215+0000] {logging_mixin.py:188} INFO - [2026-08-06T09:09:10.214+0000] {dagbag.py:545} INFO - Filling up the DagBag from /opt/airflow/dags/fraud_dbt_dag.py
[2026-08-06T09:09:10.251+0000] {processor.py:840} INFO - DAG(s) 'fraud_pipeline_dbt_orchestration' retrieved from /opt/airflow/dags/fraud_dbt_dag.py
[2026-08-06T09:09:10.350+0000] {logging_mixin.py:188} INFO - [2026-08-06T09:09:10.350+0000] {dag.py:3089} INFO - Sync 1 DAGs
[2026-08-06T09:09:10.406+0000] {logging_mixin.py:188} INFO - [2026-08-06T09:09:10.405+0000] {dag.py:3947} INFO - Setting next_dagrun for fraud_pipeline_dbt_orchestration to 2026-08-06 09:00:00+00:00, run_after=2026-08-06 09:15:00+00:00
[2026-08-06T09:09:10.468+0000] {processor.py:183} INFO - Processing /opt/airflow/dags/fraud_dbt_dag.py took 0.363 seconds
[2026-08-06T09:09:40.737+0000] {processor.py:161} INFO - Started process (PID=1019) to work on /opt/airflow/dags/fraud_dbt_dag.py
[2026-08-06T09:09:40.752+0000] {processor.py:830} INFO - Processing file /opt/airflow/dags/fraud_dbt_dag.py for tasks to queue
[2026-08-06T09:09:40.756+0000] {logging_mixin.py:188} INFO - [2026-08-06T09:09:40.755+0000] {dagbag.py:545} INFO - Filling up the DagBag from /opt/airflow/dags/fraud_dbt_dag.py
[2026-08-06T09:09:40.797+0000] {processor.py:840} INFO - DAG(s) 'fraud_pipeline_dbt_orchestration' retrieved from /opt/airflow/dags/fraud_dbt_dag.py
[2026-08-06T09:09:40.866+0000] {logging_mixin.py:188} INFO - [2026-08-06T09:09:40.865+0000] {dag.py:3089} INFO - Sync 1 DAGs
[2026-08-06T09:09:40.929+0000] {logging_mixin.py:188} INFO - [2026-08-06T09:09:40.928+0000] {dag.py:3947} INFO - Setting next_dagrun for fraud_pipeline_dbt_orchestration to 2026-08-06 09:00:00+00:00, run_after=2026-08-06 09:15:00+00:00
[2026-08-06T09:09:40.981+0000] {processor.py:183} INFO - Processing /opt/airflow/dags/fraud_dbt_dag.py took 0.264 seconds
[2026-08-06T09:10:11.247+0000] {processor.py:161} INFO - Started process (PID=1024) to work on /opt/airflow/dags/fraud_dbt_dag.py
[2026-08-06T09:10:11.248+0000] {processor.py:830} INFO - Processing file /opt/airflow/dags/fraud_dbt_dag.py for tasks to queue
[2026-08-06T09:10:11.250+0000] {logging_mixin.py:188} INFO - [2026-08-06T09:10:11.249+0000] {dagbag.py:545} INFO - Filling up the DagBag from /opt/airflow/dags/fraud_dbt_dag.py
[2026-08-06T09:10:11.265+0000] {processor.py:840} INFO - DAG(s) 'fraud_pipeline_dbt_orchestration' retrieved from /opt/airflow/dags/fraud_dbt_dag.py
[2026-08-06T09:10:11.317+0000] {logging_mixin.py:188} INFO - [2026-08-06T09:10:11.312+0000] {dag.py:3089} INFO - Sync 1 DAGs
[2026-08-06T09:10:11.343+0000] {logging_mixin.py:188} INFO - [2026-08-06T09:10:11.343+0000] {dag.py:3947} INFO - Setting next_dagrun for fraud_pipeline_dbt_orchestration to 2026-08-06 09:00:00+00:00, run_after=2026-08-06 09:15:00+00:00
[2026-08-06T09:10:11.365+0000] {processor.py:183} INFO - Processing /opt/airflow/dags/fraud_dbt_dag.py took 0.125 seconds
[2026-08-06T09:10:41.507+0000] {processor.py:161} INFO - Started process (PID=1029) to work on /opt/airflow/dags/fraud_dbt_dag.py
[2026-08-06T09:10:41.516+0000] {processor.py:830} INFO - Processing file /opt/airflow/dags/fraud_dbt_dag.py for tasks to queue
[2026-08-06T09:10:41.522+0000] {logging_mixin.py:188} INFO - [2026-08-06T09:10:41.521+0000] {dagbag.py:545} INFO - Filling up the DagBag from /opt/airflow/dags/fraud_dbt_dag.py
[2026-08-06T09:10:41.548+0000] {processor.py:840} INFO - DAG(s) 'fraud_pipeline_dbt_orchestration' retrieved from /opt/airflow/dags/fraud_dbt_dag.py
[2026-08-06T09:10:41.644+0000] {logging_mixin.py:188} INFO - [2026-08-06T09:10:41.643+0000] {dag.py:3089} INFO - Sync 1 DAGs
[2026-08-06T09:10:41.697+0000] {logging_mixin.py:188} INFO - [2026-08-06T09:10:41.696+0000] {dag.py:3947} INFO - Setting next_dagrun for fraud_pipeline_dbt_orchestration to 2026-08-06 09:00:00+00:00, run_after=2026-08-06 09:15:00+00:00
[2026-08-06T09:10:41.754+0000] {processor.py:183} INFO - Processing /opt/airflow/dags/fraud_dbt_dag.py took 0.266 seconds
[2026-08-06T09:11:11.843+0000] {processor.py:161} INFO - Started process (PID=1034) to work on /opt/airflow/dags/fraud_dbt_dag.py
[2026-08-06T09:11:11.844+0000] {processor.py:830} INFO - Processing file /opt/airflow/dags/fraud_dbt_dag.py for tasks to queue
[2026-08-06T09:11:11.848+0000] {logging_mixin.py:188} INFO - [2026-08-06T09:11:11.847+0000] {dagbag.py:545} INFO - Filling up the DagBag from /opt/airflow/dags/fraud_dbt_dag.py
[2026-08-06T09:11:11.868+0000] {processor.py:840} INFO - DAG(s) 'fraud_pipeline_dbt_orchestration' retrieved from /opt/airflow/dags/fraud_dbt_dag.py
[2026-08-06T09:11:11.971+0000] {logging_mixin.py:188} INFO - [2026-08-06T09:11:11.970+0000] {dag.py:3089} INFO - Sync 1 DAGs
[2026-08-06T09:11:12.016+0000] {logging_mixin.py:188} INFO - [2026-08-06T09:11:12.016+0000] {dag.py:3947} INFO - Setting next_dagrun for fraud_pipeline_dbt_orchestration to 2026-08-06 09:00:00+00:00, run_after=2026-08-06 09:15:00+00:00
[2026-08-06T09:11:12.065+0000] {processor.py:183} INFO - Processing /opt/airflow/dags/fraud_dbt_dag.py took 0.233 seconds
[2026-08-06T09:11:42.261+0000] {processor.py:161} INFO - Started process (PID=1039) to work on /opt/airflow/dags/fraud_dbt_dag.py
[2026-08-06T09:11:42.262+0000] {processor.py:830} INFO - Processing file /opt/airflow/dags/fraud_dbt_dag.py for tasks to queue
[2026-08-06T09:11:42.267+0000] {logging_mixin.py:188} INFO - [2026-08-06T09:11:42.267+0000] {dagbag.py:545} INFO - Filling up the DagBag from /opt/airflow/dags/fraud_dbt_dag.py
[2026-08-06T09:11:42.293+0000] {processor.py:840} INFO - DAG(s) 'fraud_pipeline_dbt_orchestration' retrieved from /opt/airflow/dags/fraud_dbt_dag.py
[2026-08-06T09:11:42.364+0000] {logging_mixin.py:188} INFO - [2026-08-06T09:11:42.364+0000] {dag.py:3089} INFO - Sync 1 DAGs
[2026-08-06T09:11:42.414+0000] {logging_mixin.py:188} INFO - [2026-08-06T09:11:42.414+0000] {dag.py:3947} INFO - Setting next_dagrun for fraud_pipeline_dbt_orchestration to 2026-08-06 09:00:00+00:00, run_after=2026-08-06 09:15:00+00:00
[2026-08-06T09:11:42.572+0000] {processor.py:183} INFO - Processing /opt/airflow/dags/fraud_dbt_dag.py took 0.329 seconds
[2026-08-06T09:12:12.825+0000] {processor.py:161} INFO - Started process (PID=1044) to work on /opt/airflow/dags/fraud_dbt_dag.py
[2026-08-06T09:12:12.834+0000] {processor.py:830} INFO - Processing file /opt/airflow/dags/fraud_dbt_dag.py for tasks to queue
[2026-08-06T09:12:12.841+0000] {logging_mixin.py:188} INFO - [2026-08-06T09:12:12.840+0000] {dagbag.py:545} INFO - Filling up the DagBag from /opt/airflow/dags/fraud_dbt_dag.py
[2026-08-06T09:12:12.870+0000] {processor.py:840} INFO - DAG(s) 'fraud_pipeline_dbt_orchestration' retrieved from /opt/airflow/dags/fraud_dbt_dag.py
[2026-08-06T09:12:12.947+0000] {logging_mixin.py:188} INFO - [2026-08-06T09:12:12.946+0000] {dag.py:3089} INFO - Sync 1 DAGs
[2026-08-06T09:12:13.003+0000] {logging_mixin.py:188} INFO - [2026-08-06T09:12:13.003+0000] {dag.py:3947} INFO - Setting next_dagrun for fraud_pipeline_dbt_orchestration to 2026-08-06 09:00:00+00:00, run_after=2026-08-06 09:15:00+00:00
[2026-08-06T09:12:13.056+0000] {processor.py:183} INFO - Processing /opt/airflow/dags/fraud_dbt_dag.py took 0.250 seconds
[2026-08-06T09:12:43.340+0000] {processor.py:161} INFO - Started process (PID=1049) to work on /opt/airflow/dags/fraud_dbt_dag.py
[2026-08-06T09:12:43.342+0000] {processor.py:830} INFO - Processing file /opt/airflow/dags/fraud_dbt_dag.py for tasks to queue
[2026-08-06T09:12:43.347+0000] {logging_mixin.py:188} INFO - [2026-08-06T09:12:43.346+0000] {dagbag.py:545} INFO - Filling up the DagBag from /opt/airflow/dags/fraud_dbt_dag.py
[2026-08-06T09:12:43.373+0000] {processor.py:840} INFO - DAG(s) 'fraud_pipeline_dbt_orchestration' retrieved from /opt/airflow/dags/fraud_dbt_dag.py
[2026-08-06T09:12:43.440+0000] {logging_mixin.py:188} INFO - [2026-08-06T09:12:43.440+0000] {dag.py:3089} INFO - Sync 1 DAGs
[2026-08-06T09:12:43.491+0000] {logging_mixin.py:188} INFO - [2026-08-06T09:12:43.490+0000] {dag.py:3947} INFO - Setting next_dagrun for fraud_pipeline_dbt_orchestration to 2026-08-06 09:00:00+00:00, run_after=2026-08-06 09:15:00+00:00
[2026-08-06T09:12:43.540+0000] {processor.py:183} INFO - Processing /opt/airflow/dags/fraud_dbt_dag.py took 0.220 seconds
[2026-08-06T09:13:13.814+0000] {processor.py:161} INFO - Started process (PID=1054) to work on /opt/airflow/dags/fraud_dbt_dag.py
[2026-08-06T09:13:13.824+0000] {processor.py:830} INFO - Processing file /opt/airflow/dags/fraud_dbt_dag.py for tasks to queue
[2026-08-06T09:13:13.829+0000] {logging_mixin.py:188} INFO - [2026-08-06T09:13:13.828+0000] {dagbag.py:545} INFO - Filling up the DagBag from /opt/airflow/dags/fraud_dbt_dag.py
[2026-08-06T09:13:13.861+0000] {processor.py:840} INFO - DAG(s) 'fraud_pipeline_dbt_orchestration' retrieved from /opt/airflow/dags/fraud_dbt_dag.py
[2026-08-06T09:13:13.929+0000] {logging_mixin.py:188} INFO - [2026-08-06T09:13:13.928+0000] {dag.py:3089} INFO - Sync 1 DAGs
[2026-08-06T09:13:13.990+0000] {logging_mixin.py:188} INFO - [2026-08-06T09:13:13.990+0000] {dag.py:3947} INFO - Setting next_dagrun for fraud_pipeline_dbt_orchestration to 2026-08-06 09:00:00+00:00, run_after=2026-08-06 09:15:00+00:00
[2026-08-06T09:13:14.063+0000] {processor.py:183} INFO - Processing /opt/airflow/dags/fraud_dbt_dag.py took 0.275 seconds
[2026-08-06T09:13:44.342+0000] {processor.py:161} INFO - Started process (PID=1059) to work on /opt/airflow/dags/fraud_dbt_dag.py
[2026-08-06T09:13:44.344+0000] {processor.py:830} INFO - Processing file /opt/airflow/dags/fraud_dbt_dag.py for tasks to queue
[2026-08-06T09:13:44.349+0000] {logging_mixin.py:188} INFO - [2026-08-06T09:13:44.348+0000] {dagbag.py:545} INFO - Filling up the DagBag from /opt/airflow/dags/fraud_dbt_dag.py
[2026-08-06T09:13:44.369+0000] {processor.py:840} INFO - DAG(s) 'fraud_pipeline_dbt_orchestration' retrieved from /opt/airflow/dags/fraud_dbt_dag.py
[2026-08-06T09:13:44.469+0000] {logging_mixin.py:188} INFO - [2026-08-06T09:13:44.468+0000] {dag.py:3089} INFO - Sync 1 DAGs
[2026-08-06T09:13:44.527+0000] {logging_mixin.py:188} INFO - [2026-08-06T09:13:44.527+0000] {dag.py:3947} INFO - Setting next_dagrun for fraud_pipeline_dbt_orchestration to 2026-08-06 09:00:00+00:00, run_after=2026-08-06 09:15:00+00:00
[2026-08-06T09:13:44.570+0000] {processor.py:183} INFO - Processing /opt/airflow/dags/fraud_dbt_dag.py took 0.240 seconds
[2026-08-06T09:14:14.808+0000] {processor.py:161} INFO - Started process (PID=1064) to work on /opt/airflow/dags/fraud_dbt_dag.py
[2026-08-06T09:14:14.818+0000] {processor.py:830} INFO - Processing file /opt/airflow/dags/fraud_dbt_dag.py for tasks to queue
[2026-08-06T09:14:14.823+0000] {logging_mixin.py:188} INFO - [2026-08-06T09:14:14.822+0000] {dagbag.py:545} INFO - Filling up the DagBag from /opt/airflow/dags/fraud_dbt_dag.py
[2026-08-06T09:14:14.845+0000] {processor.py:840} INFO - DAG(s) 'fraud_pipeline_dbt_orchestration' retrieved from /opt/airflow/dags/fraud_dbt_dag.py
[2026-08-06T09:14:14.924+0000] {logging_mixin.py:188} INFO - [2026-08-06T09:14:14.923+0000] {dag.py:3089} INFO - Sync 1 DAGs
[2026-08-06T09:14:14.973+0000] {logging_mixin.py:188} INFO - [2026-08-06T09:14:14.973+0000] {dag.py:3947} INFO - Setting next_dagrun for fraud_pipeline_dbt_orchestration to 2026-08-06 09:00:00+00:00, run_after=2026-08-06 09:15:00+00:00
[2026-08-06T09:14:15.024+0000] {processor.py:183} INFO - Processing /opt/airflow/dags/fraud_dbt_dag.py took 0.230 seconds
[2026-08-06T09:14:45.340+0000] {processor.py:161} INFO - Started process (PID=1069) to work on /opt/airflow/dags/fraud_dbt_dag.py
[2026-08-06T09:14:45.347+0000] {processor.py:830} INFO - Processing file /opt/airflow/dags/fraud_dbt_dag.py for tasks to queue
[2026-08-06T09:14:45.350+0000] {logging_mixin.py:188} INFO - [2026-08-06T09:14:45.350+0000] {dagbag.py:545} INFO - Filling up the DagBag from /opt/airflow/dags/fraud_dbt_dag.py
[2026-08-06T09:14:45.382+0000] {processor.py:840} INFO - DAG(s) 'fraud_pipeline_dbt_orchestration' retrieved from /opt/airflow/dags/fraud_dbt_dag.py
[2026-08-06T09:14:45.472+0000] {logging_mixin.py:188} INFO - [2026-08-06T09:14:45.472+0000] {dag.py:3089} INFO - Sync 1 DAGs
[2026-08-06T09:14:45.561+0000] {logging_mixin.py:188} INFO - [2026-08-06T09:14:45.561+0000] {dag.py:3947} INFO - Setting next_dagrun for fraud_pipeline_dbt_orchestration to 2026-08-06 09:00:00+00:00, run_after=2026-08-06 09:15:00+00:00
[2026-08-06T09:14:45.638+0000] {processor.py:183} INFO - Processing /opt/airflow/dags/fraud_dbt_dag.py took 0.323 seconds
[2026-08-06T09:15:15.913+0000] {processor.py:161} INFO - Started process (PID=1095) to work on /opt/airflow/dags/fraud_dbt_dag.py
[2026-08-06T09:15:15.918+0000] {processor.py:830} INFO - Processing file /opt/airflow/dags/fraud_dbt_dag.py for tasks to queue
[2026-08-06T09:15:15.922+0000] {logging_mixin.py:188} INFO - [2026-08-06T09:15:15.921+0000] {dagbag.py:545} INFO - Filling up the DagBag from /opt/airflow/dags/fraud_dbt_dag.py
[2026-08-06T09:15:15.946+0000] {processor.py:840} INFO - DAG(s) 'fraud_pipeline_dbt_orchestration' retrieved from /opt/airflow/dags/fraud_dbt_dag.py
[2026-08-06T09:15:16.019+0000] {logging_mixin.py:188} INFO - [2026-08-06T09:15:16.018+0000] {dag.py:3089} INFO - Sync 1 DAGs
[2026-08-06T09:15:16.095+0000] {processor.py:183} INFO - Processing /opt/airflow/dags/fraud_dbt_dag.py took 0.197 seconds
[2026-08-06T09:15:46.424+0000] {processor.py:161} INFO - Started process (PID=1100) to work on /opt/airflow/dags/fraud_dbt_dag.py
[2026-08-06T09:15:46.427+0000] {processor.py:830} INFO - Processing file /opt/airflow/dags/fraud_dbt_dag.py for tasks to queue
[2026-08-06T09:15:46.432+0000] {logging_mixin.py:188} INFO - [2026-08-06T09:15:46.432+0000] {dagbag.py:545} INFO - Filling up the DagBag from /opt/airflow/dags/fraud_dbt_dag.py
[2026-08-06T09:15:46.462+0000] {processor.py:840} INFO - DAG(s) 'fraud_pipeline_dbt_orchestration' retrieved from /opt/airflow/dags/fraud_dbt_dag.py
[2026-08-06T09:15:46.559+0000] {logging_mixin.py:188} INFO - [2026-08-06T09:15:46.558+0000] {dag.py:3089} INFO - Sync 1 DAGs
[2026-08-06T09:15:46.682+0000] {processor.py:183} INFO - Processing /opt/airflow/dags/fraud_dbt_dag.py took 0.308 seconds
[2026-08-06T09:16:16.948+0000] {processor.py:161} INFO - Started process (PID=1105) to work on /opt/airflow/dags/fraud_dbt_dag.py
[2026-08-06T09:16:16.958+0000] {processor.py:830} INFO - Processing file /opt/airflow/dags/fraud_dbt_dag.py for tasks to queue
[2026-08-06T09:16:16.962+0000] {logging_mixin.py:188} INFO - [2026-08-06T09:16:16.961+0000] {dagbag.py:545} INFO - Filling up the DagBag from /opt/airflow/dags/fraud_dbt_dag.py
[2026-08-06T09:16:16.982+0000] {processor.py:840} INFO - DAG(s) 'fraud_pipeline_dbt_orchestration' retrieved from /opt/airflow/dags/fraud_dbt_dag.py
[2026-08-06T09:16:17.031+0000] {logging_mixin.py:188} INFO - [2026-08-06T09:16:17.031+0000] {dag.py:3089} INFO - Sync 1 DAGs
[2026-08-06T09:16:17.126+0000] {processor.py:183} INFO - Processing /opt/airflow/dags/fraud_dbt_dag.py took 0.193 seconds
[2026-08-06T09:16:47.200+0000] {processor.py:161} INFO - Started process (PID=1110) to work on /opt/airflow/dags/fraud_dbt_dag.py
[2026-08-06T09:16:47.202+0000] {processor.py:830} INFO - Processing file /opt/airflow/dags/fraud_dbt_dag.py for tasks to queue
[2026-08-06T09:16:47.207+0000] {logging_mixin.py:188} INFO - [2026-08-06T09:16:47.206+0000] {dagbag.py:545} INFO - Filling up the DagBag from /opt/airflow/dags/fraud_dbt_dag.py
[2026-08-06T09:16:47.242+0000] {processor.py:840} INFO - DAG(s) 'fraud_pipeline_dbt_orchestration' retrieved from /opt/airflow/dags/fraud_dbt_dag.py
[2026-08-06T09:16:47.313+0000] {logging_mixin.py:188} INFO - [2026-08-06T09:16:47.312+0000] {dag.py:3089} INFO - Sync 1 DAGs
[2026-08-06T09:16:47.416+0000] {processor.py:183} INFO - Processing /opt/airflow/dags/fraud_dbt_dag.py took 0.231 seconds
[2026-08-06T09:17:17.624+0000] {processor.py:161} INFO - Started process (PID=1134) to work on /opt/airflow/dags/fraud_dbt_dag.py
[2026-08-06T09:17:17.634+0000] {processor.py:830} INFO - Processing file /opt/airflow/dags/fraud_dbt_dag.py for tasks to queue
[2026-08-06T09:17:17.639+0000] {logging_mixin.py:188} INFO - [2026-08-06T09:17:17.638+0000] {dagbag.py:545} INFO - Filling up the DagBag from /opt/airflow/dags/fraud_dbt_dag.py
[2026-08-06T09:17:17.663+0000] {processor.py:840} INFO - DAG(s) 'fraud_pipeline_dbt_orchestration' retrieved from /opt/airflow/dags/fraud_dbt_dag.py
[2026-08-06T09:17:17.836+0000] {logging_mixin.py:188} INFO - [2026-08-06T09:17:17.835+0000] {dag.py:3089} INFO - Sync 1 DAGs
[2026-08-06T09:17:17.935+0000] {processor.py:183} INFO - Processing /opt/airflow/dags/fraud_dbt_dag.py took 0.323 seconds
[2026-08-06T09:17:48.236+0000] {processor.py:161} INFO - Started process (PID=1139) to work on /opt/airflow/dags/fraud_dbt_dag.py
[2026-08-06T09:17:48.237+0000] {processor.py:830} INFO - Processing file /opt/airflow/dags/fraud_dbt_dag.py for tasks to queue
[2026-08-06T09:17:48.240+0000] {logging_mixin.py:188} INFO - [2026-08-06T09:17:48.239+0000] {dagbag.py:545} INFO - Filling up the DagBag from /opt/airflow/dags/fraud_dbt_dag.py
[2026-08-06T09:17:48.257+0000] {processor.py:840} INFO - DAG(s) 'fraud_pipeline_dbt_orchestration' retrieved from /opt/airflow/dags/fraud_dbt_dag.py
[2026-08-06T09:17:48.327+0000] {logging_mixin.py:188} INFO - [2026-08-06T09:17:48.326+0000] {dag.py:3089} INFO - Sync 1 DAGs
[2026-08-06T09:17:48.401+0000] {processor.py:183} INFO - Processing /opt/airflow/dags/fraud_dbt_dag.py took 0.186 seconds
[2026-08-06T09:18:18.461+0000] {processor.py:161} INFO - Started process (PID=1144) to work on /opt/airflow/dags/fraud_dbt_dag.py
[2026-08-06T09:18:18.479+0000] {processor.py:830} INFO - Processing file /opt/airflow/dags/fraud_dbt_dag.py for tasks to queue
[2026-08-06T09:18:18.483+0000] {logging_mixin.py:188} INFO - [2026-08-06T09:18:18.482+0000] {dagbag.py:545} INFO - Filling up the DagBag from /opt/airflow/dags/fraud_dbt_dag.py
[2026-08-06T09:18:18.527+0000] {processor.py:840} INFO - DAG(s) 'fraud_pipeline_dbt_orchestration' retrieved from /opt/airflow/dags/fraud_dbt_dag.py
[2026-08-06T09:18:18.597+0000] {logging_mixin.py:188} INFO - [2026-08-06T09:18:18.597+0000] {dag.py:3089} INFO - Sync 1 DAGs
[2026-08-06T09:18:18.679+0000] {processor.py:183} INFO - Processing /opt/airflow/dags/fraud_dbt_dag.py took 0.231 seconds
[2026-08-06T09:18:48.875+0000] {processor.py:161} INFO - Started process (PID=1149) to work on /opt/airflow/dags/fraud_dbt_dag.py
[2026-08-06T09:18:48.876+0000] {processor.py:830} INFO - Processing file /opt/airflow/dags/fraud_dbt_dag.py for tasks to queue
[2026-08-06T09:18:48.879+0000] {logging_mixin.py:188} INFO - [2026-08-06T09:18:48.878+0000] {dagbag.py:545} INFO - Filling up the DagBag from /opt/airflow/dags/fraud_dbt_dag.py
[2026-08-06T09:18:48.902+0000] {processor.py:840} INFO - DAG(s) 'fraud_pipeline_dbt_orchestration' retrieved from /opt/airflow/dags/fraud_dbt_dag.py
[2026-08-06T09:18:48.949+0000] {logging_mixin.py:188} INFO - [2026-08-06T09:18:48.948+0000] {dag.py:3089} INFO - Sync 1 DAGs
[2026-08-06T09:18:49.016+0000] {processor.py:183} INFO - Processing /opt/airflow/dags/fraud_dbt_dag.py took 0.151 seconds
[2026-08-06T09:19:19.160+0000] {processor.py:161} INFO - Started process (PID=1173) to work on /opt/airflow/dags/fraud_dbt_dag.py
[2026-08-06T09:19:19.169+0000] {processor.py:830} INFO - Processing file /opt/airflow/dags/fraud_dbt_dag.py for tasks to queue
[2026-08-06T09:19:19.175+0000] {logging_mixin.py:188} INFO - [2026-08-06T09:19:19.174+0000] {dagbag.py:545} INFO - Filling up the DagBag from /opt/airflow/dags/fraud_dbt_dag.py
[2026-08-06T09:19:19.231+0000] {processor.py:840} INFO - DAG(s) 'fraud_pipeline_dbt_orchestration' retrieved from /opt/airflow/dags/fraud_dbt_dag.py
[2026-08-06T09:19:19.317+0000] {logging_mixin.py:188} INFO - [2026-08-06T09:19:19.317+0000] {dag.py:3089} INFO - Sync 1 DAGs
[2026-08-06T09:19:19.369+0000] {logging_mixin.py:188} INFO - [2026-08-06T09:19:19.369+0000] {dag.py:3947} INFO - Setting next_dagrun for fraud_pipeline_dbt_orchestration to 2026-08-06 09:15:00+00:00, run_after=2026-08-06 09:30:00+00:00
[2026-08-06T09:19:19.427+0000] {processor.py:183} INFO - Processing /opt/airflow/dags/fraud_dbt_dag.py took 0.281 seconds
[2026-08-06T09:19:49.505+0000] {processor.py:161} INFO - Started process (PID=1178) to work on /opt/airflow/dags/fraud_dbt_dag.py
[2026-08-06T09:19:49.506+0000] {processor.py:830} INFO - Processing file /opt/airflow/dags/fraud_dbt_dag.py for tasks to queue
[2026-08-06T09:19:49.510+0000] {logging_mixin.py:188} INFO - [2026-08-06T09:19:49.509+0000] {dagbag.py:545} INFO - Filling up the DagBag from /opt/airflow/dags/fraud_dbt_dag.py
[2026-08-06T09:19:49.531+0000] {processor.py:840} INFO - DAG(s) 'fraud_pipeline_dbt_orchestration' retrieved from /opt/airflow/dags/fraud_dbt_dag.py
[2026-08-06T09:19:49.601+0000] {logging_mixin.py:188} INFO - [2026-08-06T09:19:49.600+0000] {dag.py:3089} INFO - Sync 1 DAGs
[2026-08-06T09:19:49.650+0000] {logging_mixin.py:188} INFO - [2026-08-06T09:19:49.649+0000] {dag.py:3947} INFO - Setting next_dagrun for fraud_pipeline_dbt_orchestration to 2026-08-06 09:15:00+00:00, run_after=2026-08-06 09:30:00+00:00
[2026-08-06T09:19:49.736+0000] {processor.py:183} INFO - Processing /opt/airflow/dags/fraud_dbt_dag.py took 0.244 seconds
[2026-08-06T09:20:20.010+0000] {processor.py:161} INFO - Started process (PID=1183) to work on /opt/airflow/dags/fraud_dbt_dag.py
[2026-08-06T09:20:20.012+0000] {processor.py:830} INFO - Processing file /opt/airflow/dags/fraud_dbt_dag.py for tasks to queue
[2026-08-06T09:20:20.025+0000] {logging_mixin.py:188} INFO - [2026-08-06T09:20:20.023+0000] {dagbag.py:545} INFO - Filling up the DagBag from /opt/airflow/dags/fraud_dbt_dag.py
[2026-08-06T09:20:20.063+0000] {processor.py:840} INFO - DAG(s) 'fraud_pipeline_dbt_orchestration' retrieved from /opt/airflow/dags/fraud_dbt_dag.py
[2026-08-06T09:20:20.219+0000] {logging_mixin.py:188} INFO - [2026-08-06T09:20:20.218+0000] {dag.py:3089} INFO - Sync 1 DAGs
[2026-08-06T09:20:20.442+0000] {logging_mixin.py:188} INFO - [2026-08-06T09:20:20.442+0000] {dag.py:3947} INFO - Setting next_dagrun for fraud_pipeline_dbt_orchestration to 2026-08-06 09:15:00+00:00, run_after=2026-08-06 09:30:00+00:00
[2026-08-06T09:20:20.491+0000] {processor.py:183} INFO - Processing /opt/airflow/dags/fraud_dbt_dag.py took 0.531 seconds
[2026-08-06T09:20:50.753+0000] {processor.py:161} INFO - Started process (PID=1188) to work on /opt/airflow/dags/fraud_dbt_dag.py
[2026-08-06T09:20:50.759+0000] {processor.py:830} INFO - Processing file /opt/airflow/dags/fraud_dbt_dag.py for tasks to queue
[2026-08-06T09:20:50.771+0000] {logging_mixin.py:188} INFO - [2026-08-06T09:20:50.770+0000] {dagbag.py:545} INFO - Filling up the DagBag from /opt/airflow/dags/fraud_dbt_dag.py
[2026-08-06T09:20:50.824+0000] {processor.py:840} INFO - DAG(s) 'fraud_pipeline_dbt_orchestration' retrieved from /opt/airflow/dags/fraud_dbt_dag.py
[2026-08-06T09:20:51.017+0000] {logging_mixin.py:188} INFO - [2026-08-06T09:20:51.016+0000] {dag.py:3089} INFO - Sync 1 DAGs
[2026-08-06T09:20:51.116+0000] {logging_mixin.py:188} INFO - [2026-08-06T09:20:51.116+0000] {dag.py:3947} INFO - Setting next_dagrun for fraud_pipeline_dbt_orchestration to 2026-08-06 09:15:00+00:00, run_after=2026-08-06 09:30:00+00:00
[2026-08-06T09:20:51.177+0000] {processor.py:183} INFO - Processing /opt/airflow/dags/fraud_dbt_dag.py took 0.458 seconds
[2026-08-06T09:21:21.503+0000] {processor.py:161} INFO - Started process (PID=1193) to work on /opt/airflow/dags/fraud_dbt_dag.py
[2026-08-06T09:21:21.508+0000] {processor.py:830} INFO - Processing file /opt/airflow/dags/fraud_dbt_dag.py for tasks to queue
[2026-08-06T09:21:21.522+0000] {logging_mixin.py:188} INFO - [2026-08-06T09:21:21.518+0000] {dagbag.py:545} INFO - Filling up the DagBag from /opt/airflow/dags/fraud_dbt_dag.py
[2026-08-06T09:21:21.589+0000] {processor.py:840} INFO - DAG(s) 'fraud_pipeline_dbt_orchestration' retrieved from /opt/airflow/dags/fraud_dbt_dag.py
[2026-08-06T09:21:21.755+0000] {logging_mixin.py:188} INFO - [2026-08-06T09:21:21.754+0000] {dag.py:3089} INFO - Sync 1 DAGs
[2026-08-06T09:21:21.878+0000] {logging_mixin.py:188} INFO - [2026-08-06T09:21:21.877+0000] {dag.py:3947} INFO - Setting next_dagrun for fraud_pipeline_dbt_orchestration to 2026-08-06 09:15:00+00:00, run_after=2026-08-06 09:30:00+00:00
[2026-08-06T09:21:21.954+0000] {processor.py:183} INFO - Processing /opt/airflow/dags/fraud_dbt_dag.py took 0.490 seconds
[2026-08-06T09:21:52.222+0000] {processor.py:161} INFO - Started process (PID=1198) to work on /opt/airflow/dags/fraud_dbt_dag.py
[2026-08-06T09:21:52.234+0000] {processor.py:830} INFO - Processing file /opt/airflow/dags/fraud_dbt_dag.py for tasks to queue
[2026-08-06T09:21:52.244+0000] {logging_mixin.py:188} INFO - [2026-08-06T09:21:52.243+0000] {dagbag.py:545} INFO - Filling up the DagBag from /opt/airflow/dags/fraud_dbt_dag.py
[2026-08-06T09:21:52.360+0000] {processor.py:840} INFO - DAG(s) 'fraud_pipeline_dbt_orchestration' retrieved from /opt/airflow/dags/fraud_dbt_dag.py
[2026-08-06T09:21:52.429+0000] {logging_mixin.py:188} INFO - [2026-08-06T09:21:52.428+0000] {dag.py:3089} INFO - Sync 1 DAGs
[2026-08-06T09:21:52.485+0000] {logging_mixin.py:188} INFO - [2026-08-06T09:21:52.485+0000] {dag.py:3947} INFO - Setting next_dagrun for fraud_pipeline_dbt_orchestration to 2026-08-06 09:15:00+00:00, run_after=2026-08-06 09:30:00+00:00
[2026-08-06T09:21:52.566+0000] {processor.py:183} INFO - Processing /opt/airflow/dags/fraud_dbt_dag.py took 0.362 seconds
[2026-08-06T09:22:22.852+0000] {processor.py:161} INFO - Started process (PID=1203) to work on /opt/airflow/dags/fraud_dbt_dag.py
[2026-08-06T09:22:22.853+0000] {processor.py:830} INFO - Processing file /opt/airflow/dags/fraud_dbt_dag.py for tasks to queue
[2026-08-06T09:22:22.857+0000] {logging_mixin.py:188} INFO - [2026-08-06T09:22:22.855+0000] {dagbag.py:545} INFO - Filling up the DagBag from /opt/airflow/dags/fraud_dbt_dag.py
[2026-08-06T09:22:22.885+0000] {processor.py:840} INFO - DAG(s) 'fraud_pipeline_dbt_orchestration' retrieved from /opt/airflow/dags/fraud_dbt_dag.py
[2026-08-06T09:22:22.972+0000] {logging_mixin.py:188} INFO - [2026-08-06T09:22:22.972+0000] {dag.py:3089} INFO - Sync 1 DAGs
[2026-08-06T09:22:23.012+0000] {logging_mixin.py:188} INFO - [2026-08-06T09:22:23.012+0000] {dag.py:3947} INFO - Setting next_dagrun for fraud_pipeline_dbt_orchestration to 2026-08-06 09:15:00+00:00, run_after=2026-08-06 09:30:00+00:00
[2026-08-06T09:22:23.055+0000] {processor.py:183} INFO - Processing /opt/airflow/dags/fraud_dbt_dag.py took 0.216 seconds
[2026-08-06T09:22:53.334+0000] {processor.py:161} INFO - Started process (PID=1208) to work on /opt/airflow/dags/fraud_dbt_dag.py
[2026-08-06T09:22:53.366+0000] {processor.py:830} INFO - Processing file /opt/airflow/dags/fraud_dbt_dag.py for tasks to queue
[2026-08-06T09:22:53.373+0000] {logging_mixin.py:188} INFO - [2026-08-06T09:22:53.372+0000] {dagbag.py:545} INFO - Filling up the DagBag from /opt/airflow/dags/fraud_dbt_dag.py
[2026-08-06T09:22:53.406+0000] {processor.py:840} INFO - DAG(s) 'fraud_pipeline_dbt_orchestration' retrieved from /opt/airflow/dags/fraud_dbt_dag.py
[2026-08-06T09:22:53.483+0000] {logging_mixin.py:188} INFO - [2026-08-06T09:22:53.483+0000] {dag.py:3089} INFO - Sync 1 DAGs
[2026-08-06T09:22:53.530+0000] {logging_mixin.py:188} INFO - [2026-08-06T09:22:53.530+0000] {dag.py:3947} INFO - Setting next_dagrun for fraud_pipeline_dbt_orchestration to 2026-08-06 09:15:00+00:00, run_after=2026-08-06 09:30:00+00:00
[2026-08-06T09:22:53.582+0000] {processor.py:183} INFO - Processing /opt/airflow/dags/fraud_dbt_dag.py took 0.267 seconds
[2026-08-06T09:23:23.878+0000] {processor.py:161} INFO - Started process (PID=1213) to work on /opt/airflow/dags/fraud_dbt_dag.py
[2026-08-06T09:23:23.880+0000] {processor.py:830} INFO - Processing file /opt/airflow/dags/fraud_dbt_dag.py for tasks to queue
[2026-08-06T09:23:23.887+0000] {logging_mixin.py:188} INFO - [2026-08-06T09:23:23.886+0000] {dagbag.py:545} INFO - Filling up the DagBag from /opt/airflow/dags/fraud_dbt_dag.py
[2026-08-06T09:23:23.932+0000] {processor.py:840} INFO - DAG(s) 'fraud_pipeline_dbt_orchestration' retrieved from /opt/airflow/dags/fraud_dbt_dag.py
[2026-08-06T09:23:23.998+0000] {logging_mixin.py:188} INFO - [2026-08-06T09:23:23.997+0000] {dag.py:3089} INFO - Sync 1 DAGs
[2026-08-06T09:23:24.063+0000] {logging_mixin.py:188} INFO - [2026-08-06T09:23:24.062+0000] {dag.py:3947} INFO - Setting next_dagrun for fraud_pipeline_dbt_orchestration to 2026-08-06 09:15:00+00:00, run_after=2026-08-06 09:30:00+00:00
[2026-08-06T09:23:24.134+0000] {processor.py:183} INFO - Processing /opt/airflow/dags/fraud_dbt_dag.py took 0.308 seconds
[2026-08-06T09:23:54.401+0000] {processor.py:161} INFO - Started process (PID=1218) to work on /opt/airflow/dags/fraud_dbt_dag.py
[2026-08-06T09:23:54.477+0000] {processor.py:830} INFO - Processing file /opt/airflow/dags/fraud_dbt_dag.py for tasks to queue
[2026-08-06T09:23:54.485+0000] {logging_mixin.py:188} INFO - [2026-08-06T09:23:54.484+0000] {dagbag.py:545} INFO - Filling up the DagBag from /opt/airflow/dags/fraud_dbt_dag.py
[2026-08-06T09:23:54.521+0000] {processor.py:840} INFO - DAG(s) 'fraud_pipeline_dbt_orchestration' retrieved from /opt/airflow/dags/fraud_dbt_dag.py
[2026-08-06T09:23:54.591+0000] {logging_mixin.py:188} INFO - [2026-08-06T09:23:54.590+0000] {dag.py:3089} INFO - Sync 1 DAGs
[2026-08-06T09:23:54.642+0000] {logging_mixin.py:188} INFO - [2026-08-06T09:23:54.641+0000] {dag.py:3947} INFO - Setting next_dagrun for fraud_pipeline_dbt_orchestration to 2026-08-06 09:15:00+00:00, run_after=2026-08-06 09:30:00+00:00
[2026-08-06T09:23:54.691+0000] {processor.py:183} INFO - Processing /opt/airflow/dags/fraud_dbt_dag.py took 0.316 seconds
[2026-08-06T09:24:24.956+0000] {processor.py:161} INFO - Started process (PID=1223) to work on /opt/airflow/dags/fraud_dbt_dag.py
[2026-08-06T09:24:24.957+0000] {processor.py:830} INFO - Processing file /opt/airflow/dags/fraud_dbt_dag.py for tasks to queue
[2026-08-06T09:24:24.962+0000] {logging_mixin.py:188} INFO - [2026-08-06T09:24:24.962+0000] {dagbag.py:545} INFO - Filling up the DagBag from /opt/airflow/dags/fraud_dbt_dag.py
[2026-08-06T09:24:24.985+0000] {processor.py:840} INFO - DAG(s) 'fraud_pipeline_dbt_orchestration' retrieved from /opt/airflow/dags/fraud_dbt_dag.py
[2026-08-06T09:24:25.091+0000] {logging_mixin.py:188} INFO - [2026-08-06T09:24:25.091+0000] {dag.py:3089} INFO - Sync 1 DAGs
[2026-08-06T09:24:25.140+0000] {logging_mixin.py:188} INFO - [2026-08-06T09:24:25.139+0000] {dag.py:3947} INFO - Setting next_dagrun for fraud_pipeline_dbt_orchestration to 2026-08-06 09:15:00+00:00, run_after=2026-08-06 09:30:00+00:00
[2026-08-06T09:24:25.187+0000] {processor.py:183} INFO - Processing /opt/airflow/dags/fraud_dbt_dag.py took 0.246 seconds
[2026-08-06T09:24:55.450+0000] {processor.py:161} INFO - Started process (PID=1228) to work on /opt/airflow/dags/fraud_dbt_dag.py
[2026-08-06T09:24:55.464+0000] {processor.py:830} INFO - Processing file /opt/airflow/dags/fraud_dbt_dag.py for tasks to queue
[2026-08-06T09:24:55.481+0000] {logging_mixin.py:188} INFO - [2026-08-06T09:24:55.479+0000] {dagbag.py:545} INFO - Filling up the DagBag from /opt/airflow/dags/fraud_dbt_dag.py
[2026-08-06T09:24:55.515+0000] {processor.py:840} INFO - DAG(s) 'fraud_pipeline_dbt_orchestration' retrieved from /opt/airflow/dags/fraud_dbt_dag.py
[2026-08-06T09:24:55.606+0000] {logging_mixin.py:188} INFO - [2026-08-06T09:24:55.605+0000] {dag.py:3089} INFO - Sync 1 DAGs
[2026-08-06T09:24:55.691+0000] {logging_mixin.py:188} INFO - [2026-08-06T09:24:55.690+0000] {dag.py:3947} INFO - Setting next_dagrun for fraud_pipeline_dbt_orchestration to 2026-08-06 09:15:00+00:00, run_after=2026-08-06 09:30:00+00:00
[2026-08-06T09:24:55.763+0000] {processor.py:183} INFO - Processing /opt/airflow/dags/fraud_dbt_dag.py took 0.337 seconds
[2026-08-06T09:25:26.061+0000] {processor.py:161} INFO - Started process (PID=1233) to work on /opt/airflow/dags/fraud_dbt_dag.py
[2026-08-06T09:25:26.062+0000] {processor.py:830} INFO - Processing file /opt/airflow/dags/fraud_dbt_dag.py for tasks to queue
[2026-08-06T09:25:26.092+0000] {logging_mixin.py:188} INFO - [2026-08-06T09:25:26.090+0000] {dagbag.py:545} INFO - Filling up the DagBag from /opt/airflow/dags/fraud_dbt_dag.py
[2026-08-06T09:25:26.137+0000] {processor.py:840} INFO - DAG(s) 'fraud_pipeline_dbt_orchestration' retrieved from /opt/airflow/dags/fraud_dbt_dag.py
[2026-08-06T09:25:26.272+0000] {logging_mixin.py:188} INFO - [2026-08-06T09:25:26.271+0000] {dag.py:3089} INFO - Sync 1 DAGs
[2026-08-06T09:25:26.333+0000] {logging_mixin.py:188} INFO - [2026-08-06T09:25:26.332+0000] {dag.py:3947} INFO - Setting next_dagrun for fraud_pipeline_dbt_orchestration to 2026-08-06 09:15:00+00:00, run_after=2026-08-06 09:30:00+00:00
[2026-08-06T09:25:26.390+0000] {processor.py:183} INFO - Processing /opt/airflow/dags/fraud_dbt_dag.py took 0.366 seconds
[2026-08-06T09:25:56.691+0000] {processor.py:161} INFO - Started process (PID=1238) to work on /opt/airflow/dags/fraud_dbt_dag.py
[2026-08-06T09:25:56.693+0000] {processor.py:830} INFO - Processing file /opt/airflow/dags/fraud_dbt_dag.py for tasks to queue
[2026-08-06T09:25:56.698+0000] {logging_mixin.py:188} INFO - [2026-08-06T09:25:56.697+0000] {dagbag.py:545} INFO - Filling up the DagBag from /opt/airflow/dags/fraud_dbt_dag.py
[2026-08-06T09:25:56.720+0000] {processor.py:840} INFO - DAG(s) 'fraud_pipeline_dbt_orchestration' retrieved from /opt/airflow/dags/fraud_dbt_dag.py
[2026-08-06T09:25:56.807+0000] {logging_mixin.py:188} INFO - [2026-08-06T09:25:56.806+0000] {dag.py:3089} INFO - Sync 1 DAGs
[2026-08-06T09:25:56.862+0000] {logging_mixin.py:188} INFO - [2026-08-06T09:25:56.861+0000] {dag.py:3947} INFO - Setting next_dagrun for fraud_pipeline_dbt_orchestration to 2026-08-06 09:15:00+00:00, run_after=2026-08-06 09:30:00+00:00
[2026-08-06T09:25:56.912+0000] {processor.py:183} INFO - Processing /opt/airflow/dags/fraud_dbt_dag.py took 0.237 seconds
[2026-08-06T09:26:27.212+0000] {processor.py:161} INFO - Started process (PID=1243) to work on /opt/airflow/dags/fraud_dbt_dag.py
[2026-08-06T09:26:27.230+0000] {processor.py:830} INFO - Processing file /opt/airflow/dags/fraud_dbt_dag.py for tasks to queue
[2026-08-06T09:26:27.240+0000] {logging_mixin.py:188} INFO - [2026-08-06T09:26:27.239+0000] {dagbag.py:545} INFO - Filling up the DagBag from /opt/airflow/dags/fraud_dbt_dag.py
[2026-08-06T09:26:27.265+0000] {processor.py:840} INFO - DAG(s) 'fraud_pipeline_dbt_orchestration' retrieved from /opt/airflow/dags/fraud_dbt_dag.py
[2026-08-06T09:26:27.351+0000] {logging_mixin.py:188} INFO - [2026-08-06T09:26:27.351+0000] {dag.py:3089} INFO - Sync 1 DAGs
[2026-08-06T09:26:27.409+0000] {logging_mixin.py:188} INFO - [2026-08-06T09:26:27.408+0000] {dag.py:3947} INFO - Setting next_dagrun for fraud_pipeline_dbt_orchestration to 2026-08-06 09:15:00+00:00, run_after=2026-08-06 09:30:00+00:00
[2026-08-06T09:26:27.461+0000] {processor.py:183} INFO - Processing /opt/airflow/dags/fraud_dbt_dag.py took 0.268 seconds
[2026-08-06T09:26:57.751+0000] {processor.py:161} INFO - Started process (PID=1248) to work on /opt/airflow/dags/fraud_dbt_dag.py
[2026-08-06T09:26:57.763+0000] {processor.py:830} INFO - Processing file /opt/airflow/dags/fraud_dbt_dag.py for tasks to queue
[2026-08-06T09:26:57.768+0000] {logging_mixin.py:188} INFO - [2026-08-06T09:26:57.767+0000] {dagbag.py:545} INFO - Filling up the DagBag from /opt/airflow/dags/fraud_dbt_dag.py
[2026-08-06T09:26:57.806+0000] {processor.py:840} INFO - DAG(s) 'fraud_pipeline_dbt_orchestration' retrieved from /opt/airflow/dags/fraud_dbt_dag.py
[2026-08-06T09:26:57.900+0000] {logging_mixin.py:188} INFO - [2026-08-06T09:26:57.899+0000] {dag.py:3089} INFO - Sync 1 DAGs
[2026-08-06T09:26:57.955+0000] {logging_mixin.py:188} INFO - [2026-08-06T09:26:57.954+0000] {dag.py:3947} INFO - Setting next_dagrun for fraud_pipeline_dbt_orchestration to 2026-08-06 09:15:00+00:00, run_after=2026-08-06 09:30:00+00:00
[2026-08-06T09:26:58.010+0000] {processor.py:183} INFO - Processing /opt/airflow/dags/fraud_dbt_dag.py took 0.285 seconds
[2026-08-06T09:27:28.318+0000] {processor.py:161} INFO - Started process (PID=1253) to work on /opt/airflow/dags/fraud_dbt_dag.py
[2026-08-06T09:27:28.325+0000] {processor.py:830} INFO - Processing file /opt/airflow/dags/fraud_dbt_dag.py for tasks to queue
[2026-08-06T09:27:28.334+0000] {logging_mixin.py:188} INFO - [2026-08-06T09:27:28.333+0000] {dagbag.py:545} INFO - Filling up the DagBag from /opt/airflow/dags/fraud_dbt_dag.py
[2026-08-06T09:27:28.373+0000] {processor.py:840} INFO - DAG(s) 'fraud_pipeline_dbt_orchestration' retrieved from /opt/airflow/dags/fraud_dbt_dag.py
[2026-08-06T09:27:28.440+0000] {logging_mixin.py:188} INFO - [2026-08-06T09:27:28.440+0000] {dag.py:3089} INFO - Sync 1 DAGs
[2026-08-06T09:27:28.481+0000] {logging_mixin.py:188} INFO - [2026-08-06T09:27:28.481+0000] {dag.py:3947} INFO - Setting next_dagrun for fraud_pipeline_dbt_orchestration to 2026-08-06 09:15:00+00:00, run_after=2026-08-06 09:30:00+00:00
[2026-08-06T09:27:28.525+0000] {processor.py:183} INFO - Processing /opt/airflow/dags/fraud_dbt_dag.py took 0.262 seconds
[2026-08-06T09:29:55.049+0000] {processor.py:161} INFO - Started process (PID=229) to work on /opt/airflow/dags/fraud_dbt_dag.py
[2026-08-06T09:29:55.059+0000] {processor.py:830} INFO - Processing file /opt/airflow/dags/fraud_dbt_dag.py for tasks to queue
[2026-08-06T09:29:55.064+0000] {logging_mixin.py:188} INFO - [2026-08-06T09:29:55.063+0000] {dagbag.py:545} INFO - Filling up the DagBag from /opt/airflow/dags/fraud_dbt_dag.py
[2026-08-06T09:29:55.120+0000] {processor.py:840} INFO - DAG(s) 'fraud_pipeline_dbt_orchestration' retrieved from /opt/airflow/dags/fraud_dbt_dag.py
[2026-08-06T09:29:55.504+0000] {logging_mixin.py:188} INFO - [2026-08-06T09:29:55.503+0000] {dag.py:3089} INFO - Sync 1 DAGs
[2026-08-06T09:29:55.530+0000] {logging_mixin.py:188} INFO - [2026-08-06T09:29:55.530+0000] {dag.py:3947} INFO - Setting next_dagrun for fraud_pipeline_dbt_orchestration to 2026-08-06 09:15:00+00:00, run_after=2026-08-06 09:30:00+00:00
[2026-08-06T09:29:55.563+0000] {processor.py:183} INFO - Processing /opt/airflow/dags/fraud_dbt_dag.py took 0.537 seconds
[2026-08-06T09:30:25.745+0000] {processor.py:161} INFO - Started process (PID=267) to work on /opt/airflow/dags/fraud_dbt_dag.py
[2026-08-06T09:30:25.746+0000] {processor.py:830} INFO - Processing file /opt/airflow/dags/fraud_dbt_dag.py for tasks to queue
[2026-08-06T09:30:25.749+0000] {logging_mixin.py:188} INFO - [2026-08-06T09:30:25.748+0000] {dagbag.py:545} INFO - Filling up the DagBag from /opt/airflow/dags/fraud_dbt_dag.py
[2026-08-06T09:30:25.774+0000] {processor.py:840} INFO - DAG(s) 'fraud_pipeline_dbt_orchestration' retrieved from /opt/airflow/dags/fraud_dbt_dag.py
[2026-08-06T09:30:25.835+0000] {logging_mixin.py:188} INFO - [2026-08-06T09:30:25.835+0000] {dag.py:3089} INFO - Sync 1 DAGs
[2026-08-06T09:30:25.871+0000] {logging_mixin.py:188} INFO - [2026-08-06T09:30:25.870+0000] {dag.py:3947} INFO - Setting next_dagrun for fraud_pipeline_dbt_orchestration to 2026-08-06 09:30:00+00:00, run_after=2026-08-06 09:45:00+00:00
[2026-08-06T09:30:25.911+0000] {processor.py:183} INFO - Processing /opt/airflow/dags/fraud_dbt_dag.py took 0.179 seconds
[2026-08-06T09:30:56.204+0000] {processor.py:161} INFO - Started process (PID=272) to work on /opt/airflow/dags/fraud_dbt_dag.py
[2026-08-06T09:30:56.214+0000] {processor.py:830} INFO - Processing file /opt/airflow/dags/fraud_dbt_dag.py for tasks to queue
[2026-08-06T09:30:56.218+0000] {logging_mixin.py:188} INFO - [2026-08-06T09:30:56.217+0000] {dagbag.py:545} INFO - Filling up the DagBag from /opt/airflow/dags/fraud_dbt_dag.py
[2026-08-06T09:30:56.284+0000] {processor.py:840} INFO - DAG(s) 'fraud_pipeline_dbt_orchestration' retrieved from /opt/airflow/dags/fraud_dbt_dag.py
[2026-08-06T09:30:56.341+0000] {logging_mixin.py:188} INFO - [2026-08-06T09:30:56.340+0000] {dag.py:3089} INFO - Sync 1 DAGs
[2026-08-06T09:30:56.393+0000] {logging_mixin.py:188} INFO - [2026-08-06T09:30:56.393+0000] {dag.py:3947} INFO - Setting next_dagrun for fraud_pipeline_dbt_orchestration to 2026-08-06 09:30:00+00:00, run_after=2026-08-06 09:45:00+00:00
[2026-08-06T09:30:56.439+0000] {processor.py:183} INFO - Processing /opt/airflow/dags/fraud_dbt_dag.py took 0.247 seconds
[2026-08-06T09:31:26.697+0000] {processor.py:161} INFO - Started process (PID=277) to work on /opt/airflow/dags/fraud_dbt_dag.py
[2026-08-06T09:31:26.699+0000] {processor.py:830} INFO - Processing file /opt/airflow/dags/fraud_dbt_dag.py for tasks to queue
[2026-08-06T09:31:26.702+0000] {logging_mixin.py:188} INFO - [2026-08-06T09:31:26.702+0000] {dagbag.py:545} INFO - Filling up the DagBag from /opt/airflow/dags/fraud_dbt_dag.py
[2026-08-06T09:31:26.724+0000] {processor.py:840} INFO - DAG(s) 'fraud_pipeline_dbt_orchestration' retrieved from /opt/airflow/dags/fraud_dbt_dag.py
[2026-08-06T09:31:26.778+0000] {logging_mixin.py:188} INFO - [2026-08-06T09:31:26.778+0000] {dag.py:3089} INFO - Sync 1 DAGs
[2026-08-06T09:31:26.824+0000] {logging_mixin.py:188} INFO - [2026-08-06T09:31:26.824+0000] {dag.py:3947} INFO - Setting next_dagrun for fraud_pipeline_dbt_orchestration to 2026-08-06 09:30:00+00:00, run_after=2026-08-06 09:45:00+00:00
[2026-08-06T09:31:26.868+0000] {processor.py:183} INFO - Processing /opt/airflow/dags/fraud_dbt_dag.py took 0.183 seconds
[2026-08-06T09:31:56.933+0000] {processor.py:161} INFO - Started process (PID=282) to work on /opt/airflow/dags/fraud_dbt_dag.py
[2026-08-06T09:31:56.941+0000] {processor.py:830} INFO - Processing file /opt/airflow/dags/fraud_dbt_dag.py for tasks to queue
[2026-08-06T09:31:56.945+0000] {logging_mixin.py:188} INFO - [2026-08-06T09:31:56.944+0000] {dagbag.py:545} INFO - Filling up the DagBag from /opt/airflow/dags/fraud_dbt_dag.py
[2026-08-06T09:31:56.969+0000] {processor.py:840} INFO - DAG(s) 'fraud_pipeline_dbt_orchestration' retrieved from /opt/airflow/dags/fraud_dbt_dag.py
[2026-08-06T09:31:57.043+0000] {logging_mixin.py:188} INFO - [2026-08-06T09:31:57.043+0000] {dag.py:3089} INFO - Sync 1 DAGs
[2026-08-06T09:31:57.086+0000] {logging_mixin.py:188} INFO - [2026-08-06T09:31:57.085+0000] {dag.py:3947} INFO - Setting next_dagrun for fraud_pipeline_dbt_orchestration to 2026-08-06 09:30:00+00:00, run_after=2026-08-06 09:45:00+00:00
[2026-08-06T09:31:57.128+0000] {processor.py:183} INFO - Processing /opt/airflow/dags/fraud_dbt_dag.py took 0.208 seconds
[2026-08-06T09:32:27.365+0000] {processor.py:161} INFO - Started process (PID=287) to work on /opt/airflow/dags/fraud_dbt_dag.py
[2026-08-06T09:32:27.367+0000] {processor.py:830} INFO - Processing file /opt/airflow/dags/fraud_dbt_dag.py for tasks to queue
[2026-08-06T09:32:27.371+0000] {logging_mixin.py:188} INFO - [2026-08-06T09:32:27.370+0000] {dagbag.py:545} INFO - Filling up the DagBag from /opt/airflow/dags/fraud_dbt_dag.py
[2026-08-06T09:32:27.388+0000] {processor.py:840} INFO - DAG(s) 'fraud_pipeline_dbt_orchestration' retrieved from /opt/airflow/dags/fraud_dbt_dag.py
[2026-08-06T09:32:27.470+0000] {logging_mixin.py:188} INFO - [2026-08-06T09:32:27.469+0000] {dag.py:3089} INFO - Sync 1 DAGs
[2026-08-06T09:32:27.535+0000] {logging_mixin.py:188} INFO - [2026-08-06T09:32:27.535+0000] {dag.py:3947} INFO - Setting next_dagrun for fraud_pipeline_dbt_orchestration to 2026-08-06 09:30:00+00:00, run_after=2026-08-06 09:45:00+00:00
[2026-08-06T09:32:27.582+0000] {processor.py:183} INFO - Processing /opt/airflow/dags/fraud_dbt_dag.py took 0.232 seconds
[2026-08-06T09:32:57.854+0000] {processor.py:161} INFO - Started process (PID=292) to work on /opt/airflow/dags/fraud_dbt_dag.py
[2026-08-06T09:32:57.864+0000] {processor.py:830} INFO - Processing file /opt/airflow/dags/fraud_dbt_dag.py for tasks to queue
[2026-08-06T09:32:57.871+0000] {logging_mixin.py:188} INFO - [2026-08-06T09:32:57.870+0000] {dagbag.py:545} INFO - Filling up the DagBag from /opt/airflow/dags/fraud_dbt_dag.py
[2026-08-06T09:32:57.904+0000] {processor.py:840} INFO - DAG(s) 'fraud_pipeline_dbt_orchestration' retrieved from /opt/airflow/dags/fraud_dbt_dag.py
[2026-08-06T09:32:58.045+0000] {logging_mixin.py:188} INFO - [2026-08-06T09:32:58.045+0000] {dag.py:3089} INFO - Sync 1 DAGs
[2026-08-06T09:32:58.108+0000] {logging_mixin.py:188} INFO - [2026-08-06T09:32:58.108+0000] {dag.py:3947} INFO - Setting next_dagrun for fraud_pipeline_dbt_orchestration to 2026-08-06 09:30:00+00:00, run_after=2026-08-06 09:45:00+00:00
[2026-08-06T09:32:58.161+0000] {processor.py:183} INFO - Processing /opt/airflow/dags/fraud_dbt_dag.py took 0.323 seconds
[2026-08-06T09:33:28.438+0000] {processor.py:161} INFO - Started process (PID=297) to work on /opt/airflow/dags/fraud_dbt_dag.py
[2026-08-06T09:33:28.440+0000] {processor.py:830} INFO - Processing file /opt/airflow/dags/fraud_dbt_dag.py for tasks to queue
[2026-08-06T09:33:28.445+0000] {logging_mixin.py:188} INFO - [2026-08-06T09:33:28.444+0000] {dagbag.py:545} INFO - Filling up the DagBag from /opt/airflow/dags/fraud_dbt_dag.py
[2026-08-06T09:33:28.465+0000] {processor.py:840} INFO - DAG(s) 'fraud_pipeline_dbt_orchestration' retrieved from /opt/airflow/dags/fraud_dbt_dag.py
[2026-08-06T09:33:28.526+0000] {logging_mixin.py:188} INFO - [2026-08-06T09:33:28.526+0000] {dag.py:3089} INFO - Sync 1 DAGs
[2026-08-06T09:33:28.566+0000] {logging_mixin.py:188} INFO - [2026-08-06T09:33:28.565+0000] {dag.py:3947} INFO - Setting next_dagrun for fraud_pipeline_dbt_orchestration to 2026-08-06 09:30:00+00:00, run_after=2026-08-06 09:45:00+00:00
[2026-08-06T09:33:28.616+0000] {processor.py:183} INFO - Processing /opt/airflow/dags/fraud_dbt_dag.py took 0.194 seconds
[2026-08-06T09:33:58.897+0000] {processor.py:161} INFO - Started process (PID=302) to work on /opt/airflow/dags/fraud_dbt_dag.py
[2026-08-06T09:33:58.907+0000] {processor.py:830} INFO - Processing file /opt/airflow/dags/fraud_dbt_dag.py for tasks to queue
[2026-08-06T09:33:58.911+0000] {logging_mixin.py:188} INFO - [2026-08-06T09:33:58.911+0000] {dagbag.py:545} INFO - Filling up the DagBag from /opt/airflow/dags/fraud_dbt_dag.py
[2026-08-06T09:33:58.930+0000] {processor.py:840} INFO - DAG(s) 'fraud_pipeline_dbt_orchestration' retrieved from /opt/airflow/dags/fraud_dbt_dag.py
[2026-08-06T09:33:58.997+0000] {logging_mixin.py:188} INFO - [2026-08-06T09:33:58.997+0000] {dag.py:3089} INFO - Sync 1 DAGs
[2026-08-06T09:33:59.056+0000] {logging_mixin.py:188} INFO - [2026-08-06T09:33:59.056+0000] {dag.py:3947} INFO - Setting next_dagrun for fraud_pipeline_dbt_orchestration to 2026-08-06 09:30:00+00:00, run_after=2026-08-06 09:45:00+00:00
[2026-08-06T09:33:59.115+0000] {processor.py:183} INFO - Processing /opt/airflow/dags/fraud_dbt_dag.py took 0.234 seconds
[2026-08-06T09:34:29.395+0000] {processor.py:161} INFO - Started process (PID=307) to work on /opt/airflow/dags/fraud_dbt_dag.py
[2026-08-06T09:34:29.402+0000] {processor.py:830} INFO - Processing file /opt/airflow/dags/fraud_dbt_dag.py for tasks to queue
[2026-08-06T09:34:29.416+0000] {logging_mixin.py:188} INFO - [2026-08-06T09:34:29.410+0000] {dagbag.py:545} INFO - Filling up the DagBag from /opt/airflow/dags/fraud_dbt_dag.py
[2026-08-06T09:34:29.462+0000] {processor.py:840} INFO - DAG(s) 'fraud_pipeline_dbt_orchestration' retrieved from /opt/airflow/dags/fraud_dbt_dag.py
[2026-08-06T09:34:29.556+0000] {logging_mixin.py:188} INFO - [2026-08-06T09:34:29.555+0000] {dag.py:3089} INFO - Sync 1 DAGs
[2026-08-06T09:34:29.634+0000] {logging_mixin.py:188} INFO - [2026-08-06T09:34:29.633+0000] {dag.py:3947} INFO - Setting next_dagrun for fraud_pipeline_dbt_orchestration to 2026-08-06 09:30:00+00:00, run_after=2026-08-06 09:45:00+00:00
[2026-08-06T09:34:29.710+0000] {processor.py:183} INFO - Processing /opt/airflow/dags/fraud_dbt_dag.py took 0.335 seconds
[2026-08-06T09:34:59.964+0000] {processor.py:161} INFO - Started process (PID=334) to work on /opt/airflow/dags/fraud_dbt_dag.py
[2026-08-06T09:34:59.965+0000] {processor.py:830} INFO - Processing file /opt/airflow/dags/fraud_dbt_dag.py for tasks to queue
[2026-08-06T09:34:59.968+0000] {logging_mixin.py:188} INFO - [2026-08-06T09:34:59.967+0000] {dagbag.py:545} INFO - Filling up the DagBag from /opt/airflow/dags/fraud_dbt_dag.py
[2026-08-06T09:34:59.987+0000] {processor.py:840} INFO - DAG(s) 'fraud_pipeline_dbt_orchestration' retrieved from /opt/airflow/dags/fraud_dbt_dag.py
[2026-08-06T09:35:00.078+0000] {logging_mixin.py:188} INFO - [2026-08-06T09:35:00.078+0000] {dag.py:3089} INFO - Sync 1 DAGs
[2026-08-06T09:35:00.158+0000] {processor.py:183} INFO - Processing /opt/airflow/dags/fraud_dbt_dag.py took 0.205 seconds
[2026-08-06T09:35:30.383+0000] {processor.py:161} INFO - Started process (PID=375) to work on /opt/airflow/dags/fraud_dbt_dag.py
[2026-08-06T09:35:30.385+0000] {processor.py:830} INFO - Processing file /opt/airflow/dags/fraud_dbt_dag.py for tasks to queue
[2026-08-06T09:35:30.389+0000] {logging_mixin.py:188} INFO - [2026-08-06T09:35:30.389+0000] {dagbag.py:545} INFO - Filling up the DagBag from /opt/airflow/dags/fraud_dbt_dag.py
[2026-08-06T09:35:30.416+0000] {processor.py:840} INFO - DAG(s) 'fraud_pipeline_dbt_orchestration' retrieved from /opt/airflow/dags/fraud_dbt_dag.py
[2026-08-06T09:35:30.480+0000] {logging_mixin.py:188} INFO - [2026-08-06T09:35:30.480+0000] {dag.py:3089} INFO - Sync 1 DAGs
[2026-08-06T09:35:30.554+0000] {processor.py:183} INFO - Processing /opt/airflow/dags/fraud_dbt_dag.py took 0.192 seconds
[2026-08-06T09:36:00.773+0000] {processor.py:161} INFO - Started process (PID=406) to work on /opt/airflow/dags/fraud_dbt_dag.py
[2026-08-06T09:36:00.782+0000] {processor.py:830} INFO - Processing file /opt/airflow/dags/fraud_dbt_dag.py for tasks to queue
[2026-08-06T09:36:00.787+0000] {logging_mixin.py:188} INFO - [2026-08-06T09:36:00.786+0000] {dagbag.py:545} INFO - Filling up the DagBag from /opt/airflow/dags/fraud_dbt_dag.py
[2026-08-06T09:36:00.821+0000] {processor.py:840} INFO - DAG(s) 'fraud_pipeline_dbt_orchestration' retrieved from /opt/airflow/dags/fraud_dbt_dag.py
[2026-08-06T09:36:00.917+0000] {logging_mixin.py:188} INFO - [2026-08-06T09:36:00.911+0000] {dag.py:3089} INFO - Sync 1 DAGs
[2026-08-06T09:36:01.030+0000] {processor.py:183} INFO - Processing /opt/airflow/dags/fraud_dbt_dag.py took 0.271 seconds
[2026-08-06T09:36:31.241+0000] {processor.py:161} INFO - Started process (PID=451) to work on /opt/airflow/dags/fraud_dbt_dag.py
[2026-08-06T09:36:31.243+0000] {processor.py:830} INFO - Processing file /opt/airflow/dags/fraud_dbt_dag.py for tasks to queue
[2026-08-06T09:36:31.247+0000] {logging_mixin.py:188} INFO - [2026-08-06T09:36:31.247+0000] {dagbag.py:545} INFO - Filling up the DagBag from /opt/airflow/dags/fraud_dbt_dag.py
[2026-08-06T09:36:31.274+0000] {processor.py:840} INFO - DAG(s) 'fraud_pipeline_dbt_orchestration' retrieved from /opt/airflow/dags/fraud_dbt_dag.py
[2026-08-06T09:36:31.325+0000] {logging_mixin.py:188} INFO - [2026-08-06T09:36:31.325+0000] {dag.py:3089} INFO - Sync 1 DAGs
[2026-08-06T09:36:31.433+0000] {processor.py:183} INFO - Processing /opt/airflow/dags/fraud_dbt_dag.py took 0.210 seconds
[2026-08-06T09:37:01.685+0000] {processor.py:161} INFO - Started process (PID=479) to work on /opt/airflow/dags/fraud_dbt_dag.py
[2026-08-06T09:37:01.693+0000] {processor.py:830} INFO - Processing file /opt/airflow/dags/fraud_dbt_dag.py for tasks to queue
[2026-08-06T09:37:01.701+0000] {logging_mixin.py:188} INFO - [2026-08-06T09:37:01.696+0000] {dagbag.py:545} INFO - Filling up the DagBag from /opt/airflow/dags/fraud_dbt_dag.py
[2026-08-06T09:37:01.736+0000] {processor.py:840} INFO - DAG(s) 'fraud_pipeline_dbt_orchestration' retrieved from /opt/airflow/dags/fraud_dbt_dag.py
[2026-08-06T09:37:01.802+0000] {logging_mixin.py:188} INFO - [2026-08-06T09:37:01.802+0000] {dag.py:3089} INFO - Sync 1 DAGs
[2026-08-06T09:37:01.850+0000] {logging_mixin.py:188} INFO - [2026-08-06T09:37:01.850+0000] {dag.py:3947} INFO - Setting next_dagrun for fraud_pipeline_dbt_orchestration to 2026-08-06 09:30:00+00:00, run_after=2026-08-06 09:45:00+00:00
[2026-08-06T09:37:01.896+0000] {processor.py:183} INFO - Processing /opt/airflow/dags/fraud_dbt_dag.py took 0.229 seconds
[2026-08-06T09:37:32.179+0000] {processor.py:161} INFO - Started process (PID=484) to work on /opt/airflow/dags/fraud_dbt_dag.py
[2026-08-06T09:37:32.181+0000] {processor.py:830} INFO - Processing file /opt/airflow/dags/fraud_dbt_dag.py for tasks to queue
[2026-08-06T09:37:32.184+0000] {logging_mixin.py:188} INFO - [2026-08-06T09:37:32.183+0000] {dagbag.py:545} INFO - Filling up the DagBag from /opt/airflow/dags/fraud_dbt_dag.py
[2026-08-06T09:37:32.223+0000] {processor.py:840} INFO - DAG(s) 'fraud_pipeline_dbt_orchestration' retrieved from /opt/airflow/dags/fraud_dbt_dag.py
[2026-08-06T09:37:32.360+0000] {logging_mixin.py:188} INFO - [2026-08-06T09:37:32.357+0000] {dag.py:3089} INFO - Sync 1 DAGs
[2026-08-06T09:37:32.444+0000] {logging_mixin.py:188} INFO - [2026-08-06T09:37:32.444+0000] {dag.py:3947} INFO - Setting next_dagrun for fraud_pipeline_dbt_orchestration to 2026-08-06 09:30:00+00:00, run_after=2026-08-06 09:45:00+00:00
[2026-08-06T09:37:32.523+0000] {processor.py:183} INFO - Processing /opt/airflow/dags/fraud_dbt_dag.py took 0.360 seconds
[2026-08-06T09:38:02.788+0000] {processor.py:161} INFO - Started process (PID=489) to work on /opt/airflow/dags/fraud_dbt_dag.py
[2026-08-06T09:38:02.800+0000] {processor.py:830} INFO - Processing file /opt/airflow/dags/fraud_dbt_dag.py for tasks to queue
[2026-08-06T09:38:02.807+0000] {logging_mixin.py:188} INFO - [2026-08-06T09:38:02.806+0000] {dagbag.py:545} INFO - Filling up the DagBag from /opt/airflow/dags/fraud_dbt_dag.py
[2026-08-06T09:38:02.847+0000] {processor.py:840} INFO - DAG(s) 'fraud_pipeline_dbt_orchestration' retrieved from /opt/airflow/dags/fraud_dbt_dag.py
[2026-08-06T09:38:02.930+0000] {logging_mixin.py:188} INFO - [2026-08-06T09:38:02.929+0000] {dag.py:3089} INFO - Sync 1 DAGs
[2026-08-06T09:38:02.971+0000] {logging_mixin.py:188} INFO - [2026-08-06T09:38:02.971+0000] {dag.py:3947} INFO - Setting next_dagrun for fraud_pipeline_dbt_orchestration to 2026-08-06 09:30:00+00:00, run_after=2026-08-06 09:45:00+00:00
[2026-08-06T09:38:03.069+0000] {processor.py:183} INFO - Processing /opt/airflow/dags/fraud_dbt_dag.py took 0.302 seconds
[2026-08-06T09:38:33.361+0000] {processor.py:161} INFO - Started process (PID=494) to work on /opt/airflow/dags/fraud_dbt_dag.py
[2026-08-06T09:38:33.363+0000] {processor.py:830} INFO - Processing file /opt/airflow/dags/fraud_dbt_dag.py for tasks to queue
[2026-08-06T09:38:33.367+0000] {logging_mixin.py:188} INFO - [2026-08-06T09:38:33.366+0000] {dagbag.py:545} INFO - Filling up the DagBag from /opt/airflow/dags/fraud_dbt_dag.py
[2026-08-06T09:38:33.393+0000] {processor.py:840} INFO - DAG(s) 'fraud_pipeline_dbt_orchestration' retrieved from /opt/airflow/dags/fraud_dbt_dag.py
[2026-08-06T09:38:33.503+0000] {logging_mixin.py:188} INFO - [2026-08-06T09:38:33.502+0000] {dag.py:3089} INFO - Sync 1 DAGs
[2026-08-06T09:38:33.568+0000] {logging_mixin.py:188} INFO - [2026-08-06T09:38:33.568+0000] {dag.py:3947} INFO - Setting next_dagrun for fraud_pipeline_dbt_orchestration to 2026-08-06 09:30:00+00:00, run_after=2026-08-06 09:45:00+00:00
[2026-08-06T09:38:33.640+0000] {processor.py:183} INFO - Processing /opt/airflow/dags/fraud_dbt_dag.py took 0.296 seconds
[2026-08-06T09:39:03.903+0000] {processor.py:161} INFO - Started process (PID=499) to work on /opt/airflow/dags/fraud_dbt_dag.py
[2026-08-06T09:39:03.907+0000] {processor.py:830} INFO - Processing file /opt/airflow/dags/fraud_dbt_dag.py for tasks to queue
[2026-08-06T09:39:03.911+0000] {logging_mixin.py:188} INFO - [2026-08-06T09:39:03.910+0000] {dagbag.py:545} INFO - Filling up the DagBag from /opt/airflow/dags/fraud_dbt_dag.py
[2026-08-06T09:39:03.934+0000] {processor.py:840} INFO - DAG(s) 'fraud_pipeline_dbt_orchestration' retrieved from /opt/airflow/dags/fraud_dbt_dag.py
[2026-08-06T09:39:04.003+0000] {logging_mixin.py:188} INFO - [2026-08-06T09:39:04.002+0000] {dag.py:3089} INFO - Sync 1 DAGs
[2026-08-06T09:39:04.046+0000] {logging_mixin.py:188} INFO - [2026-08-06T09:39:04.045+0000] {dag.py:3947} INFO - Setting next_dagrun for fraud_pipeline_dbt_orchestration to 2026-08-06 09:30:00+00:00, run_after=2026-08-06 09:45:00+00:00
[2026-08-06T09:39:04.082+0000] {processor.py:183} INFO - Processing /opt/airflow/dags/fraud_dbt_dag.py took 0.197 seconds
[2026-08-06T09:39:34.312+0000] {processor.py:161} INFO - Started process (PID=504) to work on /opt/airflow/dags/fraud_dbt_dag.py
[2026-08-06T09:39:34.315+0000] {processor.py:830} INFO - Processing file /opt/airflow/dags/fraud_dbt_dag.py for tasks to queue
[2026-08-06T09:39:34.318+0000] {logging_mixin.py:188} INFO - [2026-08-06T09:39:34.317+0000] {dagbag.py:545} INFO - Filling up the DagBag from /opt/airflow/dags/fraud_dbt_dag.py
[2026-08-06T09:39:34.338+0000] {processor.py:840} INFO - DAG(s) 'fraud_pipeline_dbt_orchestration' retrieved from /opt/airflow/dags/fraud_dbt_dag.py
[2026-08-06T09:39:34.411+0000] {logging_mixin.py:188} INFO - [2026-08-06T09:39:34.410+0000] {dag.py:3089} INFO - Sync 1 DAGs
[2026-08-06T09:39:34.480+0000] {logging_mixin.py:188} INFO - [2026-08-06T09:39:34.480+0000] {dag.py:3947} INFO - Setting next_dagrun for fraud_pipeline_dbt_orchestration to 2026-08-06 09:30:00+00:00, run_after=2026-08-06 09:45:00+00:00
[2026-08-06T09:39:34.515+0000] {processor.py:183} INFO - Processing /opt/airflow/dags/fraud_dbt_dag.py took 0.215 seconds
[2026-08-06T09:40:04.714+0000] {processor.py:161} INFO - Started process (PID=530) to work on /opt/airflow/dags/fraud_dbt_dag.py
[2026-08-06T09:40:04.718+0000] {processor.py:830} INFO - Processing file /opt/airflow/dags/fraud_dbt_dag.py for tasks to queue
[2026-08-06T09:40:04.721+0000] {logging_mixin.py:188} INFO - [2026-08-06T09:40:04.721+0000] {dagbag.py:545} INFO - Filling up the DagBag from /opt/airflow/dags/fraud_dbt_dag.py
[2026-08-06T09:40:04.731+0000] {processor.py:840} INFO - DAG(s) 'fraud_pipeline_dbt_orchestration' retrieved from /opt/airflow/dags/fraud_dbt_dag.py
[2026-08-06T09:40:04.804+0000] {logging_mixin.py:188} INFO - [2026-08-06T09:40:04.803+0000] {dag.py:3089} INFO - Sync 1 DAGs
[2026-08-06T09:40:04.857+0000] {logging_mixin.py:188} INFO - [2026-08-06T09:40:04.856+0000] {dag.py:3947} INFO - Setting next_dagrun for fraud_pipeline_dbt_orchestration to 2026-08-06 09:30:00+00:00, run_after=2026-08-06 09:45:00+00:00
[2026-08-06T09:40:04.894+0000] {processor.py:183} INFO - Processing /opt/airflow/dags/fraud_dbt_dag.py took 0.185 seconds
[2026-08-06T09:40:35.129+0000] {processor.py:161} INFO - Started process (PID=535) to work on /opt/airflow/dags/fraud_dbt_dag.py
[2026-08-06T09:40:35.131+0000] {processor.py:830} INFO - Processing file /opt/airflow/dags/fraud_dbt_dag.py for tasks to queue
[2026-08-06T09:40:35.136+0000] {logging_mixin.py:188} INFO - [2026-08-06T09:40:35.135+0000] {dagbag.py:545} INFO - Filling up the DagBag from /opt/airflow/dags/fraud_dbt_dag.py
[2026-08-06T09:40:35.161+0000] {processor.py:840} INFO - DAG(s) 'fraud_pipeline_dbt_orchestration' retrieved from /opt/airflow/dags/fraud_dbt_dag.py
[2026-08-06T09:40:35.243+0000] {logging_mixin.py:188} INFO - [2026-08-06T09:40:35.242+0000] {dag.py:3089} INFO - Sync 1 DAGs
[2026-08-06T09:40:35.297+0000] {logging_mixin.py:188} INFO - [2026-08-06T09:40:35.297+0000] {dag.py:3947} INFO - Setting next_dagrun for fraud_pipeline_dbt_orchestration to 2026-08-06 09:30:00+00:00, run_after=2026-08-06 09:45:00+00:00
[2026-08-06T09:40:35.349+0000] {processor.py:183} INFO - Processing /opt/airflow/dags/fraud_dbt_dag.py took 0.234 seconds
[2026-08-06T09:41:05.606+0000] {processor.py:161} INFO - Started process (PID=540) to work on /opt/airflow/dags/fraud_dbt_dag.py
[2026-08-06T09:41:05.616+0000] {processor.py:830} INFO - Processing file /opt/airflow/dags/fraud_dbt_dag.py for tasks to queue
[2026-08-06T09:41:05.621+0000] {logging_mixin.py:188} INFO - [2026-08-06T09:41:05.620+0000] {dagbag.py:545} INFO - Filling up the DagBag from /opt/airflow/dags/fraud_dbt_dag.py
[2026-08-06T09:41:05.646+0000] {processor.py:840} INFO - DAG(s) 'fraud_pipeline_dbt_orchestration' retrieved from /opt/airflow/dags/fraud_dbt_dag.py
[2026-08-06T09:41:05.743+0000] {logging_mixin.py:188} INFO - [2026-08-06T09:41:05.742+0000] {dag.py:3089} INFO - Sync 1 DAGs
[2026-08-06T09:41:05.799+0000] {logging_mixin.py:188} INFO - [2026-08-06T09:41:05.799+0000] {dag.py:3947} INFO - Setting next_dagrun for fraud_pipeline_dbt_orchestration to 2026-08-06 09:30:00+00:00, run_after=2026-08-06 09:45:00+00:00
[2026-08-06T09:41:05.880+0000] {processor.py:183} INFO - Processing /opt/airflow/dags/fraud_dbt_dag.py took 0.288 seconds
[2026-08-06T09:41:36.116+0000] {processor.py:161} INFO - Started process (PID=545) to work on /opt/airflow/dags/fraud_dbt_dag.py
[2026-08-06T09:41:36.118+0000] {processor.py:830} INFO - Processing file /opt/airflow/dags/fraud_dbt_dag.py for tasks to queue
[2026-08-06T09:41:36.121+0000] {logging_mixin.py:188} INFO - [2026-08-06T09:41:36.120+0000] {dagbag.py:545} INFO - Filling up the DagBag from /opt/airflow/dags/fraud_dbt_dag.py
[2026-08-06T09:41:36.138+0000] {processor.py:840} INFO - DAG(s) 'fraud_pipeline_dbt_orchestration' retrieved from /opt/airflow/dags/fraud_dbt_dag.py
[2026-08-06T09:41:36.196+0000] {logging_mixin.py:188} INFO - [2026-08-06T09:41:36.195+0000] {dag.py:3089} INFO - Sync 1 DAGs
[2026-08-06T09:41:36.255+0000] {logging_mixin.py:188} INFO - [2026-08-06T09:41:36.255+0000] {dag.py:3947} INFO - Setting next_dagrun for fraud_pipeline_dbt_orchestration to 2026-08-06 09:30:00+00:00, run_after=2026-08-06 09:45:00+00:00
[2026-08-06T09:41:36.349+0000] {processor.py:183} INFO - Processing /opt/airflow/dags/fraud_dbt_dag.py took 0.248 seconds
[2026-08-06T09:42:06.602+0000] {processor.py:161} INFO - Started process (PID=550) to work on /opt/airflow/dags/fraud_dbt_dag.py
[2026-08-06T09:42:06.610+0000] {processor.py:830} INFO - Processing file /opt/airflow/dags/fraud_dbt_dag.py for tasks to queue
[2026-08-06T09:42:06.613+0000] {logging_mixin.py:188} INFO - [2026-08-06T09:42:06.612+0000] {dagbag.py:545} INFO - Filling up the DagBag from /opt/airflow/dags/fraud_dbt_dag.py
[2026-08-06T09:42:06.634+0000] {processor.py:840} INFO - DAG(s) 'fraud_pipeline_dbt_orchestration' retrieved from /opt/airflow/dags/fraud_dbt_dag.py
[2026-08-06T09:42:06.703+0000] {logging_mixin.py:188} INFO - [2026-08-06T09:42:06.703+0000] {dag.py:3089} INFO - Sync 1 DAGs
[2026-08-06T09:42:06.776+0000] {logging_mixin.py:188} INFO - [2026-08-06T09:42:06.775+0000] {dag.py:3947} INFO - Setting next_dagrun for fraud_pipeline_dbt_orchestration to 2026-08-06 09:30:00+00:00, run_after=2026-08-06 09:45:00+00:00
[2026-08-06T09:42:06.826+0000] {processor.py:183} INFO - Processing /opt/airflow/dags/fraud_dbt_dag.py took 0.235 seconds
[2026-08-06T09:42:37.077+0000] {processor.py:161} INFO - Started process (PID=555) to work on /opt/airflow/dags/fraud_dbt_dag.py
[2026-08-06T09:42:37.079+0000] {processor.py:830} INFO - Processing file /opt/airflow/dags/fraud_dbt_dag.py for tasks to queue
[2026-08-06T09:42:37.090+0000] {logging_mixin.py:188} INFO - [2026-08-06T09:42:37.089+0000] {dagbag.py:545} INFO - Filling up the DagBag from /opt/airflow/dags/fraud_dbt_dag.py
[2026-08-06T09:42:37.112+0000] {processor.py:840} INFO - DAG(s) 'fraud_pipeline_dbt_orchestration' retrieved from /opt/airflow/dags/fraud_dbt_dag.py
[2026-08-06T09:42:37.209+0000] {logging_mixin.py:188} INFO - [2026-08-06T09:42:37.208+0000] {dag.py:3089} INFO - Sync 1 DAGs
[2026-08-06T09:42:37.283+0000] {logging_mixin.py:188} INFO - [2026-08-06T09:42:37.282+0000] {dag.py:3947} INFO - Setting next_dagrun for fraud_pipeline_dbt_orchestration to 2026-08-06 09:30:00+00:00, run_after=2026-08-06 09:45:00+00:00
[2026-08-06T09:42:37.328+0000] {processor.py:183} INFO - Processing /opt/airflow/dags/fraud_dbt_dag.py took 0.266 seconds
[2026-08-06T09:43:07.609+0000] {processor.py:161} INFO - Started process (PID=560) to work on /opt/airflow/dags/fraud_dbt_dag.py
[2026-08-06T09:43:07.618+0000] {processor.py:830} INFO - Processing file /opt/airflow/dags/fraud_dbt_dag.py for tasks to queue
[2026-08-06T09:43:07.621+0000] {logging_mixin.py:188} INFO - [2026-08-06T09:43:07.621+0000] {dagbag.py:545} INFO - Filling up the DagBag from /opt/airflow/dags/fraud_dbt_dag.py
[2026-08-06T09:43:07.652+0000] {processor.py:840} INFO - DAG(s) 'fraud_pipeline_dbt_orchestration' retrieved from /opt/airflow/dags/fraud_dbt_dag.py
[2026-08-06T09:43:07.757+0000] {logging_mixin.py:188} INFO - [2026-08-06T09:43:07.756+0000] {dag.py:3089} INFO - Sync 1 DAGs
[2026-08-06T09:43:07.832+0000] {logging_mixin.py:188} INFO - [2026-08-06T09:43:07.832+0000] {dag.py:3947} INFO - Setting next_dagrun for fraud_pipeline_dbt_orchestration to 2026-08-06 09:30:00+00:00, run_after=2026-08-06 09:45:00+00:00
[2026-08-06T09:43:07.878+0000] {processor.py:183} INFO - Processing /opt/airflow/dags/fraud_dbt_dag.py took 0.284 seconds
[2026-08-06T09:43:38.114+0000] {processor.py:161} INFO - Started process (PID=565) to work on /opt/airflow/dags/fraud_dbt_dag.py
[2026-08-06T09:43:38.116+0000] {processor.py:830} INFO - Processing file /opt/airflow/dags/fraud_dbt_dag.py for tasks to queue
[2026-08-06T09:43:38.119+0000] {logging_mixin.py:188} INFO - [2026-08-06T09:43:38.118+0000] {dagbag.py:545} INFO - Filling up the DagBag from /opt/airflow/dags/fraud_dbt_dag.py
[2026-08-06T09:43:38.137+0000] {processor.py:840} INFO - DAG(s) 'fraud_pipeline_dbt_orchestration' retrieved from /opt/airflow/dags/fraud_dbt_dag.py
[2026-08-06T09:43:38.206+0000] {logging_mixin.py:188} INFO - [2026-08-06T09:43:38.205+0000] {dag.py:3089} INFO - Sync 1 DAGs
[2026-08-06T09:43:38.242+0000] {logging_mixin.py:188} INFO - [2026-08-06T09:43:38.242+0000] {dag.py:3947} INFO - Setting next_dagrun for fraud_pipeline_dbt_orchestration to 2026-08-06 09:30:00+00:00, run_after=2026-08-06 09:45:00+00:00
[2026-08-06T09:43:38.277+0000] {processor.py:183} INFO - Processing /opt/airflow/dags/fraud_dbt_dag.py took 0.175 seconds
[2026-08-06T09:44:08.357+0000] {processor.py:161} INFO - Started process (PID=570) to work on /opt/airflow/dags/fraud_dbt_dag.py
[2026-08-06T09:44:08.358+0000] {processor.py:830} INFO - Processing file /opt/airflow/dags/fraud_dbt_dag.py for tasks to queue
[2026-08-06T09:44:08.362+0000] {logging_mixin.py:188} INFO - [2026-08-06T09:44:08.361+0000] {dagbag.py:545} INFO - Filling up the DagBag from /opt/airflow/dags/fraud_dbt_dag.py
[2026-08-06T09:44:08.382+0000] {processor.py:840} INFO - DAG(s) 'fraud_pipeline_dbt_orchestration' retrieved from /opt/airflow/dags/fraud_dbt_dag.py
[2026-08-06T09:44:08.454+0000] {logging_mixin.py:188} INFO - [2026-08-06T09:44:08.453+0000] {dag.py:3089} INFO - Sync 1 DAGs
[2026-08-06T09:44:08.496+0000] {logging_mixin.py:188} INFO - [2026-08-06T09:44:08.496+0000] {dag.py:3947} INFO - Setting next_dagrun for fraud_pipeline_dbt_orchestration to 2026-08-06 09:30:00+00:00, run_after=2026-08-06 09:45:00+00:00
[2026-08-06T09:44:08.536+0000] {processor.py:183} INFO - Processing /opt/airflow/dags/fraud_dbt_dag.py took 0.192 seconds
[2026-08-06T09:44:38.733+0000] {processor.py:161} INFO - Started process (PID=575) to work on /opt/airflow/dags/fraud_dbt_dag.py
[2026-08-06T09:44:38.741+0000] {processor.py:830} INFO - Processing file /opt/airflow/dags/fraud_dbt_dag.py for tasks to queue
[2026-08-06T09:44:38.744+0000] {logging_mixin.py:188} INFO - [2026-08-06T09:44:38.744+0000] {dagbag.py:545} INFO - Filling up the DagBag from /opt/airflow/dags/fraud_dbt_dag.py
[2026-08-06T09:44:38.763+0000] {processor.py:840} INFO - DAG(s) 'fraud_pipeline_dbt_orchestration' retrieved from /opt/airflow/dags/fraud_dbt_dag.py
[2026-08-06T09:44:38.821+0000] {logging_mixin.py:188} INFO - [2026-08-06T09:44:38.821+0000] {dag.py:3089} INFO - Sync 1 DAGs
[2026-08-06T09:44:38.867+0000] {logging_mixin.py:188} INFO - [2026-08-06T09:44:38.866+0000] {dag.py:3947} INFO - Setting next_dagrun for fraud_pipeline_dbt_orchestration to 2026-08-06 09:30:00+00:00, run_after=2026-08-06 09:45:00+00:00
[2026-08-06T09:44:38.950+0000] {processor.py:183} INFO - Processing /opt/airflow/dags/fraud_dbt_dag.py took 0.231 seconds
[2026-08-06T09:45:09.054+0000] {processor.py:161} INFO - Started process (PID=587) to work on /opt/airflow/dags/fraud_dbt_dag.py
[2026-08-06T09:45:09.057+0000] {processor.py:830} INFO - Processing file /opt/airflow/dags/fraud_dbt_dag.py for tasks to queue
[2026-08-06T09:45:09.076+0000] {logging_mixin.py:188} INFO - [2026-08-06T09:45:09.073+0000] {dagbag.py:545} INFO - Filling up the DagBag from /opt/airflow/dags/fraud_dbt_dag.py
[2026-08-06T09:45:09.125+0000] {processor.py:840} INFO - DAG(s) 'fraud_pipeline_dbt_orchestration' retrieved from /opt/airflow/dags/fraud_dbt_dag.py
[2026-08-06T09:45:09.246+0000] {logging_mixin.py:188} INFO - [2026-08-06T09:45:09.246+0000] {dag.py:3089} INFO - Sync 1 DAGs
[2026-08-06T09:45:09.428+0000] {processor.py:183} INFO - Processing /opt/airflow/dags/fraud_dbt_dag.py took 0.419 seconds
[2026-08-06T09:45:39.667+0000] {processor.py:161} INFO - Started process (PID=606) to work on /opt/airflow/dags/fraud_dbt_dag.py
[2026-08-06T09:45:39.670+0000] {processor.py:830} INFO - Processing file /opt/airflow/dags/fraud_dbt_dag.py for tasks to queue
[2026-08-06T09:45:39.679+0000] {logging_mixin.py:188} INFO - [2026-08-06T09:45:39.676+0000] {dagbag.py:545} INFO - Filling up the DagBag from /opt/airflow/dags/fraud_dbt_dag.py
[2026-08-06T09:45:39.747+0000] {processor.py:840} INFO - DAG(s) 'fraud_pipeline_dbt_orchestration' retrieved from /opt/airflow/dags/fraud_dbt_dag.py
[2026-08-06T09:45:39.965+0000] {logging_mixin.py:188} INFO - [2026-08-06T09:45:39.964+0000] {dag.py:3089} INFO - Sync 1 DAGs
[2026-08-06T09:45:40.091+0000] {logging_mixin.py:188} INFO - [2026-08-06T09:45:40.091+0000] {dag.py:3947} INFO - Setting next_dagrun for fraud_pipeline_dbt_orchestration to 2026-08-06 09:45:00+00:00, run_after=2026-08-06 10:00:00+00:00
[2026-08-06T09:45:40.228+0000] {processor.py:183} INFO - Processing /opt/airflow/dags/fraud_dbt_dag.py took 0.585 seconds
[2026-08-06T09:46:10.506+0000] {processor.py:161} INFO - Started process (PID=611) to work on /opt/airflow/dags/fraud_dbt_dag.py
[2026-08-06T09:46:10.509+0000] {processor.py:830} INFO - Processing file /opt/airflow/dags/fraud_dbt_dag.py for tasks to queue
[2026-08-06T09:46:10.524+0000] {logging_mixin.py:188} INFO - [2026-08-06T09:46:10.522+0000] {dagbag.py:545} INFO - Filling up the DagBag from /opt/airflow/dags/fraud_dbt_dag.py
[2026-08-06T09:46:10.637+0000] {processor.py:840} INFO - DAG(s) 'fraud_pipeline_dbt_orchestration' retrieved from /opt/airflow/dags/fraud_dbt_dag.py
[2026-08-06T09:46:10.736+0000] {logging_mixin.py:188} INFO - [2026-08-06T09:46:10.736+0000] {dag.py:3089} INFO - Sync 1 DAGs
[2026-08-06T09:46:10.861+0000] {logging_mixin.py:188} INFO - [2026-08-06T09:46:10.860+0000] {dag.py:3947} INFO - Setting next_dagrun for fraud_pipeline_dbt_orchestration to 2026-08-06 09:45:00+00:00, run_after=2026-08-06 10:00:00+00:00
[2026-08-06T09:46:10.942+0000] {processor.py:183} INFO - Processing /opt/airflow/dags/fraud_dbt_dag.py took 0.456 seconds
[2026-08-06T09:46:41.061+0000] {processor.py:161} INFO - Started process (PID=616) to work on /opt/airflow/dags/fraud_dbt_dag.py
[2026-08-06T09:46:41.068+0000] {processor.py:830} INFO - Processing file /opt/airflow/dags/fraud_dbt_dag.py for tasks to queue
[2026-08-06T09:46:41.081+0000] {logging_mixin.py:188} INFO - [2026-08-06T09:46:41.080+0000] {dagbag.py:545} INFO - Filling up the DagBag from /opt/airflow/dags/fraud_dbt_dag.py
[2026-08-06T09:46:41.168+0000] {processor.py:840} INFO - DAG(s) 'fraud_pipeline_dbt_orchestration' retrieved from /opt/airflow/dags/fraud_dbt_dag.py
[2026-08-06T09:46:41.320+0000] {logging_mixin.py:188} INFO - [2026-08-06T09:46:41.319+0000] {dag.py:3089} INFO - Sync 1 DAGs
[2026-08-06T09:46:41.405+0000] {logging_mixin.py:188} INFO - [2026-08-06T09:46:41.405+0000] {dag.py:3947} INFO - Setting next_dagrun for fraud_pipeline_dbt_orchestration to 2026-08-06 09:45:00+00:00, run_after=2026-08-06 10:00:00+00:00
[2026-08-06T09:46:41.446+0000] {processor.py:183} INFO - Processing /opt/airflow/dags/fraud_dbt_dag.py took 0.408 seconds
[2026-08-06T09:47:11.720+0000] {processor.py:161} INFO - Started process (PID=621) to work on /opt/airflow/dags/fraud_dbt_dag.py
[2026-08-06T09:47:11.723+0000] {processor.py:830} INFO - Processing file /opt/airflow/dags/fraud_dbt_dag.py for tasks to queue
[2026-08-06T09:47:11.734+0000] {logging_mixin.py:188} INFO - [2026-08-06T09:47:11.734+0000] {dagbag.py:545} INFO - Filling up the DagBag from /opt/airflow/dags/fraud_dbt_dag.py
[2026-08-06T09:47:11.778+0000] {processor.py:840} INFO - DAG(s) 'fraud_pipeline_dbt_orchestration' retrieved from /opt/airflow/dags/fraud_dbt_dag.py
[2026-08-06T09:47:11.926+0000] {logging_mixin.py:188} INFO - [2026-08-06T09:47:11.926+0000] {dag.py:3089} INFO - Sync 1 DAGs
[2026-08-06T09:47:11.986+0000] {logging_mixin.py:188} INFO - [2026-08-06T09:47:11.986+0000] {dag.py:3947} INFO - Setting next_dagrun for fraud_pipeline_dbt_orchestration to 2026-08-06 09:45:00+00:00, run_after=2026-08-06 10:00:00+00:00
[2026-08-06T09:47:12.032+0000] {processor.py:183} INFO - Processing /opt/airflow/dags/fraud_dbt_dag.py took 0.336 seconds
[2026-08-06T09:47:42.296+0000] {processor.py:161} INFO - Started process (PID=626) to work on /opt/airflow/dags/fraud_dbt_dag.py
[2026-08-06T09:47:42.297+0000] {processor.py:830} INFO - Processing file /opt/airflow/dags/fraud_dbt_dag.py for tasks to queue
[2026-08-06T09:47:42.302+0000] {logging_mixin.py:188} INFO - [2026-08-06T09:47:42.302+0000] {dagbag.py:545} INFO - Filling up the DagBag from /opt/airflow/dags/fraud_dbt_dag.py
[2026-08-06T09:47:42.328+0000] {processor.py:840} INFO - DAG(s) 'fraud_pipeline_dbt_orchestration' retrieved from /opt/airflow/dags/fraud_dbt_dag.py
[2026-08-06T09:47:42.410+0000] {logging_mixin.py:188} INFO - [2026-08-06T09:47:42.410+0000] {dag.py:3089} INFO - Sync 1 DAGs
[2026-08-06T09:47:42.477+0000] {logging_mixin.py:188} INFO - [2026-08-06T09:47:42.477+0000] {dag.py:3947} INFO - Setting next_dagrun for fraud_pipeline_dbt_orchestration to 2026-08-06 09:45:00+00:00, run_after=2026-08-06 10:00:00+00:00
[2026-08-06T09:47:42.580+0000] {processor.py:183} INFO - Processing /opt/airflow/dags/fraud_dbt_dag.py took 0.308 seconds
[2026-08-06T09:48:12.858+0000] {processor.py:161} INFO - Started process (PID=631) to work on /opt/airflow/dags/fraud_dbt_dag.py
[2026-08-06T09:48:12.882+0000] {processor.py:830} INFO - Processing file /opt/airflow/dags/fraud_dbt_dag.py for tasks to queue
[2026-08-06T09:48:12.888+0000] {logging_mixin.py:188} INFO - [2026-08-06T09:48:12.887+0000] {dagbag.py:545} INFO - Filling up the DagBag from /opt/airflow/dags/fraud_dbt_dag.py
[2026-08-06T09:48:12.936+0000] {processor.py:840} INFO - DAG(s) 'fraud_pipeline_dbt_orchestration' retrieved from /opt/airflow/dags/fraud_dbt_dag.py
[2026-08-06T09:48:13.081+0000] {logging_mixin.py:188} INFO - [2026-08-06T09:48:13.081+0000] {dag.py:3089} INFO - Sync 1 DAGs
[2026-08-06T09:48:13.167+0000] {logging_mixin.py:188} INFO - [2026-08-06T09:48:13.167+0000] {dag.py:3947} INFO - Setting next_dagrun for fraud_pipeline_dbt_orchestration to 2026-08-06 09:45:00+00:00, run_after=2026-08-06 10:00:00+00:00
[2026-08-06T09:48:13.232+0000] {processor.py:183} INFO - Processing /opt/airflow/dags/fraud_dbt_dag.py took 0.386 seconds
[2026-08-06T09:48:43.486+0000] {processor.py:161} INFO - Started process (PID=636) to work on /opt/airflow/dags/fraud_dbt_dag.py
[2026-08-06T09:48:43.488+0000] {processor.py:830} INFO - Processing file /opt/airflow/dags/fraud_dbt_dag.py for tasks to queue
[2026-08-06T09:48:43.491+0000] {logging_mixin.py:188} INFO - [2026-08-06T09:48:43.491+0000] {dagbag.py:545} INFO - Filling up the DagBag from /opt/airflow/dags/fraud_dbt_dag.py
[2026-08-06T09:48:43.512+0000] {processor.py:840} INFO - DAG(s) 'fraud_pipeline_dbt_orchestration' retrieved from /opt/airflow/dags/fraud_dbt_dag.py
[2026-08-06T09:48:43.665+0000] {logging_mixin.py:188} INFO - [2026-08-06T09:48:43.664+0000] {dag.py:3089} INFO - Sync 1 DAGs
[2026-08-06T09:48:43.752+0000] {logging_mixin.py:188} INFO - [2026-08-06T09:48:43.751+0000] {dag.py:3947} INFO - Setting next_dagrun for fraud_pipeline_dbt_orchestration to 2026-08-06 09:45:00+00:00, run_after=2026-08-06 10:00:00+00:00
[2026-08-06T09:48:43.860+0000] {processor.py:183} INFO - Processing /opt/airflow/dags/fraud_dbt_dag.py took 0.393 seconds
[2026-08-06T09:49:14.151+0000] {processor.py:161} INFO - Started process (PID=641) to work on /opt/airflow/dags/fraud_dbt_dag.py
[2026-08-06T09:49:14.162+0000] {processor.py:830} INFO - Processing file /opt/airflow/dags/fraud_dbt_dag.py for tasks to queue
[2026-08-06T09:49:14.168+0000] {logging_mixin.py:188} INFO - [2026-08-06T09:49:14.167+0000] {dagbag.py:545} INFO - Filling up the DagBag from /opt/airflow/dags/fraud_dbt_dag.py
[2026-08-06T09:49:14.218+0000] {processor.py:840} INFO - DAG(s) 'fraud_pipeline_dbt_orchestration' retrieved from /opt/airflow/dags/fraud_dbt_dag.py
[2026-08-06T09:49:14.389+0000] {logging_mixin.py:188} INFO - [2026-08-06T09:49:14.388+0000] {dag.py:3089} INFO - Sync 1 DAGs
[2026-08-06T09:49:14.462+0000] {logging_mixin.py:188} INFO - [2026-08-06T09:49:14.461+0000] {dag.py:3947} INFO - Setting next_dagrun for fraud_pipeline_dbt_orchestration to 2026-08-06 09:45:00+00:00, run_after=2026-08-06 10:00:00+00:00
[2026-08-06T09:49:14.539+0000] {processor.py:183} INFO - Processing /opt/airflow/dags/fraud_dbt_dag.py took 0.407 seconds
[2026-08-06T09:49:44.796+0000] {processor.py:161} INFO - Started process (PID=646) to work on /opt/airflow/dags/fraud_dbt_dag.py
[2026-08-06T09:49:44.798+0000] {processor.py:830} INFO - Processing file /opt/airflow/dags/fraud_dbt_dag.py for tasks to queue
[2026-08-06T09:49:44.803+0000] {logging_mixin.py:188} INFO - [2026-08-06T09:49:44.801+0000] {dagbag.py:545} INFO - Filling up the DagBag from /opt/airflow/dags/fraud_dbt_dag.py
[2026-08-06T09:49:44.843+0000] {processor.py:840} INFO - DAG(s) 'fraud_pipeline_dbt_orchestration' retrieved from /opt/airflow/dags/fraud_dbt_dag.py
[2026-08-06T09:49:44.943+0000] {logging_mixin.py:188} INFO - [2026-08-06T09:49:44.943+0000] {dag.py:3089} INFO - Sync 1 DAGs
[2026-08-06T09:49:45.026+0000] {logging_mixin.py:188} INFO - [2026-08-06T09:49:45.026+0000] {dag.py:3947} INFO - Setting next_dagrun for fraud_pipeline_dbt_orchestration to 2026-08-06 09:45:00+00:00, run_after=2026-08-06 10:00:00+00:00
[2026-08-06T09:49:45.177+0000] {processor.py:183} INFO - Processing /opt/airflow/dags/fraud_dbt_dag.py took 0.409 seconds
[2026-08-06T09:50:15.485+0000] {processor.py:161} INFO - Started process (PID=651) to work on /opt/airflow/dags/fraud_dbt_dag.py
[2026-08-06T09:50:15.489+0000] {processor.py:830} INFO - Processing file /opt/airflow/dags/fraud_dbt_dag.py for tasks to queue
[2026-08-06T09:50:15.495+0000] {logging_mixin.py:188} INFO - [2026-08-06T09:50:15.494+0000] {dagbag.py:545} INFO - Filling up the DagBag from /opt/airflow/dags/fraud_dbt_dag.py
[2026-08-06T09:50:15.529+0000] {processor.py:840} INFO - DAG(s) 'fraud_pipeline_dbt_orchestration' retrieved from /opt/airflow/dags/fraud_dbt_dag.py
[2026-08-06T09:50:15.688+0000] {logging_mixin.py:188} INFO - [2026-08-06T09:50:15.688+0000] {dag.py:3089} INFO - Sync 1 DAGs
[2026-08-06T09:50:15.765+0000] {logging_mixin.py:188} INFO - [2026-08-06T09:50:15.764+0000] {dag.py:3947} INFO - Setting next_dagrun for fraud_pipeline_dbt_orchestration to 2026-08-06 09:45:00+00:00, run_after=2026-08-06 10:00:00+00:00
[2026-08-06T09:50:15.859+0000] {processor.py:183} INFO - Processing /opt/airflow/dags/fraud_dbt_dag.py took 0.402 seconds
[2026-08-06T09:50:46.166+0000] {processor.py:161} INFO - Started process (PID=656) to work on /opt/airflow/dags/fraud_dbt_dag.py
[2026-08-06T09:50:46.171+0000] {processor.py:830} INFO - Processing file /opt/airflow/dags/fraud_dbt_dag.py for tasks to queue
[2026-08-06T09:50:46.178+0000] {logging_mixin.py:188} INFO - [2026-08-06T09:50:46.177+0000] {dagbag.py:545} INFO - Filling up the DagBag from /opt/airflow/dags/fraud_dbt_dag.py
[2026-08-06T09:50:46.218+0000] {processor.py:840} INFO - DAG(s) 'fraud_pipeline_dbt_orchestration' retrieved from /opt/airflow/dags/fraud_dbt_dag.py
[2026-08-06T09:50:46.349+0000] {logging_mixin.py:188} INFO - [2026-08-06T09:50:46.348+0000] {dag.py:3089} INFO - Sync 1 DAGs
[2026-08-06T09:50:46.438+0000] {logging_mixin.py:188} INFO - [2026-08-06T09:50:46.436+0000] {dag.py:3947} INFO - Setting next_dagrun for fraud_pipeline_dbt_orchestration to 2026-08-06 09:45:00+00:00, run_after=2026-08-06 10:00:00+00:00
[2026-08-06T09:50:46.504+0000] {processor.py:183} INFO - Processing /opt/airflow/dags/fraud_dbt_dag.py took 0.366 seconds
[2026-08-06T09:51:16.789+0000] {processor.py:161} INFO - Started process (PID=661) to work on /opt/airflow/dags/fraud_dbt_dag.py
[2026-08-06T09:51:16.793+0000] {processor.py:830} INFO - Processing file /opt/airflow/dags/fraud_dbt_dag.py for tasks to queue
[2026-08-06T09:51:16.797+0000] {logging_mixin.py:188} INFO - [2026-08-06T09:51:16.796+0000] {dagbag.py:545} INFO - Filling up the DagBag from /opt/airflow/dags/fraud_dbt_dag.py
[2026-08-06T09:51:16.853+0000] {processor.py:840} INFO - DAG(s) 'fraud_pipeline_dbt_orchestration' retrieved from /opt/airflow/dags/fraud_dbt_dag.py
[2026-08-06T09:51:17.052+0000] {logging_mixin.py:188} INFO - [2026-08-06T09:51:17.050+0000] {dag.py:3089} INFO - Sync 1 DAGs
[2026-08-06T09:51:17.174+0000] {logging_mixin.py:188} INFO - [2026-08-06T09:51:17.174+0000] {dag.py:3947} INFO - Setting next_dagrun for fraud_pipeline_dbt_orchestration to 2026-08-06 09:45:00+00:00, run_after=2026-08-06 10:00:00+00:00
[2026-08-06T09:51:17.227+0000] {processor.py:183} INFO - Processing /opt/airflow/dags/fraud_dbt_dag.py took 0.469 seconds
[2026-08-06T09:51:47.501+0000] {processor.py:161} INFO - Started process (PID=666) to work on /opt/airflow/dags/fraud_dbt_dag.py
[2026-08-06T09:51:47.503+0000] {processor.py:830} INFO - Processing file /opt/airflow/dags/fraud_dbt_dag.py for tasks to queue
[2026-08-06T09:51:47.508+0000] {logging_mixin.py:188} INFO - [2026-08-06T09:51:47.507+0000] {dagbag.py:545} INFO - Filling up the DagBag from /opt/airflow/dags/fraud_dbt_dag.py
[2026-08-06T09:51:47.540+0000] {processor.py:840} INFO - DAG(s) 'fraud_pipeline_dbt_orchestration' retrieved from /opt/airflow/dags/fraud_dbt_dag.py
[2026-08-06T09:51:47.690+0000] {logging_mixin.py:188} INFO - [2026-08-06T09:51:47.690+0000] {dag.py:3089} INFO - Sync 1 DAGs
[2026-08-06T09:51:47.783+0000] {logging_mixin.py:188} INFO - [2026-08-06T09:51:47.782+0000] {dag.py:3947} INFO - Setting next_dagrun for fraud_pipeline_dbt_orchestration to 2026-08-06 09:45:00+00:00, run_after=2026-08-06 10:00:00+00:00
[2026-08-06T09:51:47.842+0000] {processor.py:183} INFO - Processing /opt/airflow/dags/fraud_dbt_dag.py took 0.364 seconds
[2026-08-06T09:52:18.126+0000] {processor.py:161} INFO - Started process (PID=671) to work on /opt/airflow/dags/fraud_dbt_dag.py
[2026-08-06T09:52:18.136+0000] {processor.py:830} INFO - Processing file /opt/airflow/dags/fraud_dbt_dag.py for tasks to queue
[2026-08-06T09:52:18.146+0000] {logging_mixin.py:188} INFO - [2026-08-06T09:52:18.144+0000] {dagbag.py:545} INFO - Filling up the DagBag from /opt/airflow/dags/fraud_dbt_dag.py
[2026-08-06T09:52:18.238+0000] {processor.py:840} INFO - DAG(s) 'fraud_pipeline_dbt_orchestration' retrieved from /opt/airflow/dags/fraud_dbt_dag.py
[2026-08-06T09:52:18.417+0000] {logging_mixin.py:188} INFO - [2026-08-06T09:52:18.417+0000] {dag.py:3089} INFO - Sync 1 DAGs
[2026-08-06T09:52:18.485+0000] {logging_mixin.py:188} INFO - [2026-08-06T09:52:18.485+0000] {dag.py:3947} INFO - Setting next_dagrun for fraud_pipeline_dbt_orchestration to 2026-08-06 09:45:00+00:00, run_after=2026-08-06 10:00:00+00:00
[2026-08-06T09:52:18.522+0000] {processor.py:183} INFO - Processing /opt/airflow/dags/fraud_dbt_dag.py took 0.415 seconds
[2026-08-06T09:52:48.774+0000] {processor.py:161} INFO - Started process (PID=676) to work on /opt/airflow/dags/fraud_dbt_dag.py
[2026-08-06T09:52:48.776+0000] {processor.py:830} INFO - Processing file /opt/airflow/dags/fraud_dbt_dag.py for tasks to queue
[2026-08-06T09:52:48.779+0000] {logging_mixin.py:188} INFO - [2026-08-06T09:52:48.778+0000] {dagbag.py:545} INFO - Filling up the DagBag from /opt/airflow/dags/fraud_dbt_dag.py
[2026-08-06T09:52:48.800+0000] {processor.py:840} INFO - DAG(s) 'fraud_pipeline_dbt_orchestration' retrieved from /opt/airflow/dags/fraud_dbt_dag.py
[2026-08-06T09:52:49.037+0000] {logging_mixin.py:188} INFO - [2026-08-06T09:52:49.036+0000] {dag.py:3089} INFO - Sync 1 DAGs
[2026-08-06T09:52:49.109+0000] {logging_mixin.py:188} INFO - [2026-08-06T09:52:49.109+0000] {dag.py:3947} INFO - Setting next_dagrun for fraud_pipeline_dbt_orchestration to 2026-08-06 09:45:00+00:00, run_after=2026-08-06 10:00:00+00:00
[2026-08-06T09:52:49.154+0000] {processor.py:183} INFO - Processing /opt/airflow/dags/fraud_dbt_dag.py took 0.395 seconds
[2026-08-06T09:53:19.425+0000] {processor.py:161} INFO - Started process (PID=681) to work on /opt/airflow/dags/fraud_dbt_dag.py
[2026-08-06T09:53:19.439+0000] {processor.py:830} INFO - Processing file /opt/airflow/dags/fraud_dbt_dag.py for tasks to queue
[2026-08-06T09:53:19.451+0000] {logging_mixin.py:188} INFO - [2026-08-06T09:53:19.449+0000] {dagbag.py:545} INFO - Filling up the DagBag from /opt/airflow/dags/fraud_dbt_dag.py
[2026-08-06T09:53:19.481+0000] {processor.py:840} INFO - DAG(s) 'fraud_pipeline_dbt_orchestration' retrieved from /opt/airflow/dags/fraud_dbt_dag.py
[2026-08-06T09:53:19.575+0000] {logging_mixin.py:188} INFO - [2026-08-06T09:53:19.575+0000] {dag.py:3089} INFO - Sync 1 DAGs
[2026-08-06T09:53:19.657+0000] {logging_mixin.py:188} INFO - [2026-08-06T09:53:19.656+0000] {dag.py:3947} INFO - Setting next_dagrun for fraud_pipeline_dbt_orchestration to 2026-08-06 09:45:00+00:00, run_after=2026-08-06 10:00:00+00:00
[2026-08-06T09:53:19.729+0000] {processor.py:183} INFO - Processing /opt/airflow/dags/fraud_dbt_dag.py took 0.331 seconds
[2026-08-06T09:53:49.968+0000] {processor.py:161} INFO - Started process (PID=686) to work on /opt/airflow/dags/fraud_dbt_dag.py
[2026-08-06T09:53:49.969+0000] {processor.py:830} INFO - Processing file /opt/airflow/dags/fraud_dbt_dag.py for tasks to queue
[2026-08-06T09:53:49.972+0000] {logging_mixin.py:188} INFO - [2026-08-06T09:53:49.971+0000] {dagbag.py:545} INFO - Filling up the DagBag from /opt/airflow/dags/fraud_dbt_dag.py
[2026-08-06T09:53:50.010+0000] {processor.py:840} INFO - DAG(s) 'fraud_pipeline_dbt_orchestration' retrieved from /opt/airflow/dags/fraud_dbt_dag.py
[2026-08-06T09:53:50.164+0000] {logging_mixin.py:188} INFO - [2026-08-06T09:53:50.163+0000] {dag.py:3089} INFO - Sync 1 DAGs
[2026-08-06T09:53:50.248+0000] {logging_mixin.py:188} INFO - [2026-08-06T09:53:50.248+0000] {dag.py:3947} INFO - Setting next_dagrun for fraud_pipeline_dbt_orchestration to 2026-08-06 09:45:00+00:00, run_after=2026-08-06 10:00:00+00:00
[2026-08-06T09:53:50.302+0000] {processor.py:183} INFO - Processing /opt/airflow/dags/fraud_dbt_dag.py took 0.343 seconds
[2026-08-06T09:54:20.584+0000] {processor.py:161} INFO - Started process (PID=691) to work on /opt/airflow/dags/fraud_dbt_dag.py
[2026-08-06T09:54:20.587+0000] {processor.py:830} INFO - Processing file /opt/airflow/dags/fraud_dbt_dag.py for tasks to queue
[2026-08-06T09:54:20.593+0000] {logging_mixin.py:188} INFO - [2026-08-06T09:54:20.592+0000] {dagbag.py:545} INFO - Filling up the DagBag from /opt/airflow/dags/fraud_dbt_dag.py
[2026-08-06T09:54:20.638+0000] {processor.py:840} INFO - DAG(s) 'fraud_pipeline_dbt_orchestration' retrieved from /opt/airflow/dags/fraud_dbt_dag.py
[2026-08-06T09:54:20.748+0000] {logging_mixin.py:188} INFO - [2026-08-06T09:54:20.748+0000] {dag.py:3089} INFO - Sync 1 DAGs
[2026-08-06T09:54:20.830+0000] {logging_mixin.py:188} INFO - [2026-08-06T09:54:20.830+0000] {dag.py:3947} INFO - Setting next_dagrun for fraud_pipeline_dbt_orchestration to 2026-08-06 09:45:00+00:00, run_after=2026-08-06 10:00:00+00:00
[2026-08-06T09:54:20.890+0000] {processor.py:183} INFO - Processing /opt/airflow/dags/fraud_dbt_dag.py took 0.330 seconds
[2026-08-06T09:54:51.193+0000] {processor.py:161} INFO - Started process (PID=696) to work on /opt/airflow/dags/fraud_dbt_dag.py
[2026-08-06T09:54:51.203+0000] {processor.py:830} INFO - Processing file /opt/airflow/dags/fraud_dbt_dag.py for tasks to queue
[2026-08-06T09:54:51.209+0000] {logging_mixin.py:188} INFO - [2026-08-06T09:54:51.208+0000] {dagbag.py:545} INFO - Filling up the DagBag from /opt/airflow/dags/fraud_dbt_dag.py
[2026-08-06T09:54:51.246+0000] {processor.py:840} INFO - DAG(s) 'fraud_pipeline_dbt_orchestration' retrieved from /opt/airflow/dags/fraud_dbt_dag.py
[2026-08-06T09:54:51.377+0000] {logging_mixin.py:188} INFO - [2026-08-06T09:54:51.376+0000] {dag.py:3089} INFO - Sync 1 DAGs
[2026-08-06T09:54:51.514+0000] {logging_mixin.py:188} INFO - [2026-08-06T09:54:51.513+0000] {dag.py:3947} INFO - Setting next_dagrun for fraud_pipeline_dbt_orchestration to 2026-08-06 09:45:00+00:00, run_after=2026-08-06 10:00:00+00:00
[2026-08-06T09:54:51.574+0000] {processor.py:183} INFO - Processing /opt/airflow/dags/fraud_dbt_dag.py took 0.411 seconds
[2026-08-06T09:55:21.940+0000] {processor.py:161} INFO - Started process (PID=701) to work on /opt/airflow/dags/fraud_dbt_dag.py
[2026-08-06T09:55:21.944+0000] {processor.py:830} INFO - Processing file /opt/airflow/dags/fraud_dbt_dag.py for tasks to queue
[2026-08-06T09:55:21.948+0000] {logging_mixin.py:188} INFO - [2026-08-06T09:55:21.947+0000] {dagbag.py:545} INFO - Filling up the DagBag from /opt/airflow/dags/fraud_dbt_dag.py
[2026-08-06T09:55:21.984+0000] {processor.py:840} INFO - DAG(s) 'fraud_pipeline_dbt_orchestration' retrieved from /opt/airflow/dags/fraud_dbt_dag.py
[2026-08-06T09:55:22.124+0000] {logging_mixin.py:188} INFO - [2026-08-06T09:55:22.123+0000] {dag.py:3089} INFO - Sync 1 DAGs
[2026-08-06T09:55:22.264+0000] {logging_mixin.py:188} INFO - [2026-08-06T09:55:22.263+0000] {dag.py:3947} INFO - Setting next_dagrun for fraud_pipeline_dbt_orchestration to 2026-08-06 09:45:00+00:00, run_after=2026-08-06 10:00:00+00:00
[2026-08-06T09:55:22.354+0000] {processor.py:183} INFO - Processing /opt/airflow/dags/fraud_dbt_dag.py took 0.434 seconds
[2026-08-06T09:55:52.625+0000] {processor.py:161} INFO - Started process (PID=706) to work on /opt/airflow/dags/fraud_dbt_dag.py
[2026-08-06T09:55:52.628+0000] {processor.py:830} INFO - Processing file /opt/airflow/dags/fraud_dbt_dag.py for tasks to queue
[2026-08-06T09:55:52.637+0000] {logging_mixin.py:188} INFO - [2026-08-06T09:55:52.635+0000] {dagbag.py:545} INFO - Filling up the DagBag from /opt/airflow/dags/fraud_dbt_dag.py
[2026-08-06T09:55:52.661+0000] {processor.py:840} INFO - DAG(s) 'fraud_pipeline_dbt_orchestration' retrieved from /opt/airflow/dags/fraud_dbt_dag.py
[2026-08-06T09:55:52.816+0000] {logging_mixin.py:188} INFO - [2026-08-06T09:55:52.815+0000] {dag.py:3089} INFO - Sync 1 DAGs
[2026-08-06T09:55:52.921+0000] {logging_mixin.py:188} INFO - [2026-08-06T09:55:52.921+0000] {dag.py:3947} INFO - Setting next_dagrun for fraud_pipeline_dbt_orchestration to 2026-08-06 09:45:00+00:00, run_after=2026-08-06 10:00:00+00:00
[2026-08-06T09:55:53.060+0000] {processor.py:183} INFO - Processing /opt/airflow/dags/fraud_dbt_dag.py took 0.458 seconds
[2026-08-06T09:56:23.352+0000] {processor.py:161} INFO - Started process (PID=711) to work on /opt/airflow/dags/fraud_dbt_dag.py
[2026-08-06T09:56:23.355+0000] {processor.py:830} INFO - Processing file /opt/airflow/dags/fraud_dbt_dag.py for tasks to queue
[2026-08-06T09:56:23.360+0000] {logging_mixin.py:188} INFO - [2026-08-06T09:56:23.359+0000] {dagbag.py:545} INFO - Filling up the DagBag from /opt/airflow/dags/fraud_dbt_dag.py
[2026-08-06T09:56:23.390+0000] {processor.py:840} INFO - DAG(s) 'fraud_pipeline_dbt_orchestration' retrieved from /opt/airflow/dags/fraud_dbt_dag.py
[2026-08-06T09:56:23.495+0000] {logging_mixin.py:188} INFO - [2026-08-06T09:56:23.491+0000] {dag.py:3089} INFO - Sync 1 DAGs
[2026-08-06T09:56:23.606+0000] {logging_mixin.py:188} INFO - [2026-08-06T09:56:23.606+0000] {dag.py:3947} INFO - Setting next_dagrun for fraud_pipeline_dbt_orchestration to 2026-08-06 09:45:00+00:00, run_after=2026-08-06 10:00:00+00:00
[2026-08-06T09:56:23.690+0000] {processor.py:183} INFO - Processing /opt/airflow/dags/fraud_dbt_dag.py took 0.352 seconds
[2026-08-06T09:56:53.989+0000] {processor.py:161} INFO - Started process (PID=716) to work on /opt/airflow/dags/fraud_dbt_dag.py
[2026-08-06T09:56:54.005+0000] {processor.py:830} INFO - Processing file /opt/airflow/dags/fraud_dbt_dag.py for tasks to queue
[2026-08-06T09:56:54.015+0000] {logging_mixin.py:188} INFO - [2026-08-06T09:56:54.014+0000] {dagbag.py:545} INFO - Filling up the DagBag from /opt/airflow/dags/fraud_dbt_dag.py
[2026-08-06T09:56:54.066+0000] {processor.py:840} INFO - DAG(s) 'fraud_pipeline_dbt_orchestration' retrieved from /opt/airflow/dags/fraud_dbt_dag.py
[2026-08-06T09:56:54.165+0000] {logging_mixin.py:188} INFO - [2026-08-06T09:56:54.165+0000] {dag.py:3089} INFO - Sync 1 DAGs
[2026-08-06T09:56:54.235+0000] {logging_mixin.py:188} INFO - [2026-08-06T09:56:54.234+0000] {dag.py:3947} INFO - Setting next_dagrun for fraud_pipeline_dbt_orchestration to 2026-08-06 09:45:00+00:00, run_after=2026-08-06 10:00:00+00:00
[2026-08-06T09:56:54.334+0000] {processor.py:183} INFO - Processing /opt/airflow/dags/fraud_dbt_dag.py took 0.365 seconds
[2026-08-06T09:57:24.636+0000] {processor.py:161} INFO - Started process (PID=721) to work on /opt/airflow/dags/fraud_dbt_dag.py
[2026-08-06T09:57:24.641+0000] {processor.py:830} INFO - Processing file /opt/airflow/dags/fraud_dbt_dag.py for tasks to queue
[2026-08-06T09:57:24.658+0000] {logging_mixin.py:188} INFO - [2026-08-06T09:57:24.657+0000] {dagbag.py:545} INFO - Filling up the DagBag from /opt/airflow/dags/fraud_dbt_dag.py
[2026-08-06T09:57:24.698+0000] {processor.py:840} INFO - DAG(s) 'fraud_pipeline_dbt_orchestration' retrieved from /opt/airflow/dags/fraud_dbt_dag.py
[2026-08-06T09:57:24.854+0000] {logging_mixin.py:188} INFO - [2026-08-06T09:57:24.853+0000] {dag.py:3089} INFO - Sync 1 DAGs
[2026-08-06T09:57:24.992+0000] {logging_mixin.py:188} INFO - [2026-08-06T09:57:24.991+0000] {dag.py:3947} INFO - Setting next_dagrun for fraud_pipeline_dbt_orchestration to 2026-08-06 09:45:00+00:00, run_after=2026-08-06 10:00:00+00:00
[2026-08-06T09:57:25.065+0000] {processor.py:183} INFO - Processing /opt/airflow/dags/fraud_dbt_dag.py took 0.459 seconds
[2026-08-06T09:57:55.346+0000] {processor.py:161} INFO - Started process (PID=726) to work on /opt/airflow/dags/fraud_dbt_dag.py
[2026-08-06T09:57:55.348+0000] {processor.py:830} INFO - Processing file /opt/airflow/dags/fraud_dbt_dag.py for tasks to queue
[2026-08-06T09:57:55.389+0000] {logging_mixin.py:188} INFO - [2026-08-06T09:57:55.388+0000] {dagbag.py:545} INFO - Filling up the DagBag from /opt/airflow/dags/fraud_dbt_dag.py
[2026-08-06T09:57:55.455+0000] {processor.py:840} INFO - DAG(s) 'fraud_pipeline_dbt_orchestration' retrieved from /opt/airflow/dags/fraud_dbt_dag.py
[2026-08-06T09:57:55.617+0000] {logging_mixin.py:188} INFO - [2026-08-06T09:57:55.616+0000] {dag.py:3089} INFO - Sync 1 DAGs
[2026-08-06T09:57:55.753+0000] {logging_mixin.py:188} INFO - [2026-08-06T09:57:55.753+0000] {dag.py:3947} INFO - Setting next_dagrun for fraud_pipeline_dbt_orchestration to 2026-08-06 09:45:00+00:00, run_after=2026-08-06 10:00:00+00:00
[2026-08-06T09:57:55.803+0000] {processor.py:183} INFO - Processing /opt/airflow/dags/fraud_dbt_dag.py took 0.470 seconds
[2026-08-06T09:58:26.008+0000] {processor.py:161} INFO - Started process (PID=731) to work on /opt/airflow/dags/fraud_dbt_dag.py
[2026-08-06T09:58:26.018+0000] {processor.py:830} INFO - Processing file /opt/airflow/dags/fraud_dbt_dag.py for tasks to queue
[2026-08-06T09:58:26.023+0000] {logging_mixin.py:188} INFO - [2026-08-06T09:58:26.022+0000] {dagbag.py:545} INFO - Filling up the DagBag from /opt/airflow/dags/fraud_dbt_dag.py
[2026-08-06T09:58:26.046+0000] {processor.py:840} INFO - DAG(s) 'fraud_pipeline_dbt_orchestration' retrieved from /opt/airflow/dags/fraud_dbt_dag.py
[2026-08-06T09:58:26.134+0000] {logging_mixin.py:188} INFO - [2026-08-06T09:58:26.134+0000] {dag.py:3089} INFO - Sync 1 DAGs
[2026-08-06T09:58:26.230+0000] {logging_mixin.py:188} INFO - [2026-08-06T09:58:26.229+0000] {dag.py:3947} INFO - Setting next_dagrun for fraud_pipeline_dbt_orchestration to 2026-08-06 09:45:00+00:00, run_after=2026-08-06 10:00:00+00:00
[2026-08-06T09:58:26.301+0000] {processor.py:183} INFO - Processing /opt/airflow/dags/fraud_dbt_dag.py took 0.304 seconds
[2026-08-06T09:58:56.553+0000] {processor.py:161} INFO - Started process (PID=736) to work on /opt/airflow/dags/fraud_dbt_dag.py
[2026-08-06T09:58:56.557+0000] {processor.py:830} INFO - Processing file /opt/airflow/dags/fraud_dbt_dag.py for tasks to queue
[2026-08-06T09:58:56.565+0000] {logging_mixin.py:188} INFO - [2026-08-06T09:58:56.563+0000] {dagbag.py:545} INFO - Filling up the DagBag from /opt/airflow/dags/fraud_dbt_dag.py
[2026-08-06T09:58:56.598+0000] {processor.py:840} INFO - DAG(s) 'fraud_pipeline_dbt_orchestration' retrieved from /opt/airflow/dags/fraud_dbt_dag.py
[2026-08-06T09:58:56.718+0000] {logging_mixin.py:188} INFO - [2026-08-06T09:58:56.718+0000] {dag.py:3089} INFO - Sync 1 DAGs
[2026-08-06T09:58:56.810+0000] {logging_mixin.py:188} INFO - [2026-08-06T09:58:56.810+0000] {dag.py:3947} INFO - Setting next_dagrun for fraud_pipeline_dbt_orchestration to 2026-08-06 09:45:00+00:00, run_after=2026-08-06 10:00:00+00:00
[2026-08-06T09:58:56.889+0000] {processor.py:183} INFO - Processing /opt/airflow/dags/fraud_dbt_dag.py took 0.342 seconds
[2026-08-06T09:59:27.225+0000] {processor.py:161} INFO - Started process (PID=741) to work on /opt/airflow/dags/fraud_dbt_dag.py
[2026-08-06T09:59:27.227+0000] {processor.py:830} INFO - Processing file /opt/airflow/dags/fraud_dbt_dag.py for tasks to queue
[2026-08-06T09:59:27.238+0000] {logging_mixin.py:188} INFO - [2026-08-06T09:59:27.230+0000] {dagbag.py:545} INFO - Filling up the DagBag from /opt/airflow/dags/fraud_dbt_dag.py
[2026-08-06T09:59:27.268+0000] {processor.py:840} INFO - DAG(s) 'fraud_pipeline_dbt_orchestration' retrieved from /opt/airflow/dags/fraud_dbt_dag.py
[2026-08-06T09:59:27.372+0000] {logging_mixin.py:188} INFO - [2026-08-06T09:59:27.372+0000] {dag.py:3089} INFO - Sync 1 DAGs
[2026-08-06T09:59:27.446+0000] {logging_mixin.py:188} INFO - [2026-08-06T09:59:27.445+0000] {dag.py:3947} INFO - Setting next_dagrun for fraud_pipeline_dbt_orchestration to 2026-08-06 09:45:00+00:00, run_after=2026-08-06 10:00:00+00:00
[2026-08-06T09:59:27.495+0000] {processor.py:183} INFO - Processing /opt/airflow/dags/fraud_dbt_dag.py took 0.338 seconds
[2026-08-06T09:59:57.808+0000] {processor.py:161} INFO - Started process (PID=746) to work on /opt/airflow/dags/fraud_dbt_dag.py
[2026-08-06T09:59:57.815+0000] {processor.py:830} INFO - Processing file /opt/airflow/dags/fraud_dbt_dag.py for tasks to queue
[2026-08-06T09:59:57.822+0000] {logging_mixin.py:188} INFO - [2026-08-06T09:59:57.820+0000] {dagbag.py:545} INFO - Filling up the DagBag from /opt/airflow/dags/fraud_dbt_dag.py
[2026-08-06T09:59:57.924+0000] {processor.py:840} INFO - DAG(s) 'fraud_pipeline_dbt_orchestration' retrieved from /opt/airflow/dags/fraud_dbt_dag.py
[2026-08-06T09:59:58.017+0000] {logging_mixin.py:188} INFO - [2026-08-06T09:59:58.017+0000] {dag.py:3089} INFO - Sync 1 DAGs
[2026-08-06T09:59:58.107+0000] {logging_mixin.py:188} INFO - [2026-08-06T09:59:58.106+0000] {dag.py:3947} INFO - Setting next_dagrun for fraud_pipeline_dbt_orchestration to 2026-08-06 09:45:00+00:00, run_after=2026-08-06 10:00:00+00:00
[2026-08-06T09:59:58.187+0000] {processor.py:183} INFO - Processing /opt/airflow/dags/fraud_dbt_dag.py took 0.398 seconds
[2026-08-06T10:00:28.462+0000] {processor.py:161} INFO - Started process (PID=772) to work on /opt/airflow/dags/fraud_dbt_dag.py
[2026-08-06T10:00:28.472+0000] {processor.py:830} INFO - Processing file /opt/airflow/dags/fraud_dbt_dag.py for tasks to queue
[2026-08-06T10:00:28.479+0000] {logging_mixin.py:188} INFO - [2026-08-06T10:00:28.478+0000] {dagbag.py:545} INFO - Filling up the DagBag from /opt/airflow/dags/fraud_dbt_dag.py
[2026-08-06T10:00:28.524+0000] {processor.py:840} INFO - DAG(s) 'fraud_pipeline_dbt_orchestration' retrieved from /opt/airflow/dags/fraud_dbt_dag.py
[2026-08-06T10:00:28.634+0000] {logging_mixin.py:188} INFO - [2026-08-06T10:00:28.634+0000] {dag.py:3089} INFO - Sync 1 DAGs
[2026-08-06T10:00:28.703+0000] {logging_mixin.py:188} INFO - [2026-08-06T10:00:28.701+0000] {dag.py:3947} INFO - Setting next_dagrun for fraud_pipeline_dbt_orchestration to 2026-08-06 10:00:00+00:00, run_after=2026-08-06 10:15:00+00:00
[2026-08-06T10:00:28.758+0000] {processor.py:183} INFO - Processing /opt/airflow/dags/fraud_dbt_dag.py took 0.327 seconds
[2026-08-06T10:00:59.070+0000] {processor.py:161} INFO - Started process (PID=777) to work on /opt/airflow/dags/fraud_dbt_dag.py
[2026-08-06T10:00:59.072+0000] {processor.py:830} INFO - Processing file /opt/airflow/dags/fraud_dbt_dag.py for tasks to queue
[2026-08-06T10:00:59.077+0000] {logging_mixin.py:188} INFO - [2026-08-06T10:00:59.076+0000] {dagbag.py:545} INFO - Filling up the DagBag from /opt/airflow/dags/fraud_dbt_dag.py
[2026-08-06T10:00:59.104+0000] {processor.py:840} INFO - DAG(s) 'fraud_pipeline_dbt_orchestration' retrieved from /opt/airflow/dags/fraud_dbt_dag.py
[2026-08-06T10:00:59.164+0000] {logging_mixin.py:188} INFO - [2026-08-06T10:00:59.163+0000] {dag.py:3089} INFO - Sync 1 DAGs
[2026-08-06T10:00:59.202+0000] {logging_mixin.py:188} INFO - [2026-08-06T10:00:59.201+0000] {dag.py:3947} INFO - Setting next_dagrun for fraud_pipeline_dbt_orchestration to 2026-08-06 10:00:00+00:00, run_after=2026-08-06 10:15:00+00:00
[2026-08-06T10:00:59.251+0000] {processor.py:183} INFO - Processing /opt/airflow/dags/fraud_dbt_dag.py took 0.198 seconds
[2026-08-06T10:01:29.551+0000] {processor.py:161} INFO - Started process (PID=782) to work on /opt/airflow/dags/fraud_dbt_dag.py
[2026-08-06T10:01:29.555+0000] {processor.py:830} INFO - Processing file /opt/airflow/dags/fraud_dbt_dag.py for tasks to queue
[2026-08-06T10:01:29.562+0000] {logging_mixin.py:188} INFO - [2026-08-06T10:01:29.561+0000] {dagbag.py:545} INFO - Filling up the DagBag from /opt/airflow/dags/fraud_dbt_dag.py
[2026-08-06T10:01:29.618+0000] {processor.py:840} INFO - DAG(s) 'fraud_pipeline_dbt_orchestration' retrieved from /opt/airflow/dags/fraud_dbt_dag.py
[2026-08-06T10:01:29.734+0000] {logging_mixin.py:188} INFO - [2026-08-06T10:01:29.733+0000] {dag.py:3089} INFO - Sync 1 DAGs
[2026-08-06T10:01:29.891+0000] {logging_mixin.py:188} INFO - [2026-08-06T10:01:29.881+0000] {dag.py:3947} INFO - Setting next_dagrun for fraud_pipeline_dbt_orchestration to 2026-08-06 10:00:00+00:00, run_after=2026-08-06 10:15:00+00:00
[2026-08-06T10:01:29.931+0000] {processor.py:183} INFO - Processing /opt/airflow/dags/fraud_dbt_dag.py took 0.410 seconds
[2026-08-06T10:02:00.220+0000] {processor.py:161} INFO - Started process (PID=787) to work on /opt/airflow/dags/fraud_dbt_dag.py
[2026-08-06T10:02:00.223+0000] {processor.py:830} INFO - Processing file /opt/airflow/dags/fraud_dbt_dag.py for tasks to queue
[2026-08-06T10:02:00.229+0000] {logging_mixin.py:188} INFO - [2026-08-06T10:02:00.228+0000] {dagbag.py:545} INFO - Filling up the DagBag from /opt/airflow/dags/fraud_dbt_dag.py
[2026-08-06T10:02:00.253+0000] {processor.py:840} INFO - DAG(s) 'fraud_pipeline_dbt_orchestration' retrieved from /opt/airflow/dags/fraud_dbt_dag.py
[2026-08-06T10:02:00.350+0000] {logging_mixin.py:188} INFO - [2026-08-06T10:02:00.349+0000] {dag.py:3089} INFO - Sync 1 DAGs
[2026-08-06T10:02:00.404+0000] {logging_mixin.py:188} INFO - [2026-08-06T10:02:00.404+0000] {dag.py:3947} INFO - Setting next_dagrun for fraud_pipeline_dbt_orchestration to 2026-08-06 10:00:00+00:00, run_after=2026-08-06 10:15:00+00:00
[2026-08-06T10:02:00.452+0000] {processor.py:183} INFO - Processing /opt/airflow/dags/fraud_dbt_dag.py took 0.249 seconds
[2026-08-06T10:02:30.752+0000] {processor.py:161} INFO - Started process (PID=792) to work on /opt/airflow/dags/fraud_dbt_dag.py
[2026-08-06T10:02:30.755+0000] {processor.py:830} INFO - Processing file /opt/airflow/dags/fraud_dbt_dag.py for tasks to queue
[2026-08-06T10:02:30.760+0000] {logging_mixin.py:188} INFO - [2026-08-06T10:02:30.759+0000] {dagbag.py:545} INFO - Filling up the DagBag from /opt/airflow/dags/fraud_dbt_dag.py
[2026-08-06T10:02:30.787+0000] {processor.py:840} INFO - DAG(s) 'fraud_pipeline_dbt_orchestration' retrieved from /opt/airflow/dags/fraud_dbt_dag.py
[2026-08-06T10:02:30.867+0000] {logging_mixin.py:188} INFO - [2026-08-06T10:02:30.866+0000] {dag.py:3089} INFO - Sync 1 DAGs
[2026-08-06T10:02:30.950+0000] {logging_mixin.py:188} INFO - [2026-08-06T10:02:30.949+0000] {dag.py:3947} INFO - Setting next_dagrun for fraud_pipeline_dbt_orchestration to 2026-08-06 10:00:00+00:00, run_after=2026-08-06 10:15:00+00:00
[2026-08-06T10:02:31.008+0000] {processor.py:183} INFO - Processing /opt/airflow/dags/fraud_dbt_dag.py took 0.292 seconds
[2026-08-06T10:03:01.350+0000] {processor.py:161} INFO - Started process (PID=797) to work on /opt/airflow/dags/fraud_dbt_dag.py
[2026-08-06T10:03:01.359+0000] {processor.py:830} INFO - Processing file /opt/airflow/dags/fraud_dbt_dag.py for tasks to queue
[2026-08-06T10:03:01.364+0000] {logging_mixin.py:188} INFO - [2026-08-06T10:03:01.362+0000] {dagbag.py:545} INFO - Filling up the DagBag from /opt/airflow/dags/fraud_dbt_dag.py
[2026-08-06T10:03:01.400+0000] {processor.py:840} INFO - DAG(s) 'fraud_pipeline_dbt_orchestration' retrieved from /opt/airflow/dags/fraud_dbt_dag.py
[2026-08-06T10:03:01.513+0000] {logging_mixin.py:188} INFO - [2026-08-06T10:03:01.513+0000] {dag.py:3089} INFO - Sync 1 DAGs
[2026-08-06T10:03:01.612+0000] {logging_mixin.py:188} INFO - [2026-08-06T10:03:01.611+0000] {dag.py:3947} INFO - Setting next_dagrun for fraud_pipeline_dbt_orchestration to 2026-08-06 10:00:00+00:00, run_after=2026-08-06 10:15:00+00:00
[2026-08-06T10:03:01.687+0000] {processor.py:183} INFO - Processing /opt/airflow/dags/fraud_dbt_dag.py took 0.394 seconds
[2026-08-06T10:03:31.998+0000] {processor.py:161} INFO - Started process (PID=802) to work on /opt/airflow/dags/fraud_dbt_dag.py
[2026-08-06T10:03:32.000+0000] {processor.py:830} INFO - Processing file /opt/airflow/dags/fraud_dbt_dag.py for tasks to queue
[2026-08-06T10:03:32.008+0000] {logging_mixin.py:188} INFO - [2026-08-06T10:03:32.007+0000] {dagbag.py:545} INFO - Filling up the DagBag from /opt/airflow/dags/fraud_dbt_dag.py
[2026-08-06T10:03:32.035+0000] {processor.py:840} INFO - DAG(s) 'fraud_pipeline_dbt_orchestration' retrieved from /opt/airflow/dags/fraud_dbt_dag.py
[2026-08-06T10:03:32.128+0000] {logging_mixin.py:188} INFO - [2026-08-06T10:03:32.128+0000] {dag.py:3089} INFO - Sync 1 DAGs
[2026-08-06T10:03:32.177+0000] {logging_mixin.py:188} INFO - [2026-08-06T10:03:32.176+0000] {dag.py:3947} INFO - Setting next_dagrun for fraud_pipeline_dbt_orchestration to 2026-08-06 10:00:00+00:00, run_after=2026-08-06 10:15:00+00:00
[2026-08-06T10:03:32.222+0000] {processor.py:183} INFO - Processing /opt/airflow/dags/fraud_dbt_dag.py took 0.247 seconds
[2026-08-06T10:04:02.480+0000] {processor.py:161} INFO - Started process (PID=807) to work on /opt/airflow/dags/fraud_dbt_dag.py
[2026-08-06T10:04:02.488+0000] {processor.py:830} INFO - Processing file /opt/airflow/dags/fraud_dbt_dag.py for tasks to queue
[2026-08-06T10:04:02.495+0000] {logging_mixin.py:188} INFO - [2026-08-06T10:04:02.494+0000] {dagbag.py:545} INFO - Filling up the DagBag from /opt/airflow/dags/fraud_dbt_dag.py
[2026-08-06T10:04:02.529+0000] {processor.py:840} INFO - DAG(s) 'fraud_pipeline_dbt_orchestration' retrieved from /opt/airflow/dags/fraud_dbt_dag.py
[2026-08-06T10:04:02.614+0000] {logging_mixin.py:188} INFO - [2026-08-06T10:04:02.614+0000] {dag.py:3089} INFO - Sync 1 DAGs
[2026-08-06T10:04:02.672+0000] {logging_mixin.py:188} INFO - [2026-08-06T10:04:02.671+0000] {dag.py:3947} INFO - Setting next_dagrun for fraud_pipeline_dbt_orchestration to 2026-08-06 10:00:00+00:00, run_after=2026-08-06 10:15:00+00:00
[2026-08-06T10:04:02.710+0000] {processor.py:183} INFO - Processing /opt/airflow/dags/fraud_dbt_dag.py took 0.260 seconds
[2026-08-06T10:04:32.961+0000] {processor.py:161} INFO - Started process (PID=812) to work on /opt/airflow/dags/fraud_dbt_dag.py
[2026-08-06T10:04:32.964+0000] {processor.py:830} INFO - Processing file /opt/airflow/dags/fraud_dbt_dag.py for tasks to queue
[2026-08-06T10:04:32.969+0000] {logging_mixin.py:188} INFO - [2026-08-06T10:04:32.968+0000] {dagbag.py:545} INFO - Filling up the DagBag from /opt/airflow/dags/fraud_dbt_dag.py
[2026-08-06T10:04:33.015+0000] {processor.py:840} INFO - DAG(s) 'fraud_pipeline_dbt_orchestration' retrieved from /opt/airflow/dags/fraud_dbt_dag.py
[2026-08-06T10:04:33.124+0000] {logging_mixin.py:188} INFO - [2026-08-06T10:04:33.123+0000] {dag.py:3089} INFO - Sync 1 DAGs
[2026-08-06T10:04:33.194+0000] {logging_mixin.py:188} INFO - [2026-08-06T10:04:33.193+0000] {dag.py:3947} INFO - Setting next_dagrun for fraud_pipeline_dbt_orchestration to 2026-08-06 10:00:00+00:00, run_after=2026-08-06 10:15:00+00:00
[2026-08-06T10:04:33.242+0000] {processor.py:183} INFO - Processing /opt/airflow/dags/fraud_dbt_dag.py took 0.300 seconds
[2026-08-06T10:05:03.341+0000] {processor.py:161} INFO - Started process (PID=817) to work on /opt/airflow/dags/fraud_dbt_dag.py
[2026-08-06T10:05:03.347+0000] {processor.py:830} INFO - Processing file /opt/airflow/dags/fraud_dbt_dag.py for tasks to queue
[2026-08-06T10:05:03.354+0000] {logging_mixin.py:188} INFO - [2026-08-06T10:05:03.352+0000] {dagbag.py:545} INFO - Filling up the DagBag from /opt/airflow/dags/fraud_dbt_dag.py
[2026-08-06T10:05:03.420+0000] {processor.py:840} INFO - DAG(s) 'fraud_pipeline_dbt_orchestration' retrieved from /opt/airflow/dags/fraud_dbt_dag.py
[2026-08-06T10:05:03.531+0000] {logging_mixin.py:188} INFO - [2026-08-06T10:05:03.530+0000] {dag.py:3089} INFO - Sync 1 DAGs
[2026-08-06T10:05:03.614+0000] {logging_mixin.py:188} INFO - [2026-08-06T10:05:03.611+0000] {dag.py:3947} INFO - Setting next_dagrun for fraud_pipeline_dbt_orchestration to 2026-08-06 10:00:00+00:00, run_after=2026-08-06 10:15:00+00:00
[2026-08-06T10:05:03.680+0000] {processor.py:183} INFO - Processing /opt/airflow/dags/fraud_dbt_dag.py took 0.365 seconds
[2026-08-06T10:05:33.750+0000] {processor.py:161} INFO - Started process (PID=822) to work on /opt/airflow/dags/fraud_dbt_dag.py
[2026-08-06T10:05:33.753+0000] {processor.py:830} INFO - Processing file /opt/airflow/dags/fraud_dbt_dag.py for tasks to queue
[2026-08-06T10:05:33.760+0000] {logging_mixin.py:188} INFO - [2026-08-06T10:05:33.759+0000] {dagbag.py:545} INFO - Filling up the DagBag from /opt/airflow/dags/fraud_dbt_dag.py
[2026-08-06T10:05:33.816+0000] {processor.py:840} INFO - DAG(s) 'fraud_pipeline_dbt_orchestration' retrieved from /opt/airflow/dags/fraud_dbt_dag.py
[2026-08-06T10:05:33.882+0000] {logging_mixin.py:188} INFO - [2026-08-06T10:05:33.881+0000] {dag.py:3089} INFO - Sync 1 DAGs
[2026-08-06T10:05:33.936+0000] {logging_mixin.py:188} INFO - [2026-08-06T10:05:33.936+0000] {dag.py:3947} INFO - Setting next_dagrun for fraud_pipeline_dbt_orchestration to 2026-08-06 10:00:00+00:00, run_after=2026-08-06 10:15:00+00:00
[2026-08-06T10:05:34.001+0000] {processor.py:183} INFO - Processing /opt/airflow/dags/fraud_dbt_dag.py took 0.274 seconds
[2026-08-06T10:06:04.223+0000] {processor.py:161} INFO - Started process (PID=827) to work on /opt/airflow/dags/fraud_dbt_dag.py
[2026-08-06T10:06:04.232+0000] {processor.py:830} INFO - Processing file /opt/airflow/dags/fraud_dbt_dag.py for tasks to queue
[2026-08-06T10:06:04.240+0000] {logging_mixin.py:188} INFO - [2026-08-06T10:06:04.238+0000] {dagbag.py:545} INFO - Filling up the DagBag from /opt/airflow/dags/fraud_dbt_dag.py
[2026-08-06T10:06:04.296+0000] {processor.py:840} INFO - DAG(s) 'fraud_pipeline_dbt_orchestration' retrieved from /opt/airflow/dags/fraud_dbt_dag.py
[2026-08-06T10:06:04.389+0000] {logging_mixin.py:188} INFO - [2026-08-06T10:06:04.389+0000] {dag.py:3089} INFO - Sync 1 DAGs
[2026-08-06T10:06:04.587+0000] {logging_mixin.py:188} INFO - [2026-08-06T10:06:04.587+0000] {dag.py:3947} INFO - Setting next_dagrun for fraud_pipeline_dbt_orchestration to 2026-08-06 10:00:00+00:00, run_after=2026-08-06 10:15:00+00:00
[2026-08-06T10:06:04.687+0000] {processor.py:183} INFO - Processing /opt/airflow/dags/fraud_dbt_dag.py took 0.488 seconds
[2026-08-06T10:06:34.993+0000] {processor.py:161} INFO - Started process (PID=832) to work on /opt/airflow/dags/fraud_dbt_dag.py
[2026-08-06T10:06:34.995+0000] {processor.py:830} INFO - Processing file /opt/airflow/dags/fraud_dbt_dag.py for tasks to queue
[2026-08-06T10:06:35.003+0000] {logging_mixin.py:188} INFO - [2026-08-06T10:06:35.002+0000] {dagbag.py:545} INFO - Filling up the DagBag from /opt/airflow/dags/fraud_dbt_dag.py
[2026-08-06T10:06:35.045+0000] {processor.py:840} INFO - DAG(s) 'fraud_pipeline_dbt_orchestration' retrieved from /opt/airflow/dags/fraud_dbt_dag.py
[2026-08-06T10:06:35.195+0000] {logging_mixin.py:188} INFO - [2026-08-06T10:06:35.194+0000] {dag.py:3089} INFO - Sync 1 DAGs
[2026-08-06T10:06:35.296+0000] {logging_mixin.py:188} INFO - [2026-08-06T10:06:35.296+0000] {dag.py:3947} INFO - Setting next_dagrun for fraud_pipeline_dbt_orchestration to 2026-08-06 10:00:00+00:00, run_after=2026-08-06 10:15:00+00:00
[2026-08-06T10:06:35.347+0000] {processor.py:183} INFO - Processing /opt/airflow/dags/fraud_dbt_dag.py took 0.378 seconds
[2026-08-06T10:07:05.635+0000] {processor.py:161} INFO - Started process (PID=837) to work on /opt/airflow/dags/fraud_dbt_dag.py
[2026-08-06T10:07:05.647+0000] {processor.py:830} INFO - Processing file /opt/airflow/dags/fraud_dbt_dag.py for tasks to queue
[2026-08-06T10:07:05.653+0000] {logging_mixin.py:188} INFO - [2026-08-06T10:07:05.652+0000] {dagbag.py:545} INFO - Filling up the DagBag from /opt/airflow/dags/fraud_dbt_dag.py
[2026-08-06T10:07:05.700+0000] {processor.py:840} INFO - DAG(s) 'fraud_pipeline_dbt_orchestration' retrieved from /opt/airflow/dags/fraud_dbt_dag.py
[2026-08-06T10:07:05.845+0000] {logging_mixin.py:188} INFO - [2026-08-06T10:07:05.844+0000] {dag.py:3089} INFO - Sync 1 DAGs
[2026-08-06T10:07:05.908+0000] {logging_mixin.py:188} INFO - [2026-08-06T10:07:05.907+0000] {dag.py:3947} INFO - Setting next_dagrun for fraud_pipeline_dbt_orchestration to 2026-08-06 10:00:00+00:00, run_after=2026-08-06 10:15:00+00:00
[2026-08-06T10:07:05.964+0000] {processor.py:183} INFO - Processing /opt/airflow/dags/fraud_dbt_dag.py took 0.346 seconds
[2026-08-06T10:07:36.268+0000] {processor.py:161} INFO - Started process (PID=842) to work on /opt/airflow/dags/fraud_dbt_dag.py
[2026-08-06T10:07:36.271+0000] {processor.py:830} INFO - Processing file /opt/airflow/dags/fraud_dbt_dag.py for tasks to queue
[2026-08-06T10:07:36.277+0000] {logging_mixin.py:188} INFO - [2026-08-06T10:07:36.275+0000] {dagbag.py:545} INFO - Filling up the DagBag from /opt/airflow/dags/fraud_dbt_dag.py
[2026-08-06T10:07:36.308+0000] {processor.py:840} INFO - DAG(s) 'fraud_pipeline_dbt_orchestration' retrieved from /opt/airflow/dags/fraud_dbt_dag.py
[2026-08-06T10:07:36.403+0000] {logging_mixin.py:188} INFO - [2026-08-06T10:07:36.402+0000] {dag.py:3089} INFO - Sync 1 DAGs
[2026-08-06T10:07:36.475+0000] {logging_mixin.py:188} INFO - [2026-08-06T10:07:36.466+0000] {dag.py:3947} INFO - Setting next_dagrun for fraud_pipeline_dbt_orchestration to 2026-08-06 10:00:00+00:00, run_after=2026-08-06 10:15:00+00:00
[2026-08-06T10:07:36.545+0000] {processor.py:183} INFO - Processing /opt/airflow/dags/fraud_dbt_dag.py took 0.295 seconds
[2026-08-06T10:08:06.840+0000] {processor.py:161} INFO - Started process (PID=847) to work on /opt/airflow/dags/fraud_dbt_dag.py
[2026-08-06T10:08:06.850+0000] {processor.py:830} INFO - Processing file /opt/airflow/dags/fraud_dbt_dag.py for tasks to queue
[2026-08-06T10:08:06.855+0000] {logging_mixin.py:188} INFO - [2026-08-06T10:08:06.854+0000] {dagbag.py:545} INFO - Filling up the DagBag from /opt/airflow/dags/fraud_dbt_dag.py
[2026-08-06T10:08:06.887+0000] {processor.py:840} INFO - DAG(s) 'fraud_pipeline_dbt_orchestration' retrieved from /opt/airflow/dags/fraud_dbt_dag.py
[2026-08-06T10:08:06.991+0000] {logging_mixin.py:188} INFO - [2026-08-06T10:08:06.990+0000] {dag.py:3089} INFO - Sync 1 DAGs
[2026-08-06T10:08:07.088+0000] {logging_mixin.py:188} INFO - [2026-08-06T10:08:07.088+0000] {dag.py:3947} INFO - Setting next_dagrun for fraud_pipeline_dbt_orchestration to 2026-08-06 10:00:00+00:00, run_after=2026-08-06 10:15:00+00:00
[2026-08-06T10:08:07.153+0000] {processor.py:183} INFO - Processing /opt/airflow/dags/fraud_dbt_dag.py took 0.334 seconds
[2026-08-06T10:08:37.467+0000] {processor.py:161} INFO - Started process (PID=852) to work on /opt/airflow/dags/fraud_dbt_dag.py
[2026-08-06T10:08:37.469+0000] {processor.py:830} INFO - Processing file /opt/airflow/dags/fraud_dbt_dag.py for tasks to queue
[2026-08-06T10:08:37.474+0000] {logging_mixin.py:188} INFO - [2026-08-06T10:08:37.473+0000] {dagbag.py:545} INFO - Filling up the DagBag from /opt/airflow/dags/fraud_dbt_dag.py
[2026-08-06T10:08:37.510+0000] {processor.py:840} INFO - DAG(s) 'fraud_pipeline_dbt_orchestration' retrieved from /opt/airflow/dags/fraud_dbt_dag.py
[2026-08-06T10:08:37.623+0000] {logging_mixin.py:188} INFO - [2026-08-06T10:08:37.623+0000] {dag.py:3089} INFO - Sync 1 DAGs
[2026-08-06T10:08:37.686+0000] {logging_mixin.py:188} INFO - [2026-08-06T10:08:37.686+0000] {dag.py:3947} INFO - Setting next_dagrun for fraud_pipeline_dbt_orchestration to 2026-08-06 10:00:00+00:00, run_after=2026-08-06 10:15:00+00:00
[2026-08-06T10:08:37.729+0000] {processor.py:183} INFO - Processing /opt/airflow/dags/fraud_dbt_dag.py took 0.292 seconds
[2026-08-06T10:09:07.984+0000] {processor.py:161} INFO - Started process (PID=857) to work on /opt/airflow/dags/fraud_dbt_dag.py
[2026-08-06T10:09:07.986+0000] {processor.py:830} INFO - Processing file /opt/airflow/dags/fraud_dbt_dag.py for tasks to queue
[2026-08-06T10:09:07.990+0000] {logging_mixin.py:188} INFO - [2026-08-06T10:09:07.990+0000] {dagbag.py:545} INFO - Filling up the DagBag from /opt/airflow/dags/fraud_dbt_dag.py
[2026-08-06T10:09:08.019+0000] {processor.py:840} INFO - DAG(s) 'fraud_pipeline_dbt_orchestration' retrieved from /opt/airflow/dags/fraud_dbt_dag.py
[2026-08-06T10:09:08.107+0000] {logging_mixin.py:188} INFO - [2026-08-06T10:09:08.106+0000] {dag.py:3089} INFO - Sync 1 DAGs
[2026-08-06T10:09:08.183+0000] {logging_mixin.py:188} INFO - [2026-08-06T10:09:08.178+0000] {dag.py:3947} INFO - Setting next_dagrun for fraud_pipeline_dbt_orchestration to 2026-08-06 10:00:00+00:00, run_after=2026-08-06 10:15:00+00:00
[2026-08-06T10:09:08.229+0000] {processor.py:183} INFO - Processing /opt/airflow/dags/fraud_dbt_dag.py took 0.255 seconds
[2026-08-06T10:09:38.528+0000] {processor.py:161} INFO - Started process (PID=862) to work on /opt/airflow/dags/fraud_dbt_dag.py
[2026-08-06T10:09:38.538+0000] {processor.py:830} INFO - Processing file /opt/airflow/dags/fraud_dbt_dag.py for tasks to queue
[2026-08-06T10:09:38.543+0000] {logging_mixin.py:188} INFO - [2026-08-06T10:09:38.542+0000] {dagbag.py:545} INFO - Filling up the DagBag from /opt/airflow/dags/fraud_dbt_dag.py
[2026-08-06T10:09:38.575+0000] {processor.py:840} INFO - DAG(s) 'fraud_pipeline_dbt_orchestration' retrieved from /opt/airflow/dags/fraud_dbt_dag.py
[2026-08-06T10:09:38.668+0000] {logging_mixin.py:188} INFO - [2026-08-06T10:09:38.665+0000] {dag.py:3089} INFO - Sync 1 DAGs
[2026-08-06T10:09:38.742+0000] {logging_mixin.py:188} INFO - [2026-08-06T10:09:38.741+0000] {dag.py:3947} INFO - Setting next_dagrun for fraud_pipeline_dbt_orchestration to 2026-08-06 10:00:00+00:00, run_after=2026-08-06 10:15:00+00:00
[2026-08-06T10:09:38.802+0000] {processor.py:183} INFO - Processing /opt/airflow/dags/fraud_dbt_dag.py took 0.288 seconds
[2026-08-06T10:10:09.079+0000] {processor.py:161} INFO - Started process (PID=867) to work on /opt/airflow/dags/fraud_dbt_dag.py
[2026-08-06T10:10:09.081+0000] {processor.py:830} INFO - Processing file /opt/airflow/dags/fraud_dbt_dag.py for tasks to queue
[2026-08-06T10:10:09.085+0000] {logging_mixin.py:188} INFO - [2026-08-06T10:10:09.084+0000] {dagbag.py:545} INFO - Filling up the DagBag from /opt/airflow/dags/fraud_dbt_dag.py
[2026-08-06T10:10:09.112+0000] {processor.py:840} INFO - DAG(s) 'fraud_pipeline_dbt_orchestration' retrieved from /opt/airflow/dags/fraud_dbt_dag.py
[2026-08-06T10:10:09.178+0000] {logging_mixin.py:188} INFO - [2026-08-06T10:10:09.178+0000] {dag.py:3089} INFO - Sync 1 DAGs
[2026-08-06T10:10:09.249+0000] {logging_mixin.py:188} INFO - [2026-08-06T10:10:09.248+0000] {dag.py:3947} INFO - Setting next_dagrun for fraud_pipeline_dbt_orchestration to 2026-08-06 10:00:00+00:00, run_after=2026-08-06 10:15:00+00:00
[2026-08-06T10:10:09.314+0000] {processor.py:183} INFO - Processing /opt/airflow/dags/fraud_dbt_dag.py took 0.256 seconds
[2026-08-06T10:10:39.605+0000] {processor.py:161} INFO - Started process (PID=872) to work on /opt/airflow/dags/fraud_dbt_dag.py
[2026-08-06T10:10:39.614+0000] {processor.py:830} INFO - Processing file /opt/airflow/dags/fraud_dbt_dag.py for tasks to queue
[2026-08-06T10:10:39.619+0000] {logging_mixin.py:188} INFO - [2026-08-06T10:10:39.618+0000] {dagbag.py:545} INFO - Filling up the DagBag from /opt/airflow/dags/fraud_dbt_dag.py
[2026-08-06T10:10:39.651+0000] {processor.py:840} INFO - DAG(s) 'fraud_pipeline_dbt_orchestration' retrieved from /opt/airflow/dags/fraud_dbt_dag.py
[2026-08-06T10:10:39.753+0000] {logging_mixin.py:188} INFO - [2026-08-06T10:10:39.752+0000] {dag.py:3089} INFO - Sync 1 DAGs
[2026-08-06T10:10:39.817+0000] {logging_mixin.py:188} INFO - [2026-08-06T10:10:39.816+0000] {dag.py:3947} INFO - Setting next_dagrun for fraud_pipeline_dbt_orchestration to 2026-08-06 10:00:00+00:00, run_after=2026-08-06 10:15:00+00:00
[2026-08-06T10:10:39.876+0000] {processor.py:183} INFO - Processing /opt/airflow/dags/fraud_dbt_dag.py took 0.286 seconds
[2026-08-06T10:11:10.143+0000] {processor.py:161} INFO - Started process (PID=877) to work on /opt/airflow/dags/fraud_dbt_dag.py
[2026-08-06T10:11:10.145+0000] {processor.py:830} INFO - Processing file /opt/airflow/dags/fraud_dbt_dag.py for tasks to queue
[2026-08-06T10:11:10.149+0000] {logging_mixin.py:188} INFO - [2026-08-06T10:11:10.148+0000] {dagbag.py:545} INFO - Filling up the DagBag from /opt/airflow/dags/fraud_dbt_dag.py
[2026-08-06T10:11:10.182+0000] {processor.py:840} INFO - DAG(s) 'fraud_pipeline_dbt_orchestration' retrieved from /opt/airflow/dags/fraud_dbt_dag.py
[2026-08-06T10:11:10.252+0000] {logging_mixin.py:188} INFO - [2026-08-06T10:11:10.251+0000] {dag.py:3089} INFO - Sync 1 DAGs
[2026-08-06T10:11:10.301+0000] {logging_mixin.py:188} INFO - [2026-08-06T10:11:10.301+0000] {dag.py:3947} INFO - Setting next_dagrun for fraud_pipeline_dbt_orchestration to 2026-08-06 10:00:00+00:00, run_after=2026-08-06 10:15:00+00:00
[2026-08-06T10:11:10.352+0000] {processor.py:183} INFO - Processing /opt/airflow/dags/fraud_dbt_dag.py took 0.225 seconds
[2026-08-06T10:11:40.630+0000] {processor.py:161} INFO - Started process (PID=882) to work on /opt/airflow/dags/fraud_dbt_dag.py
[2026-08-06T10:11:40.640+0000] {processor.py:830} INFO - Processing file /opt/airflow/dags/fraud_dbt_dag.py for tasks to queue
[2026-08-06T10:11:40.647+0000] {logging_mixin.py:188} INFO - [2026-08-06T10:11:40.646+0000] {dagbag.py:545} INFO - Filling up the DagBag from /opt/airflow/dags/fraud_dbt_dag.py
[2026-08-06T10:11:40.691+0000] {processor.py:840} INFO - DAG(s) 'fraud_pipeline_dbt_orchestration' retrieved from /opt/airflow/dags/fraud_dbt_dag.py
[2026-08-06T10:11:40.894+0000] {logging_mixin.py:188} INFO - [2026-08-06T10:11:40.893+0000] {dag.py:3089} INFO - Sync 1 DAGs
[2026-08-06T10:11:40.944+0000] {logging_mixin.py:188} INFO - [2026-08-06T10:11:40.944+0000] {dag.py:3947} INFO - Setting next_dagrun for fraud_pipeline_dbt_orchestration to 2026-08-06 10:00:00+00:00, run_after=2026-08-06 10:15:00+00:00
[2026-08-06T10:11:40.995+0000] {processor.py:183} INFO - Processing /opt/airflow/dags/fraud_dbt_dag.py took 0.383 seconds
[2026-08-06T10:12:11.264+0000] {processor.py:161} INFO - Started process (PID=887) to work on /opt/airflow/dags/fraud_dbt_dag.py
[2026-08-06T10:12:11.265+0000] {processor.py:830} INFO - Processing file /opt/airflow/dags/fraud_dbt_dag.py for tasks to queue
[2026-08-06T10:12:11.272+0000] {logging_mixin.py:188} INFO - [2026-08-06T10:12:11.269+0000] {dagbag.py:545} INFO - Filling up the DagBag from /opt/airflow/dags/fraud_dbt_dag.py
[2026-08-06T10:12:11.303+0000] {processor.py:840} INFO - DAG(s) 'fraud_pipeline_dbt_orchestration' retrieved from /opt/airflow/dags/fraud_dbt_dag.py
[2026-08-06T10:12:11.387+0000] {logging_mixin.py:188} INFO - [2026-08-06T10:12:11.386+0000] {dag.py:3089} INFO - Sync 1 DAGs
[2026-08-06T10:12:11.450+0000] {logging_mixin.py:188} INFO - [2026-08-06T10:12:11.449+0000] {dag.py:3947} INFO - Setting next_dagrun for fraud_pipeline_dbt_orchestration to 2026-08-06 10:00:00+00:00, run_after=2026-08-06 10:15:00+00:00
[2026-08-06T10:12:11.581+0000] {processor.py:183} INFO - Processing /opt/airflow/dags/fraud_dbt_dag.py took 0.325 seconds
[2026-08-06T10:12:41.875+0000] {processor.py:161} INFO - Started process (PID=892) to work on /opt/airflow/dags/fraud_dbt_dag.py
[2026-08-06T10:12:41.886+0000] {processor.py:830} INFO - Processing file /opt/airflow/dags/fraud_dbt_dag.py for tasks to queue
[2026-08-06T10:12:41.892+0000] {logging_mixin.py:188} INFO - [2026-08-06T10:12:41.890+0000] {dagbag.py:545} INFO - Filling up the DagBag from /opt/airflow/dags/fraud_dbt_dag.py
[2026-08-06T10:12:41.942+0000] {processor.py:840} INFO - DAG(s) 'fraud_pipeline_dbt_orchestration' retrieved from /opt/airflow/dags/fraud_dbt_dag.py
[2026-08-06T10:12:42.070+0000] {logging_mixin.py:188} INFO - [2026-08-06T10:12:42.069+0000] {dag.py:3089} INFO - Sync 1 DAGs
[2026-08-06T10:12:42.144+0000] {logging_mixin.py:188} INFO - [2026-08-06T10:12:42.143+0000] {dag.py:3947} INFO - Setting next_dagrun for fraud_pipeline_dbt_orchestration to 2026-08-06 10:00:00+00:00, run_after=2026-08-06 10:15:00+00:00
[2026-08-06T10:12:42.197+0000] {processor.py:183} INFO - Processing /opt/airflow/dags/fraud_dbt_dag.py took 0.347 seconds
[2026-08-06T10:13:12.459+0000] {processor.py:161} INFO - Started process (PID=897) to work on /opt/airflow/dags/fraud_dbt_dag.py
[2026-08-06T10:13:12.461+0000] {processor.py:830} INFO - Processing file /opt/airflow/dags/fraud_dbt_dag.py for tasks to queue
[2026-08-06T10:13:12.463+0000] {logging_mixin.py:188} INFO - [2026-08-06T10:13:12.463+0000] {dagbag.py:545} INFO - Filling up the DagBag from /opt/airflow/dags/fraud_dbt_dag.py
[2026-08-06T10:13:12.485+0000] {processor.py:840} INFO - DAG(s) 'fraud_pipeline_dbt_orchestration' retrieved from /opt/airflow/dags/fraud_dbt_dag.py
[2026-08-06T10:13:12.574+0000] {logging_mixin.py:188} INFO - [2026-08-06T10:13:12.574+0000] {dag.py:3089} INFO - Sync 1 DAGs
[2026-08-06T10:13:12.628+0000] {logging_mixin.py:188} INFO - [2026-08-06T10:13:12.628+0000] {dag.py:3947} INFO - Setting next_dagrun for fraud_pipeline_dbt_orchestration to 2026-08-06 10:00:00+00:00, run_after=2026-08-06 10:15:00+00:00
[2026-08-06T10:13:12.657+0000] {processor.py:183} INFO - Processing /opt/airflow/dags/fraud_dbt_dag.py took 0.212 seconds
[2026-08-06T10:13:42.893+0000] {processor.py:161} INFO - Started process (PID=902) to work on /opt/airflow/dags/fraud_dbt_dag.py
[2026-08-06T10:13:42.902+0000] {processor.py:830} INFO - Processing file /opt/airflow/dags/fraud_dbt_dag.py for tasks to queue
[2026-08-06T10:13:42.906+0000] {logging_mixin.py:188} INFO - [2026-08-06T10:13:42.906+0000] {dagbag.py:545} INFO - Filling up the DagBag from /opt/airflow/dags/fraud_dbt_dag.py
[2026-08-06T10:13:42.935+0000] {processor.py:840} INFO - DAG(s) 'fraud_pipeline_dbt_orchestration' retrieved from /opt/airflow/dags/fraud_dbt_dag.py
[2026-08-06T10:13:43.012+0000] {logging_mixin.py:188} INFO - [2026-08-06T10:13:43.011+0000] {dag.py:3089} INFO - Sync 1 DAGs
[2026-08-06T10:13:43.072+0000] {logging_mixin.py:188} INFO - [2026-08-06T10:13:43.071+0000] {dag.py:3947} INFO - Setting next_dagrun for fraud_pipeline_dbt_orchestration to 2026-08-06 10:00:00+00:00, run_after=2026-08-06 10:15:00+00:00
[2026-08-06T10:13:43.187+0000] {processor.py:183} INFO - Processing /opt/airflow/dags/fraud_dbt_dag.py took 0.309 seconds
[2026-08-06T10:14:13.488+0000] {processor.py:161} INFO - Started process (PID=907) to work on /opt/airflow/dags/fraud_dbt_dag.py
[2026-08-06T10:14:13.490+0000] {processor.py:830} INFO - Processing file /opt/airflow/dags/fraud_dbt_dag.py for tasks to queue
[2026-08-06T10:14:13.494+0000] {logging_mixin.py:188} INFO - [2026-08-06T10:14:13.493+0000] {dagbag.py:545} INFO - Filling up the DagBag from /opt/airflow/dags/fraud_dbt_dag.py
[2026-08-06T10:14:13.524+0000] {processor.py:840} INFO - DAG(s) 'fraud_pipeline_dbt_orchestration' retrieved from /opt/airflow/dags/fraud_dbt_dag.py
[2026-08-06T10:14:13.609+0000] {logging_mixin.py:188} INFO - [2026-08-06T10:14:13.608+0000] {dag.py:3089} INFO - Sync 1 DAGs
[2026-08-06T10:14:13.668+0000] {logging_mixin.py:188} INFO - [2026-08-06T10:14:13.667+0000] {dag.py:3947} INFO - Setting next_dagrun for fraud_pipeline_dbt_orchestration to 2026-08-06 10:00:00+00:00, run_after=2026-08-06 10:15:00+00:00
[2026-08-06T10:14:13.721+0000] {processor.py:183} INFO - Processing /opt/airflow/dags/fraud_dbt_dag.py took 0.254 seconds
[2026-08-06T10:14:43.982+0000] {processor.py:161} INFO - Started process (PID=912) to work on /opt/airflow/dags/fraud_dbt_dag.py
[2026-08-06T10:14:43.990+0000] {processor.py:830} INFO - Processing file /opt/airflow/dags/fraud_dbt_dag.py for tasks to queue
[2026-08-06T10:14:44.014+0000] {logging_mixin.py:188} INFO - [2026-08-06T10:14:44.010+0000] {dagbag.py:545} INFO - Filling up the DagBag from /opt/airflow/dags/fraud_dbt_dag.py
[2026-08-06T10:14:44.090+0000] {processor.py:840} INFO - DAG(s) 'fraud_pipeline_dbt_orchestration' retrieved from /opt/airflow/dags/fraud_dbt_dag.py
[2026-08-06T10:14:44.215+0000] {logging_mixin.py:188} INFO - [2026-08-06T10:14:44.214+0000] {dag.py:3089} INFO - Sync 1 DAGs
[2026-08-06T10:14:44.328+0000] {logging_mixin.py:188} INFO - [2026-08-06T10:14:44.327+0000] {dag.py:3947} INFO - Setting next_dagrun for fraud_pipeline_dbt_orchestration to 2026-08-06 10:00:00+00:00, run_after=2026-08-06 10:15:00+00:00
[2026-08-06T10:14:44.428+0000] {processor.py:183} INFO - Processing /opt/airflow/dags/fraud_dbt_dag.py took 0.463 seconds
[2026-08-06T10:15:14.703+0000] {processor.py:161} INFO - Started process (PID=935) to work on /opt/airflow/dags/fraud_dbt_dag.py
[2026-08-06T10:15:14.707+0000] {processor.py:830} INFO - Processing file /opt/airflow/dags/fraud_dbt_dag.py for tasks to queue
[2026-08-06T10:15:14.714+0000] {logging_mixin.py:188} INFO - [2026-08-06T10:15:14.712+0000] {dagbag.py:545} INFO - Filling up the DagBag from /opt/airflow/dags/fraud_dbt_dag.py
[2026-08-06T10:15:14.744+0000] {processor.py:840} INFO - DAG(s) 'fraud_pipeline_dbt_orchestration' retrieved from /opt/airflow/dags/fraud_dbt_dag.py
[2026-08-06T10:15:14.836+0000] {logging_mixin.py:188} INFO - [2026-08-06T10:15:14.835+0000] {dag.py:3089} INFO - Sync 1 DAGs
[2026-08-06T10:15:14.952+0000] {processor.py:183} INFO - Processing /opt/airflow/dags/fraud_dbt_dag.py took 0.272 seconds
[2026-08-06T10:15:45.244+0000] {processor.py:161} INFO - Started process (PID=943) to work on /opt/airflow/dags/fraud_dbt_dag.py
[2026-08-06T10:15:45.246+0000] {processor.py:830} INFO - Processing file /opt/airflow/dags/fraud_dbt_dag.py for tasks to queue
[2026-08-06T10:15:45.250+0000] {logging_mixin.py:188} INFO - [2026-08-06T10:15:45.250+0000] {dagbag.py:545} INFO - Filling up the DagBag from /opt/airflow/dags/fraud_dbt_dag.py
[2026-08-06T10:15:45.283+0000] {processor.py:840} INFO - DAG(s) 'fraud_pipeline_dbt_orchestration' retrieved from /opt/airflow/dags/fraud_dbt_dag.py
[2026-08-06T10:15:45.363+0000] {logging_mixin.py:188} INFO - [2026-08-06T10:15:45.362+0000] {dag.py:3089} INFO - Sync 1 DAGs
[2026-08-06T10:15:45.424+0000] {logging_mixin.py:188} INFO - [2026-08-06T10:15:45.423+0000] {dag.py:3947} INFO - Setting next_dagrun for fraud_pipeline_dbt_orchestration to 2026-08-06 10:15:00+00:00, run_after=2026-08-06 10:30:00+00:00
[2026-08-06T10:15:45.473+0000] {processor.py:183} INFO - Processing /opt/airflow/dags/fraud_dbt_dag.py took 0.247 seconds
[2026-08-06T10:16:15.758+0000] {processor.py:161} INFO - Started process (PID=948) to work on /opt/airflow/dags/fraud_dbt_dag.py
[2026-08-06T10:16:15.769+0000] {processor.py:830} INFO - Processing file /opt/airflow/dags/fraud_dbt_dag.py for tasks to queue
[2026-08-06T10:16:15.775+0000] {logging_mixin.py:188} INFO - [2026-08-06T10:16:15.774+0000] {dagbag.py:545} INFO - Filling up the DagBag from /opt/airflow/dags/fraud_dbt_dag.py
[2026-08-06T10:16:15.798+0000] {processor.py:840} INFO - DAG(s) 'fraud_pipeline_dbt_orchestration' retrieved from /opt/airflow/dags/fraud_dbt_dag.py
[2026-08-06T10:16:15.859+0000] {logging_mixin.py:188} INFO - [2026-08-06T10:16:15.858+0000] {dag.py:3089} INFO - Sync 1 DAGs
[2026-08-06T10:16:15.913+0000] {logging_mixin.py:188} INFO - [2026-08-06T10:16:15.913+0000] {dag.py:3947} INFO - Setting next_dagrun for fraud_pipeline_dbt_orchestration to 2026-08-06 10:15:00+00:00, run_after=2026-08-06 10:30:00+00:00
[2026-08-06T10:16:15.978+0000] {processor.py:183} INFO - Processing /opt/airflow/dags/fraud_dbt_dag.py took 0.245 seconds
[2026-08-06T10:16:46.276+0000] {processor.py:161} INFO - Started process (PID=953) to work on /opt/airflow/dags/fraud_dbt_dag.py
[2026-08-06T10:16:46.285+0000] {processor.py:830} INFO - Processing file /opt/airflow/dags/fraud_dbt_dag.py for tasks to queue
[2026-08-06T10:16:46.289+0000] {logging_mixin.py:188} INFO - [2026-08-06T10:16:46.288+0000] {dagbag.py:545} INFO - Filling up the DagBag from /opt/airflow/dags/fraud_dbt_dag.py
[2026-08-06T10:16:46.355+0000] {processor.py:840} INFO - DAG(s) 'fraud_pipeline_dbt_orchestration' retrieved from /opt/airflow/dags/fraud_dbt_dag.py
[2026-08-06T10:16:46.427+0000] {logging_mixin.py:188} INFO - [2026-08-06T10:16:46.427+0000] {dag.py:3089} INFO - Sync 1 DAGs
[2026-08-06T10:16:46.473+0000] {logging_mixin.py:188} INFO - [2026-08-06T10:16:46.472+0000] {dag.py:3947} INFO - Setting next_dagrun for fraud_pipeline_dbt_orchestration to 2026-08-06 10:15:00+00:00, run_after=2026-08-06 10:30:00+00:00
[2026-08-06T10:16:46.512+0000] {processor.py:183} INFO - Processing /opt/airflow/dags/fraud_dbt_dag.py took 0.250 seconds
[2026-08-06T10:17:16.792+0000] {processor.py:161} INFO - Started process (PID=958) to work on /opt/airflow/dags/fraud_dbt_dag.py
[2026-08-06T10:17:16.794+0000] {processor.py:830} INFO - Processing file /opt/airflow/dags/fraud_dbt_dag.py for tasks to queue
[2026-08-06T10:17:16.798+0000] {logging_mixin.py:188} INFO - [2026-08-06T10:17:16.797+0000] {dagbag.py:545} INFO - Filling up the DagBag from /opt/airflow/dags/fraud_dbt_dag.py
[2026-08-06T10:17:16.823+0000] {processor.py:840} INFO - DAG(s) 'fraud_pipeline_dbt_orchestration' retrieved from /opt/airflow/dags/fraud_dbt_dag.py
[2026-08-06T10:17:16.907+0000] {logging_mixin.py:188} INFO - [2026-08-06T10:17:16.907+0000] {dag.py:3089} INFO - Sync 1 DAGs
[2026-08-06T10:17:16.963+0000] {logging_mixin.py:188} INFO - [2026-08-06T10:17:16.963+0000] {dag.py:3947} INFO - Setting next_dagrun for fraud_pipeline_dbt_orchestration to 2026-08-06 10:15:00+00:00, run_after=2026-08-06 10:30:00+00:00
[2026-08-06T10:17:17.016+0000] {processor.py:183} INFO - Processing /opt/airflow/dags/fraud_dbt_dag.py took 0.240 seconds
[2026-08-06T10:17:47.292+0000] {processor.py:161} INFO - Started process (PID=963) to work on /opt/airflow/dags/fraud_dbt_dag.py
[2026-08-06T10:17:47.304+0000] {processor.py:830} INFO - Processing file /opt/airflow/dags/fraud_dbt_dag.py for tasks to queue
[2026-08-06T10:17:47.309+0000] {logging_mixin.py:188} INFO - [2026-08-06T10:17:47.308+0000] {dagbag.py:545} INFO - Filling up the DagBag from /opt/airflow/dags/fraud_dbt_dag.py
[2026-08-06T10:17:47.335+0000] {processor.py:840} INFO - DAG(s) 'fraud_pipeline_dbt_orchestration' retrieved from /opt/airflow/dags/fraud_dbt_dag.py
[2026-08-06T10:17:47.409+0000] {logging_mixin.py:188} INFO - [2026-08-06T10:17:47.408+0000] {dag.py:3089} INFO - Sync 1 DAGs
[2026-08-06T10:17:47.469+0000] {logging_mixin.py:188} INFO - [2026-08-06T10:17:47.468+0000] {dag.py:3947} INFO - Setting next_dagrun for fraud_pipeline_dbt_orchestration to 2026-08-06 10:15:00+00:00, run_after=2026-08-06 10:30:00+00:00
[2026-08-06T10:17:47.522+0000] {processor.py:183} INFO - Processing /opt/airflow/dags/fraud_dbt_dag.py took 0.242 seconds
[2026-08-06T10:18:17.811+0000] {processor.py:161} INFO - Started process (PID=968) to work on /opt/airflow/dags/fraud_dbt_dag.py
[2026-08-06T10:18:17.817+0000] {processor.py:830} INFO - Processing file /opt/airflow/dags/fraud_dbt_dag.py for tasks to queue
[2026-08-06T10:18:17.823+0000] {logging_mixin.py:188} INFO - [2026-08-06T10:18:17.822+0000] {dagbag.py:545} INFO - Filling up the DagBag from /opt/airflow/dags/fraud_dbt_dag.py
[2026-08-06T10:18:17.859+0000] {processor.py:840} INFO - DAG(s) 'fraud_pipeline_dbt_orchestration' retrieved from /opt/airflow/dags/fraud_dbt_dag.py
[2026-08-06T10:18:17.949+0000] {logging_mixin.py:188} INFO - [2026-08-06T10:18:17.948+0000] {dag.py:3089} INFO - Sync 1 DAGs
[2026-08-06T10:18:18.004+0000] {logging_mixin.py:188} INFO - [2026-08-06T10:18:18.004+0000] {dag.py:3947} INFO - Setting next_dagrun for fraud_pipeline_dbt_orchestration to 2026-08-06 10:15:00+00:00, run_after=2026-08-06 10:30:00+00:00
[2026-08-06T10:18:18.052+0000] {processor.py:183} INFO - Processing /opt/airflow/dags/fraud_dbt_dag.py took 0.268 seconds
[2026-08-06T10:18:48.343+0000] {processor.py:161} INFO - Started process (PID=973) to work on /opt/airflow/dags/fraud_dbt_dag.py
[2026-08-06T10:18:48.352+0000] {processor.py:830} INFO - Processing file /opt/airflow/dags/fraud_dbt_dag.py for tasks to queue
[2026-08-06T10:18:48.356+0000] {logging_mixin.py:188} INFO - [2026-08-06T10:18:48.356+0000] {dagbag.py:545} INFO - Filling up the DagBag from /opt/airflow/dags/fraud_dbt_dag.py
[2026-08-06T10:18:48.380+0000] {processor.py:840} INFO - DAG(s) 'fraud_pipeline_dbt_orchestration' retrieved from /opt/airflow/dags/fraud_dbt_dag.py
[2026-08-06T10:18:48.447+0000] {logging_mixin.py:188} INFO - [2026-08-06T10:18:48.447+0000] {dag.py:3089} INFO - Sync 1 DAGs
[2026-08-06T10:18:48.516+0000] {logging_mixin.py:188} INFO - [2026-08-06T10:18:48.516+0000] {dag.py:3947} INFO - Setting next_dagrun for fraud_pipeline_dbt_orchestration to 2026-08-06 10:15:00+00:00, run_after=2026-08-06 10:30:00+00:00
[2026-08-06T10:18:48.583+0000] {processor.py:183} INFO - Processing /opt/airflow/dags/fraud_dbt_dag.py took 0.252 seconds
[2026-08-06T10:19:18.879+0000] {processor.py:161} INFO - Started process (PID=978) to work on /opt/airflow/dags/fraud_dbt_dag.py
[2026-08-06T10:19:18.889+0000] {processor.py:830} INFO - Processing file /opt/airflow/dags/fraud_dbt_dag.py for tasks to queue
[2026-08-06T10:19:18.894+0000] {logging_mixin.py:188} INFO - [2026-08-06T10:19:18.893+0000] {dagbag.py:545} INFO - Filling up the DagBag from /opt/airflow/dags/fraud_dbt_dag.py
[2026-08-06T10:19:18.916+0000] {processor.py:840} INFO - DAG(s) 'fraud_pipeline_dbt_orchestration' retrieved from /opt/airflow/dags/fraud_dbt_dag.py
[2026-08-06T10:19:18.991+0000] {logging_mixin.py:188} INFO - [2026-08-06T10:19:18.991+0000] {dag.py:3089} INFO - Sync 1 DAGs
[2026-08-06T10:19:19.044+0000] {logging_mixin.py:188} INFO - [2026-08-06T10:19:19.043+0000] {dag.py:3947} INFO - Setting next_dagrun for fraud_pipeline_dbt_orchestration to 2026-08-06 10:15:00+00:00, run_after=2026-08-06 10:30:00+00:00
[2026-08-06T10:19:19.097+0000] {processor.py:183} INFO - Processing /opt/airflow/dags/fraud_dbt_dag.py took 0.237 seconds
[2026-08-06T10:19:49.369+0000] {processor.py:161} INFO - Started process (PID=983) to work on /opt/airflow/dags/fraud_dbt_dag.py
[2026-08-06T10:19:49.379+0000] {processor.py:830} INFO - Processing file /opt/airflow/dags/fraud_dbt_dag.py for tasks to queue
[2026-08-06T10:19:49.385+0000] {logging_mixin.py:188} INFO - [2026-08-06T10:19:49.384+0000] {dagbag.py:545} INFO - Filling up the DagBag from /opt/airflow/dags/fraud_dbt_dag.py
[2026-08-06T10:19:49.410+0000] {processor.py:840} INFO - DAG(s) 'fraud_pipeline_dbt_orchestration' retrieved from /opt/airflow/dags/fraud_dbt_dag.py
[2026-08-06T10:19:49.534+0000] {logging_mixin.py:188} INFO - [2026-08-06T10:19:49.534+0000] {dag.py:3089} INFO - Sync 1 DAGs
[2026-08-06T10:19:49.598+0000] {logging_mixin.py:188} INFO - [2026-08-06T10:19:49.597+0000] {dag.py:3947} INFO - Setting next_dagrun for fraud_pipeline_dbt_orchestration to 2026-08-06 10:15:00+00:00, run_after=2026-08-06 10:30:00+00:00
[2026-08-06T10:19:49.637+0000] {processor.py:183} INFO - Processing /opt/airflow/dags/fraud_dbt_dag.py took 0.280 seconds
[2026-08-06T10:20:19.914+0000] {processor.py:161} INFO - Started process (PID=988) to work on /opt/airflow/dags/fraud_dbt_dag.py
[2026-08-06T10:20:19.924+0000] {processor.py:830} INFO - Processing file /opt/airflow/dags/fraud_dbt_dag.py for tasks to queue
[2026-08-06T10:20:19.929+0000] {logging_mixin.py:188} INFO - [2026-08-06T10:20:19.928+0000] {dagbag.py:545} INFO - Filling up the DagBag from /opt/airflow/dags/fraud_dbt_dag.py
[2026-08-06T10:20:19.959+0000] {processor.py:840} INFO - DAG(s) 'fraud_pipeline_dbt_orchestration' retrieved from /opt/airflow/dags/fraud_dbt_dag.py
[2026-08-06T10:20:20.048+0000] {logging_mixin.py:188} INFO - [2026-08-06T10:20:20.047+0000] {dag.py:3089} INFO - Sync 1 DAGs
[2026-08-06T10:20:20.108+0000] {logging_mixin.py:188} INFO - [2026-08-06T10:20:20.108+0000] {dag.py:3947} INFO - Setting next_dagrun for fraud_pipeline_dbt_orchestration to 2026-08-06 10:15:00+00:00, run_after=2026-08-06 10:30:00+00:00
[2026-08-06T10:20:20.152+0000] {processor.py:183} INFO - Processing /opt/airflow/dags/fraud_dbt_dag.py took 0.253 seconds
[2026-08-06T10:20:50.424+0000] {processor.py:161} INFO - Started process (PID=993) to work on /opt/airflow/dags/fraud_dbt_dag.py
[2026-08-06T10:20:50.427+0000] {processor.py:830} INFO - Processing file /opt/airflow/dags/fraud_dbt_dag.py for tasks to queue
[2026-08-06T10:20:50.431+0000] {logging_mixin.py:188} INFO - [2026-08-06T10:20:50.430+0000] {dagbag.py:545} INFO - Filling up the DagBag from /opt/airflow/dags/fraud_dbt_dag.py
[2026-08-06T10:20:50.462+0000] {processor.py:840} INFO - DAG(s) 'fraud_pipeline_dbt_orchestration' retrieved from /opt/airflow/dags/fraud_dbt_dag.py
[2026-08-06T10:20:50.559+0000] {logging_mixin.py:188} INFO - [2026-08-06T10:20:50.558+0000] {dag.py:3089} INFO - Sync 1 DAGs
[2026-08-06T10:20:50.614+0000] {logging_mixin.py:188} INFO - [2026-08-06T10:20:50.614+0000] {dag.py:3947} INFO - Setting next_dagrun for fraud_pipeline_dbt_orchestration to 2026-08-06 10:15:00+00:00, run_after=2026-08-06 10:30:00+00:00
[2026-08-06T10:20:50.659+0000] {processor.py:183} INFO - Processing /opt/airflow/dags/fraud_dbt_dag.py took 0.251 seconds
[2026-08-06T10:21:20.939+0000] {processor.py:161} INFO - Started process (PID=998) to work on /opt/airflow/dags/fraud_dbt_dag.py
[2026-08-06T10:21:20.946+0000] {processor.py:830} INFO - Processing file /opt/airflow/dags/fraud_dbt_dag.py for tasks to queue
[2026-08-06T10:21:20.952+0000] {logging_mixin.py:188} INFO - [2026-08-06T10:21:20.951+0000] {dagbag.py:545} INFO - Filling up the DagBag from /opt/airflow/dags/fraud_dbt_dag.py
[2026-08-06T10:21:21.017+0000] {processor.py:840} INFO - DAG(s) 'fraud_pipeline_dbt_orchestration' retrieved from /opt/airflow/dags/fraud_dbt_dag.py
[2026-08-06T10:21:21.183+0000] {logging_mixin.py:188} INFO - [2026-08-06T10:21:21.183+0000] {dag.py:3089} INFO - Sync 1 DAGs
[2026-08-06T10:21:21.227+0000] {logging_mixin.py:188} INFO - [2026-08-06T10:21:21.227+0000] {dag.py:3947} INFO - Setting next_dagrun for fraud_pipeline_dbt_orchestration to 2026-08-06 10:15:00+00:00, run_after=2026-08-06 10:30:00+00:00
[2026-08-06T10:21:21.286+0000] {processor.py:183} INFO - Processing /opt/airflow/dags/fraud_dbt_dag.py took 0.391 seconds
[2026-08-06T10:21:51.557+0000] {processor.py:161} INFO - Started process (PID=1003) to work on /opt/airflow/dags/fraud_dbt_dag.py
[2026-08-06T10:21:51.560+0000] {processor.py:830} INFO - Processing file /opt/airflow/dags/fraud_dbt_dag.py for tasks to queue
[2026-08-06T10:21:51.567+0000] {logging_mixin.py:188} INFO - [2026-08-06T10:21:51.566+0000] {dagbag.py:545} INFO - Filling up the DagBag from /opt/airflow/dags/fraud_dbt_dag.py
[2026-08-06T10:21:51.592+0000] {processor.py:840} INFO - DAG(s) 'fraud_pipeline_dbt_orchestration' retrieved from /opt/airflow/dags/fraud_dbt_dag.py
[2026-08-06T10:21:51.672+0000] {logging_mixin.py:188} INFO - [2026-08-06T10:21:51.671+0000] {dag.py:3089} INFO - Sync 1 DAGs
[2026-08-06T10:21:51.743+0000] {logging_mixin.py:188} INFO - [2026-08-06T10:21:51.742+0000] {dag.py:3947} INFO - Setting next_dagrun for fraud_pipeline_dbt_orchestration to 2026-08-06 10:15:00+00:00, run_after=2026-08-06 10:30:00+00:00
[2026-08-06T10:21:51.794+0000] {processor.py:183} INFO - Processing /opt/airflow/dags/fraud_dbt_dag.py took 0.252 seconds
[2026-08-06T10:22:22.113+0000] {processor.py:161} INFO - Started process (PID=1008) to work on /opt/airflow/dags/fraud_dbt_dag.py
[2026-08-06T10:22:22.122+0000] {processor.py:830} INFO - Processing file /opt/airflow/dags/fraud_dbt_dag.py for tasks to queue
[2026-08-06T10:22:22.127+0000] {logging_mixin.py:188} INFO - [2026-08-06T10:22:22.126+0000] {dagbag.py:545} INFO - Filling up the DagBag from /opt/airflow/dags/fraud_dbt_dag.py
[2026-08-06T10:22:22.153+0000] {processor.py:840} INFO - DAG(s) 'fraud_pipeline_dbt_orchestration' retrieved from /opt/airflow/dags/fraud_dbt_dag.py
[2026-08-06T10:22:22.274+0000] {logging_mixin.py:188} INFO - [2026-08-06T10:22:22.273+0000] {dag.py:3089} INFO - Sync 1 DAGs
[2026-08-06T10:22:22.336+0000] {logging_mixin.py:188} INFO - [2026-08-06T10:22:22.335+0000] {dag.py:3947} INFO - Setting next_dagrun for fraud_pipeline_dbt_orchestration to 2026-08-06 10:15:00+00:00, run_after=2026-08-06 10:30:00+00:00
[2026-08-06T10:22:22.390+0000] {processor.py:183} INFO - Processing /opt/airflow/dags/fraud_dbt_dag.py took 0.302 seconds
[2026-08-06T10:22:52.682+0000] {processor.py:161} INFO - Started process (PID=1013) to work on /opt/airflow/dags/fraud_dbt_dag.py
[2026-08-06T10:22:52.695+0000] {processor.py:830} INFO - Processing file /opt/airflow/dags/fraud_dbt_dag.py for tasks to queue
[2026-08-06T10:22:52.703+0000] {logging_mixin.py:188} INFO - [2026-08-06T10:22:52.702+0000] {dagbag.py:545} INFO - Filling up the DagBag from /opt/airflow/dags/fraud_dbt_dag.py
[2026-08-06T10:22:52.741+0000] {processor.py:840} INFO - DAG(s) 'fraud_pipeline_dbt_orchestration' retrieved from /opt/airflow/dags/fraud_dbt_dag.py
[2026-08-06T10:22:52.914+0000] {logging_mixin.py:188} INFO - [2026-08-06T10:22:52.913+0000] {dag.py:3089} INFO - Sync 1 DAGs
[2026-08-06T10:22:53.054+0000] {logging_mixin.py:188} INFO - [2026-08-06T10:22:53.050+0000] {dag.py:3947} INFO - Setting next_dagrun for fraud_pipeline_dbt_orchestration to 2026-08-06 10:15:00+00:00, run_after=2026-08-06 10:30:00+00:00
[2026-08-06T10:22:53.155+0000] {processor.py:183} INFO - Processing /opt/airflow/dags/fraud_dbt_dag.py took 0.501 seconds
[2026-08-06T10:23:23.462+0000] {processor.py:161} INFO - Started process (PID=1018) to work on /opt/airflow/dags/fraud_dbt_dag.py
[2026-08-06T10:23:23.465+0000] {processor.py:830} INFO - Processing file /opt/airflow/dags/fraud_dbt_dag.py for tasks to queue
[2026-08-06T10:23:23.471+0000] {logging_mixin.py:188} INFO - [2026-08-06T10:23:23.470+0000] {dagbag.py:545} INFO - Filling up the DagBag from /opt/airflow/dags/fraud_dbt_dag.py
[2026-08-06T10:23:23.497+0000] {processor.py:840} INFO - DAG(s) 'fraud_pipeline_dbt_orchestration' retrieved from /opt/airflow/dags/fraud_dbt_dag.py
[2026-08-06T10:23:23.603+0000] {logging_mixin.py:188} INFO - [2026-08-06T10:23:23.602+0000] {dag.py:3089} INFO - Sync 1 DAGs
[2026-08-06T10:23:23.669+0000] {logging_mixin.py:188} INFO - [2026-08-06T10:23:23.669+0000] {dag.py:3947} INFO - Setting next_dagrun for fraud_pipeline_dbt_orchestration to 2026-08-06 10:15:00+00:00, run_after=2026-08-06 10:30:00+00:00
[2026-08-06T10:23:23.744+0000] {processor.py:183} INFO - Processing /opt/airflow/dags/fraud_dbt_dag.py took 0.299 seconds
[2026-08-06T10:23:54.020+0000] {processor.py:161} INFO - Started process (PID=1023) to work on /opt/airflow/dags/fraud_dbt_dag.py
[2026-08-06T10:23:54.023+0000] {processor.py:830} INFO - Processing file /opt/airflow/dags/fraud_dbt_dag.py for tasks to queue
[2026-08-06T10:23:54.028+0000] {logging_mixin.py:188} INFO - [2026-08-06T10:23:54.027+0000] {dagbag.py:545} INFO - Filling up the DagBag from /opt/airflow/dags/fraud_dbt_dag.py
[2026-08-06T10:23:54.071+0000] {processor.py:840} INFO - DAG(s) 'fraud_pipeline_dbt_orchestration' retrieved from /opt/airflow/dags/fraud_dbt_dag.py
[2026-08-06T10:23:54.162+0000] {logging_mixin.py:188} INFO - [2026-08-06T10:23:54.161+0000] {dag.py:3089} INFO - Sync 1 DAGs
[2026-08-06T10:23:54.220+0000] {logging_mixin.py:188} INFO - [2026-08-06T10:23:54.219+0000] {dag.py:3947} INFO - Setting next_dagrun for fraud_pipeline_dbt_orchestration to 2026-08-06 10:15:00+00:00, run_after=2026-08-06 10:30:00+00:00
[2026-08-06T10:23:54.293+0000] {processor.py:183} INFO - Processing /opt/airflow/dags/fraud_dbt_dag.py took 0.294 seconds
[2026-08-06T10:24:24.627+0000] {processor.py:161} INFO - Started process (PID=1028) to work on /opt/airflow/dags/fraud_dbt_dag.py
[2026-08-06T10:24:24.631+0000] {processor.py:830} INFO - Processing file /opt/airflow/dags/fraud_dbt_dag.py for tasks to queue
[2026-08-06T10:24:24.637+0000] {logging_mixin.py:188} INFO - [2026-08-06T10:24:24.635+0000] {dagbag.py:545} INFO - Filling up the DagBag from /opt/airflow/dags/fraud_dbt_dag.py
[2026-08-06T10:24:24.686+0000] {processor.py:840} INFO - DAG(s) 'fraud_pipeline_dbt_orchestration' retrieved from /opt/airflow/dags/fraud_dbt_dag.py
[2026-08-06T10:24:24.795+0000] {logging_mixin.py:188} INFO - [2026-08-06T10:24:24.794+0000] {dag.py:3089} INFO - Sync 1 DAGs
[2026-08-06T10:24:24.846+0000] {logging_mixin.py:188} INFO - [2026-08-06T10:24:24.846+0000] {dag.py:3947} INFO - Setting next_dagrun for fraud_pipeline_dbt_orchestration to 2026-08-06 10:15:00+00:00, run_after=2026-08-06 10:30:00+00:00
[2026-08-06T10:24:24.891+0000] {processor.py:183} INFO - Processing /opt/airflow/dags/fraud_dbt_dag.py took 0.310 seconds
[2026-08-06T10:24:55.175+0000] {processor.py:161} INFO - Started process (PID=1033) to work on /opt/airflow/dags/fraud_dbt_dag.py
[2026-08-06T10:24:55.179+0000] {processor.py:830} INFO - Processing file /opt/airflow/dags/fraud_dbt_dag.py for tasks to queue
[2026-08-06T10:24:55.186+0000] {logging_mixin.py:188} INFO - [2026-08-06T10:24:55.184+0000] {dagbag.py:545} INFO - Filling up the DagBag from /opt/airflow/dags/fraud_dbt_dag.py
[2026-08-06T10:24:55.246+0000] {processor.py:840} INFO - DAG(s) 'fraud_pipeline_dbt_orchestration' retrieved from /opt/airflow/dags/fraud_dbt_dag.py
[2026-08-06T10:24:55.361+0000] {logging_mixin.py:188} INFO - [2026-08-06T10:24:55.361+0000] {dag.py:3089} INFO - Sync 1 DAGs
[2026-08-06T10:24:55.441+0000] {logging_mixin.py:188} INFO - [2026-08-06T10:24:55.441+0000] {dag.py:3947} INFO - Setting next_dagrun for fraud_pipeline_dbt_orchestration to 2026-08-06 10:15:00+00:00, run_after=2026-08-06 10:30:00+00:00
[2026-08-06T10:24:55.506+0000] {processor.py:183} INFO - Processing /opt/airflow/dags/fraud_dbt_dag.py took 0.369 seconds
[2026-08-06T10:25:25.897+0000] {processor.py:161} INFO - Started process (PID=1038) to work on /opt/airflow/dags/fraud_dbt_dag.py
[2026-08-06T10:25:25.908+0000] {processor.py:830} INFO - Processing file /opt/airflow/dags/fraud_dbt_dag.py for tasks to queue
[2026-08-06T10:25:25.925+0000] {logging_mixin.py:188} INFO - [2026-08-06T10:25:25.921+0000] {dagbag.py:545} INFO - Filling up the DagBag from /opt/airflow/dags/fraud_dbt_dag.py
[2026-08-06T10:25:26.043+0000] {processor.py:840} INFO - DAG(s) 'fraud_pipeline_dbt_orchestration' retrieved from /opt/airflow/dags/fraud_dbt_dag.py
[2026-08-06T10:25:26.205+0000] {logging_mixin.py:188} INFO - [2026-08-06T10:25:26.204+0000] {dag.py:3089} INFO - Sync 1 DAGs
[2026-08-06T10:25:26.280+0000] {logging_mixin.py:188} INFO - [2026-08-06T10:25:26.279+0000] {dag.py:3947} INFO - Setting next_dagrun for fraud_pipeline_dbt_orchestration to 2026-08-06 10:15:00+00:00, run_after=2026-08-06 10:30:00+00:00
[2026-08-06T10:25:26.362+0000] {processor.py:183} INFO - Processing /opt/airflow/dags/fraud_dbt_dag.py took 0.526 seconds
[2026-08-06T10:25:56.605+0000] {processor.py:161} INFO - Started process (PID=1043) to work on /opt/airflow/dags/fraud_dbt_dag.py
[2026-08-06T10:25:56.607+0000] {processor.py:830} INFO - Processing file /opt/airflow/dags/fraud_dbt_dag.py for tasks to queue
[2026-08-06T10:25:56.611+0000] {logging_mixin.py:188} INFO - [2026-08-06T10:25:56.610+0000] {dagbag.py:545} INFO - Filling up the DagBag from /opt/airflow/dags/fraud_dbt_dag.py
[2026-08-06T10:25:56.680+0000] {processor.py:840} INFO - DAG(s) 'fraud_pipeline_dbt_orchestration' retrieved from /opt/airflow/dags/fraud_dbt_dag.py
[2026-08-06T10:25:56.780+0000] {logging_mixin.py:188} INFO - [2026-08-06T10:25:56.779+0000] {dag.py:3089} INFO - Sync 1 DAGs
[2026-08-06T10:25:56.840+0000] {logging_mixin.py:188} INFO - [2026-08-06T10:25:56.839+0000] {dag.py:3947} INFO - Setting next_dagrun for fraud_pipeline_dbt_orchestration to 2026-08-06 10:15:00+00:00, run_after=2026-08-06 10:30:00+00:00
[2026-08-06T10:25:56.909+0000] {processor.py:183} INFO - Processing /opt/airflow/dags/fraud_dbt_dag.py took 0.329 seconds
[2026-08-06T10:26:27.200+0000] {processor.py:161} INFO - Started process (PID=1048) to work on /opt/airflow/dags/fraud_dbt_dag.py
[2026-08-06T10:26:27.210+0000] {processor.py:830} INFO - Processing file /opt/airflow/dags/fraud_dbt_dag.py for tasks to queue
[2026-08-06T10:26:27.216+0000] {logging_mixin.py:188} INFO - [2026-08-06T10:26:27.215+0000] {dagbag.py:545} INFO - Filling up the DagBag from /opt/airflow/dags/fraud_dbt_dag.py
[2026-08-06T10:26:27.249+0000] {processor.py:840} INFO - DAG(s) 'fraud_pipeline_dbt_orchestration' retrieved from /opt/airflow/dags/fraud_dbt_dag.py
[2026-08-06T10:26:27.340+0000] {logging_mixin.py:188} INFO - [2026-08-06T10:26:27.339+0000] {dag.py:3089} INFO - Sync 1 DAGs
[2026-08-06T10:26:27.415+0000] {logging_mixin.py:188} INFO - [2026-08-06T10:26:27.415+0000] {dag.py:3947} INFO - Setting next_dagrun for fraud_pipeline_dbt_orchestration to 2026-08-06 10:15:00+00:00, run_after=2026-08-06 10:30:00+00:00
[2026-08-06T10:26:27.494+0000] {processor.py:183} INFO - Processing /opt/airflow/dags/fraud_dbt_dag.py took 0.311 seconds
[2026-08-06T10:26:57.782+0000] {processor.py:161} INFO - Started process (PID=1053) to work on /opt/airflow/dags/fraud_dbt_dag.py
[2026-08-06T10:26:57.784+0000] {processor.py:830} INFO - Processing file /opt/airflow/dags/fraud_dbt_dag.py for tasks to queue
[2026-08-06T10:26:57.788+0000] {logging_mixin.py:188} INFO - [2026-08-06T10:26:57.787+0000] {dagbag.py:545} INFO - Filling up the DagBag from /opt/airflow/dags/fraud_dbt_dag.py
[2026-08-06T10:26:57.817+0000] {processor.py:840} INFO - DAG(s) 'fraud_pipeline_dbt_orchestration' retrieved from /opt/airflow/dags/fraud_dbt_dag.py
[2026-08-06T10:26:57.910+0000] {logging_mixin.py:188} INFO - [2026-08-06T10:26:57.910+0000] {dag.py:3089} INFO - Sync 1 DAGs
[2026-08-06T10:26:57.999+0000] {logging_mixin.py:188} INFO - [2026-08-06T10:26:57.999+0000] {dag.py:3947} INFO - Setting next_dagrun for fraud_pipeline_dbt_orchestration to 2026-08-06 10:15:00+00:00, run_after=2026-08-06 10:30:00+00:00
[2026-08-06T10:26:58.080+0000] {processor.py:183} INFO - Processing /opt/airflow/dags/fraud_dbt_dag.py took 0.315 seconds
[2026-08-06T10:27:28.338+0000] {processor.py:161} INFO - Started process (PID=1058) to work on /opt/airflow/dags/fraud_dbt_dag.py
[2026-08-06T10:27:28.340+0000] {processor.py:830} INFO - Processing file /opt/airflow/dags/fraud_dbt_dag.py for tasks to queue
[2026-08-06T10:27:28.342+0000] {logging_mixin.py:188} INFO - [2026-08-06T10:27:28.342+0000] {dagbag.py:545} INFO - Filling up the DagBag from /opt/airflow/dags/fraud_dbt_dag.py
[2026-08-06T10:27:28.360+0000] {processor.py:840} INFO - DAG(s) 'fraud_pipeline_dbt_orchestration' retrieved from /opt/airflow/dags/fraud_dbt_dag.py
[2026-08-06T10:27:28.417+0000] {logging_mixin.py:188} INFO - [2026-08-06T10:27:28.417+0000] {dag.py:3089} INFO - Sync 1 DAGs
[2026-08-06T10:27:28.472+0000] {logging_mixin.py:188} INFO - [2026-08-06T10:27:28.471+0000] {dag.py:3947} INFO - Setting next_dagrun for fraud_pipeline_dbt_orchestration to 2026-08-06 10:15:00+00:00, run_after=2026-08-06 10:30:00+00:00
[2026-08-06T10:27:28.519+0000] {processor.py:183} INFO - Processing /opt/airflow/dags/fraud_dbt_dag.py took 0.192 seconds
[2026-08-06T10:27:58.778+0000] {processor.py:161} INFO - Started process (PID=1063) to work on /opt/airflow/dags/fraud_dbt_dag.py
[2026-08-06T10:27:58.784+0000] {processor.py:830} INFO - Processing file /opt/airflow/dags/fraud_dbt_dag.py for tasks to queue
[2026-08-06T10:27:58.788+0000] {logging_mixin.py:188} INFO - [2026-08-06T10:27:58.788+0000] {dagbag.py:545} INFO - Filling up the DagBag from /opt/airflow/dags/fraud_dbt_dag.py
[2026-08-06T10:27:58.824+0000] {processor.py:840} INFO - DAG(s) 'fraud_pipeline_dbt_orchestration' retrieved from /opt/airflow/dags/fraud_dbt_dag.py
[2026-08-06T10:27:58.915+0000] {logging_mixin.py:188} INFO - [2026-08-06T10:27:58.915+0000] {dag.py:3089} INFO - Sync 1 DAGs
[2026-08-06T10:27:59.000+0000] {logging_mixin.py:188} INFO - [2026-08-06T10:27:58.999+0000] {dag.py:3947} INFO - Setting next_dagrun for fraud_pipeline_dbt_orchestration to 2026-08-06 10:15:00+00:00, run_after=2026-08-06 10:30:00+00:00
[2026-08-06T10:27:59.039+0000] {processor.py:183} INFO - Processing /opt/airflow/dags/fraud_dbt_dag.py took 0.277 seconds
[2026-08-06T10:28:29.308+0000] {processor.py:161} INFO - Started process (PID=1068) to work on /opt/airflow/dags/fraud_dbt_dag.py
[2026-08-06T10:28:29.310+0000] {processor.py:830} INFO - Processing file /opt/airflow/dags/fraud_dbt_dag.py for tasks to queue
[2026-08-06T10:28:29.314+0000] {logging_mixin.py:188} INFO - [2026-08-06T10:28:29.313+0000] {dagbag.py:545} INFO - Filling up the DagBag from /opt/airflow/dags/fraud_dbt_dag.py
[2026-08-06T10:28:29.333+0000] {processor.py:840} INFO - DAG(s) 'fraud_pipeline_dbt_orchestration' retrieved from /opt/airflow/dags/fraud_dbt_dag.py
[2026-08-06T10:28:29.444+0000] {logging_mixin.py:188} INFO - [2026-08-06T10:28:29.442+0000] {dag.py:3089} INFO - Sync 1 DAGs
[2026-08-06T10:28:29.506+0000] {logging_mixin.py:188} INFO - [2026-08-06T10:28:29.505+0000] {dag.py:3947} INFO - Setting next_dagrun for fraud_pipeline_dbt_orchestration to 2026-08-06 10:15:00+00:00, run_after=2026-08-06 10:30:00+00:00
[2026-08-06T10:28:29.567+0000] {processor.py:183} INFO - Processing /opt/airflow/dags/fraud_dbt_dag.py took 0.277 seconds
[2026-08-06T10:28:59.935+0000] {processor.py:161} INFO - Started process (PID=1073) to work on /opt/airflow/dags/fraud_dbt_dag.py
[2026-08-06T10:28:59.950+0000] {processor.py:830} INFO - Processing file /opt/airflow/dags/fraud_dbt_dag.py for tasks to queue
[2026-08-06T10:28:59.960+0000] {logging_mixin.py:188} INFO - [2026-08-06T10:28:59.959+0000] {dagbag.py:545} INFO - Filling up the DagBag from /opt/airflow/dags/fraud_dbt_dag.py
[2026-08-06T10:29:00.031+0000] {processor.py:840} INFO - DAG(s) 'fraud_pipeline_dbt_orchestration' retrieved from /opt/airflow/dags/fraud_dbt_dag.py
[2026-08-06T10:29:00.272+0000] {logging_mixin.py:188} INFO - [2026-08-06T10:29:00.271+0000] {dag.py:3089} INFO - Sync 1 DAGs
[2026-08-06T10:29:00.362+0000] {logging_mixin.py:188} INFO - [2026-08-06T10:29:00.362+0000] {dag.py:3947} INFO - Setting next_dagrun for fraud_pipeline_dbt_orchestration to 2026-08-06 10:15:00+00:00, run_after=2026-08-06 10:30:00+00:00
[2026-08-06T10:29:00.453+0000] {processor.py:183} INFO - Processing /opt/airflow/dags/fraud_dbt_dag.py took 0.560 seconds
[2026-08-06T10:29:30.740+0000] {processor.py:161} INFO - Started process (PID=1078) to work on /opt/airflow/dags/fraud_dbt_dag.py
[2026-08-06T10:29:30.747+0000] {processor.py:830} INFO - Processing file /opt/airflow/dags/fraud_dbt_dag.py for tasks to queue
[2026-08-06T10:29:30.764+0000] {logging_mixin.py:188} INFO - [2026-08-06T10:29:30.753+0000] {dagbag.py:545} INFO - Filling up the DagBag from /opt/airflow/dags/fraud_dbt_dag.py
[2026-08-06T10:29:30.820+0000] {processor.py:840} INFO - DAG(s) 'fraud_pipeline_dbt_orchestration' retrieved from /opt/airflow/dags/fraud_dbt_dag.py
[2026-08-06T10:29:30.901+0000] {logging_mixin.py:188} INFO - [2026-08-06T10:29:30.900+0000] {dag.py:3089} INFO - Sync 1 DAGs
[2026-08-06T10:29:30.957+0000] {logging_mixin.py:188} INFO - [2026-08-06T10:29:30.957+0000] {dag.py:3947} INFO - Setting next_dagrun for fraud_pipeline_dbt_orchestration to 2026-08-06 10:15:00+00:00, run_after=2026-08-06 10:30:00+00:00
[2026-08-06T10:29:31.034+0000] {processor.py:183} INFO - Processing /opt/airflow/dags/fraud_dbt_dag.py took 0.318 seconds
[2026-08-06T10:30:01.329+0000] {processor.py:161} INFO - Started process (PID=1084) to work on /opt/airflow/dags/fraud_dbt_dag.py
[2026-08-06T10:30:01.331+0000] {processor.py:830} INFO - Processing file /opt/airflow/dags/fraud_dbt_dag.py for tasks to queue
[2026-08-06T10:30:01.337+0000] {logging_mixin.py:188} INFO - [2026-08-06T10:30:01.336+0000] {dagbag.py:545} INFO - Filling up the DagBag from /opt/airflow/dags/fraud_dbt_dag.py
[2026-08-06T10:30:01.386+0000] {processor.py:840} INFO - DAG(s) 'fraud_pipeline_dbt_orchestration' retrieved from /opt/airflow/dags/fraud_dbt_dag.py
[2026-08-06T10:30:01.503+0000] {logging_mixin.py:188} INFO - [2026-08-06T10:30:01.501+0000] {dag.py:3089} INFO - Sync 1 DAGs
[2026-08-06T10:30:01.653+0000] {processor.py:183} INFO - Processing /opt/airflow/dags/fraud_dbt_dag.py took 0.341 seconds
