[2026-08-06T08:07:16.112+0000] {manager.py:470} INFO - Processing files using up to 2 processes at a time 
[2026-08-06T08:07:16.113+0000] {manager.py:471} INFO - Process each file at most once every 30 seconds
[2026-08-06T08:07:16.113+0000] {manager.py:472} INFO - Checking for new files in /opt/airflow/dags every 300 seconds
[2026-08-06T08:07:16.114+0000] {manager.py:737} INFO - Searching for files in /opt/airflow/dags
[2026-08-06T08:07:16.116+0000] {manager.py:740} INFO - There are 1 files in /opt/airflow/dags
[2026-08-06T08:07:16.408+0000] {manager.py:878} INFO - 
================================================================================
DAG File Processing Stats

File Path                             PID  Runtime      # DAGs    # Errors  Last Runtime    Last Run
----------------------------------  -----  ---------  --------  ----------  --------------  ----------
/opt/airflow/dags/fraud_dbt_dag.py    205  0.08s             0           0
================================================================================
[2026-08-06T08:07:46.538+0000] {manager.py:878} INFO - 
================================================================================
DAG File Processing Stats

File Path                           PID    Runtime      # DAGs    # Errors  Last Runtime    Last Run
----------------------------------  -----  ---------  --------  ----------  --------------  -------------------
/opt/airflow/dags/fraud_dbt_dag.py                           1           0  0.61s           2026-08-06T08:07:16
================================================================================
[2026-08-06T08:08:17.271+0000] {manager.py:878} INFO - 
================================================================================
DAG File Processing Stats

File Path                           PID    Runtime      # DAGs    # Errors  Last Runtime    Last Run
----------------------------------  -----  ---------  --------  ----------  --------------  -------------------
/opt/airflow/dags/fraud_dbt_dag.py                           1           0  0.23s           2026-08-06T08:07:47
================================================================================
[2026-08-06T08:08:47.704+0000] {manager.py:878} INFO - 
================================================================================
DAG File Processing Stats

File Path                           PID    Runtime      # DAGs    # Errors  Last Runtime    Last Run
----------------------------------  -----  ---------  --------  ----------  --------------  -------------------
/opt/airflow/dags/fraud_dbt_dag.py                           1           0  0.26s           2026-08-06T08:08:17
================================================================================
[2026-08-06T08:09:18.148+0000] {manager.py:878} INFO - 
================================================================================
DAG File Processing Stats

File Path                           PID    Runtime      # DAGs    # Errors  Last Runtime    Last Run
----------------------------------  -----  ---------  --------  ----------  --------------  -------------------
/opt/airflow/dags/fraud_dbt_dag.py                           1           0  0.28s           2026-08-06T08:08:48
================================================================================
[2026-08-06T08:09:48.610+0000] {manager.py:878} INFO - 
================================================================================
DAG File Processing Stats

File Path                           PID    Runtime      # DAGs    # Errors  Last Runtime    Last Run
----------------------------------  -----  ---------  --------  ----------  --------------  -------------------
/opt/airflow/dags/fraud_dbt_dag.py                           1           0  0.22s           2026-08-06T08:09:18
================================================================================
[2026-08-06T08:10:19.041+0000] {manager.py:878} INFO - 
================================================================================
DAG File Processing Stats

File Path                             PID  Runtime      # DAGs    # Errors  Last Runtime    Last Run
----------------------------------  -----  ---------  --------  ----------  --------------  -------------------
/opt/airflow/dags/fraud_dbt_dag.py    235  0.02s             1           0  0.20s           2026-08-06T08:09:49
================================================================================
[2026-08-06T08:10:49.400+0000] {manager.py:878} INFO - 
================================================================================
DAG File Processing Stats

File Path                             PID  Runtime      # DAGs    # Errors  Last Runtime    Last Run
----------------------------------  -----  ---------  --------  ----------  --------------  -------------------
/opt/airflow/dags/fraud_dbt_dag.py    240  0.02s             1           0  0.28s           2026-08-06T08:10:19
================================================================================
[2026-08-06T08:11:19.709+0000] {manager.py:878} INFO - 
================================================================================
DAG File Processing Stats

File Path                             PID  Runtime      # DAGs    # Errors  Last Runtime    Last Run
----------------------------------  -----  ---------  --------  ----------  --------------  -------------------
/opt/airflow/dags/fraud_dbt_dag.py    245  0.01s             1           0  0.19s           2026-08-06T08:10:49
================================================================================
[2026-08-06T08:11:49.907+0000] {manager.py:878} INFO - 
================================================================================
DAG File Processing Stats

File Path                           PID    Runtime      # DAGs    # Errors  Last Runtime    Last Run
----------------------------------  -----  ---------  --------  ----------  --------------  -------------------
/opt/airflow/dags/fraud_dbt_dag.py                           1           0  0.22s           2026-08-06T08:11:19
================================================================================
[2026-08-06T08:12:16.286+0000] {manager.py:737} INFO - Searching for files in /opt/airflow/dags
[2026-08-06T08:12:16.288+0000] {manager.py:740} INFO - There are 1 files in /opt/airflow/dags
[2026-08-06T08:12:20.348+0000] {manager.py:878} INFO - 
================================================================================
DAG File Processing Stats

File Path                           PID    Runtime      # DAGs    # Errors  Last Runtime    Last Run
----------------------------------  -----  ---------  --------  ----------  --------------  -------------------
/opt/airflow/dags/fraud_dbt_dag.py                           1           0  0.32s           2026-08-06T08:11:50
================================================================================
[2026-08-06T08:12:50.914+0000] {manager.py:878} INFO - 
================================================================================
DAG File Processing Stats

File Path                             PID  Runtime      # DAGs    # Errors  Last Runtime    Last Run
----------------------------------  -----  ---------  --------  ----------  --------------  -------------------
/opt/airflow/dags/fraud_dbt_dag.py    260  0.01s             1           0  0.26s           2026-08-06T08:12:20
================================================================================
[2026-08-06T08:13:21.311+0000] {manager.py:878} INFO - 
================================================================================
DAG File Processing Stats

File Path                             PID  Runtime      # DAGs    # Errors  Last Runtime    Last Run
----------------------------------  -----  ---------  --------  ----------  --------------  -------------------
/opt/airflow/dags/fraud_dbt_dag.py    265  0.03s             1           0  0.35s           2026-08-06T08:12:51
================================================================================
[2026-08-06T08:13:51.635+0000] {manager.py:878} INFO - 
================================================================================
DAG File Processing Stats

File Path                             PID  Runtime      # DAGs    # Errors  Last Runtime    Last Run
----------------------------------  -----  ---------  --------  ----------  --------------  -------------------
/opt/airflow/dags/fraud_dbt_dag.py    270  0.01s             1           0  0.31s           2026-08-06T08:13:21
================================================================================
[2026-08-06T08:14:21.994+0000] {manager.py:878} INFO - 
================================================================================
DAG File Processing Stats

File Path                             PID  Runtime      # DAGs    # Errors  Last Runtime    Last Run
----------------------------------  -----  ---------  --------  ----------  --------------  -------------------
/opt/airflow/dags/fraud_dbt_dag.py    275  0.02s             1           0  0.25s           2026-08-06T08:13:51
================================================================================
[2026-08-06T08:14:52.246+0000] {manager.py:878} INFO - 
================================================================================
DAG File Processing Stats

File Path                           PID    Runtime      # DAGs    # Errors  Last Runtime    Last Run
----------------------------------  -----  ---------  --------  ----------  --------------  -------------------
/opt/airflow/dags/fraud_dbt_dag.py                           1           0  0.33s           2026-08-06T08:14:22
================================================================================
[2026-08-06T08:15:22.684+0000] {manager.py:878} INFO - 
================================================================================
DAG File Processing Stats

File Path                           PID    Runtime      # DAGs    # Errors  Last Runtime    Last Run
----------------------------------  -----  ---------  --------  ----------  --------------  -------------------
/opt/airflow/dags/fraud_dbt_dag.py                           1           0  0.37s           2026-08-06T08:14:52
================================================================================
[2026-08-06T08:15:53.215+0000] {manager.py:878} INFO - 
================================================================================
DAG File Processing Stats

File Path                           PID    Runtime      # DAGs    # Errors  Last Runtime    Last Run
----------------------------------  -----  ---------  --------  ----------  --------------  -------------------
/opt/airflow/dags/fraud_dbt_dag.py                           1           0  0.29s           2026-08-06T08:15:23
================================================================================
[2026-08-06T08:16:23.702+0000] {manager.py:878} INFO - 
================================================================================
DAG File Processing Stats

File Path                           PID    Runtime      # DAGs    # Errors  Last Runtime    Last Run
----------------------------------  -----  ---------  --------  ----------  --------------  -------------------
/opt/airflow/dags/fraud_dbt_dag.py                           1           0  0.22s           2026-08-06T08:15:53
================================================================================
[2026-08-06T08:16:54.089+0000] {manager.py:878} INFO - 
================================================================================
DAG File Processing Stats

File Path                           PID    Runtime      # DAGs    # Errors  Last Runtime    Last Run
----------------------------------  -----  ---------  --------  ----------  --------------  -------------------
/opt/airflow/dags/fraud_dbt_dag.py                           1           0  0.26s           2026-08-06T08:16:24
================================================================================
[2026-08-06T08:17:16.474+0000] {manager.py:737} INFO - Searching for files in /opt/airflow/dags
[2026-08-06T08:17:16.478+0000] {manager.py:740} INFO - There are 1 files in /opt/airflow/dags
[2026-08-06T08:17:24.548+0000] {manager.py:878} INFO - 
================================================================================
DAG File Processing Stats

File Path                           PID    Runtime      # DAGs    # Errors  Last Runtime    Last Run
----------------------------------  -----  ---------  --------  ----------  --------------  -------------------
/opt/airflow/dags/fraud_dbt_dag.py                           1           0  0.27s           2026-08-06T08:16:54
================================================================================
[2026-08-06T08:17:54.985+0000] {manager.py:878} INFO - 
================================================================================
DAG File Processing Stats

File Path                           PID    Runtime      # DAGs    # Errors  Last Runtime    Last Run
----------------------------------  -----  ---------  --------  ----------  --------------  -------------------
/opt/airflow/dags/fraud_dbt_dag.py                           1           0  0.32s           2026-08-06T08:17:25
================================================================================
[2026-08-06T08:18:25.501+0000] {manager.py:878} INFO - 
================================================================================
DAG File Processing Stats

File Path                           PID    Runtime      # DAGs    # Errors  Last Runtime    Last Run
----------------------------------  -----  ---------  --------  ----------  --------------  -------------------
/opt/airflow/dags/fraud_dbt_dag.py                           1           0  0.22s           2026-08-06T08:17:55
================================================================================
[2026-08-06T08:18:55.895+0000] {manager.py:878} INFO - 
================================================================================
DAG File Processing Stats

File Path                           PID    Runtime      # DAGs    # Errors  Last Runtime    Last Run
----------------------------------  -----  ---------  --------  ----------  --------------  -------------------
/opt/airflow/dags/fraud_dbt_dag.py                           1           0  0.21s           2026-08-06T08:18:25
================================================================================
[2026-08-06T08:19:26.285+0000] {manager.py:878} INFO - 
================================================================================
DAG File Processing Stats

File Path                           PID    Runtime      # DAGs    # Errors  Last Runtime    Last Run
----------------------------------  -----  ---------  --------  ----------  --------------  -------------------
/opt/airflow/dags/fraud_dbt_dag.py                           1           0  0.26s           2026-08-06T08:18:56
================================================================================
[2026-08-06T08:19:56.746+0000] {manager.py:878} INFO - 
================================================================================
DAG File Processing Stats

File Path                           PID    Runtime      # DAGs    # Errors  Last Runtime    Last Run
----------------------------------  -----  ---------  --------  ----------  --------------  -------------------
/opt/airflow/dags/fraud_dbt_dag.py                           1           0  0.29s           2026-08-06T08:19:26
================================================================================
[2026-08-06T08:20:27.216+0000] {manager.py:878} INFO - 
================================================================================
DAG File Processing Stats

File Path                           PID    Runtime      # DAGs    # Errors  Last Runtime    Last Run
----------------------------------  -----  ---------  --------  ----------  --------------  -------------------
/opt/airflow/dags/fraud_dbt_dag.py                           1           0  0.27s           2026-08-06T08:19:57
================================================================================
[2026-08-06T08:20:57.645+0000] {manager.py:878} INFO - 
================================================================================
DAG File Processing Stats

File Path                           PID    Runtime      # DAGs    # Errors  Last Runtime    Last Run
----------------------------------  -----  ---------  --------  ----------  --------------  -------------------
/opt/airflow/dags/fraud_dbt_dag.py                           1           0  0.30s           2026-08-06T08:20:27
================================================================================
[2026-08-06T08:21:28.160+0000] {manager.py:878} INFO - 
================================================================================
DAG File Processing Stats

File Path                           PID    Runtime      # DAGs    # Errors  Last Runtime    Last Run
----------------------------------  -----  ---------  --------  ----------  --------------  -------------------
/opt/airflow/dags/fraud_dbt_dag.py                           1           0  0.24s           2026-08-06T08:20:58
================================================================================
[2026-08-06T08:21:58.604+0000] {manager.py:878} INFO - 
================================================================================
DAG File Processing Stats

File Path                           PID    Runtime      # DAGs    # Errors  Last Runtime    Last Run
----------------------------------  -----  ---------  --------  ----------  --------------  -------------------
/opt/airflow/dags/fraud_dbt_dag.py                           1           0  0.25s           2026-08-06T08:21:28
================================================================================
[2026-08-06T08:22:16.969+0000] {manager.py:737} INFO - Searching for files in /opt/airflow/dags
[2026-08-06T08:22:16.970+0000] {manager.py:740} INFO - There are 1 files in /opt/airflow/dags
[2026-08-06T08:22:29.088+0000] {manager.py:878} INFO - 
================================================================================
DAG File Processing Stats

File Path                           PID    Runtime      # DAGs    # Errors  Last Runtime    Last Run
----------------------------------  -----  ---------  --------  ----------  --------------  -------------------
/opt/airflow/dags/fraud_dbt_dag.py                           1           0  0.28s           2026-08-06T08:21:59
================================================================================
[2026-08-06T08:22:59.514+0000] {manager.py:878} INFO - 
================================================================================
DAG File Processing Stats

File Path                           PID    Runtime      # DAGs    # Errors  Last Runtime    Last Run
----------------------------------  -----  ---------  --------  ----------  --------------  -------------------
/opt/airflow/dags/fraud_dbt_dag.py                           1           0  0.32s           2026-08-06T08:22:29
================================================================================
[2026-08-06T08:23:30.014+0000] {manager.py:878} INFO - 
================================================================================
DAG File Processing Stats

File Path                           PID    Runtime      # DAGs    # Errors  Last Runtime    Last Run
----------------------------------  -----  ---------  --------  ----------  --------------  -------------------
/opt/airflow/dags/fraud_dbt_dag.py                           1           0  0.28s           2026-08-06T08:23:00
================================================================================
[2026-08-06T08:24:00.513+0000] {manager.py:878} INFO - 
================================================================================
DAG File Processing Stats

File Path                           PID    Runtime      # DAGs    # Errors  Last Runtime    Last Run
----------------------------------  -----  ---------  --------  ----------  --------------  -------------------
/opt/airflow/dags/fraud_dbt_dag.py                           1           0  0.26s           2026-08-06T08:23:30
================================================================================
[2026-08-06T08:24:30.935+0000] {manager.py:878} INFO - 
================================================================================
DAG File Processing Stats

File Path                           PID    Runtime      # DAGs    # Errors  Last Runtime    Last Run
----------------------------------  -----  ---------  --------  ----------  --------------  -------------------
/opt/airflow/dags/fraud_dbt_dag.py                           1           0  0.35s           2026-08-06T08:24:01
================================================================================
[2026-08-06T08:25:01.486+0000] {manager.py:878} INFO - 
================================================================================
DAG File Processing Stats

File Path                           PID    Runtime      # DAGs    # Errors  Last Runtime    Last Run
----------------------------------  -----  ---------  --------  ----------  --------------  -------------------
/opt/airflow/dags/fraud_dbt_dag.py                           1           0  0.26s           2026-08-06T08:24:31
================================================================================
[2026-08-06T08:25:31.941+0000] {manager.py:878} INFO - 
================================================================================
DAG File Processing Stats

File Path                           PID    Runtime      # DAGs    # Errors  Last Runtime    Last Run
----------------------------------  -----  ---------  --------  ----------  --------------  -------------------
/opt/airflow/dags/fraud_dbt_dag.py                           1           0  0.25s           2026-08-06T08:25:01
================================================================================
[2026-08-06T08:26:02.356+0000] {manager.py:878} INFO - 
================================================================================
DAG File Processing Stats

File Path                           PID    Runtime      # DAGs    # Errors  Last Runtime    Last Run
----------------------------------  -----  ---------  --------  ----------  --------------  -------------------
/opt/airflow/dags/fraud_dbt_dag.py                           1           0  0.29s           2026-08-06T08:25:32
================================================================================
[2026-08-06T08:26:32.900+0000] {manager.py:878} INFO - 
================================================================================
DAG File Processing Stats

File Path                           PID    Runtime      # DAGs    # Errors  Last Runtime    Last Run
----------------------------------  -----  ---------  --------  ----------  --------------  -------------------
/opt/airflow/dags/fraud_dbt_dag.py                           1           0  0.34s           2026-08-06T08:26:03
================================================================================
[2026-08-06T08:27:03.434+0000] {manager.py:878} INFO - 
================================================================================
DAG File Processing Stats

File Path                           PID    Runtime      # DAGs    # Errors  Last Runtime    Last Run
----------------------------------  -----  ---------  --------  ----------  --------------  -------------------
/opt/airflow/dags/fraud_dbt_dag.py                           1           0  0.20s           2026-08-06T08:26:33
================================================================================
[2026-08-06T08:27:17.028+0000] {manager.py:737} INFO - Searching for files in /opt/airflow/dags
[2026-08-06T08:27:17.030+0000] {manager.py:740} INFO - There are 1 files in /opt/airflow/dags
[2026-08-06T08:27:33.859+0000] {manager.py:878} INFO - 
================================================================================
DAG File Processing Stats

File Path                           PID    Runtime      # DAGs    # Errors  Last Runtime    Last Run
----------------------------------  -----  ---------  --------  ----------  --------------  -------------------
/opt/airflow/dags/fraud_dbt_dag.py                           1           0  0.30s           2026-08-06T08:27:03
================================================================================
[2026-08-06T08:28:04.345+0000] {manager.py:878} INFO - 
================================================================================
DAG File Processing Stats

File Path                           PID    Runtime      # DAGs    # Errors  Last Runtime    Last Run
----------------------------------  -----  ---------  --------  ----------  --------------  -------------------
/opt/airflow/dags/fraud_dbt_dag.py                           1           0  0.33s           2026-08-06T08:27:34
================================================================================
[2026-08-06T08:28:34.866+0000] {manager.py:878} INFO - 
================================================================================
DAG File Processing Stats

File Path                           PID    Runtime      # DAGs    # Errors  Last Runtime    Last Run
----------------------------------  -----  ---------  --------  ----------  --------------  -------------------
/opt/airflow/dags/fraud_dbt_dag.py                           1           0  0.28s           2026-08-06T08:28:04
================================================================================
[2026-08-06T08:29:05.402+0000] {manager.py:878} INFO - 
================================================================================
DAG File Processing Stats

File Path                             PID  Runtime      # DAGs    # Errors  Last Runtime    Last Run
----------------------------------  -----  ---------  --------  ----------  --------------  -------------------
/opt/airflow/dags/fraud_dbt_dag.py    428  0.02s             1           0  0.15s           2026-08-06T08:28:35
================================================================================
[2026-08-06T08:29:35.732+0000] {manager.py:878} INFO - 
================================================================================
DAG File Processing Stats

File Path                             PID  Runtime      # DAGs    # Errors  Last Runtime    Last Run
----------------------------------  -----  ---------  --------  ----------  --------------  -------------------
/opt/airflow/dags/fraud_dbt_dag.py    433  0.00s             1           0  0.25s           2026-08-06T08:29:05
================================================================================
[2026-08-06T08:30:06.091+0000] {manager.py:878} INFO - 
================================================================================
DAG File Processing Stats

File Path                             PID  Runtime      # DAGs    # Errors  Last Runtime    Last Run
----------------------------------  -----  ---------  --------  ----------  --------------  -------------------
/opt/airflow/dags/fraud_dbt_dag.py    446  0.02s             1           0  0.13s           2026-08-06T08:29:35
================================================================================
[2026-08-06T08:30:36.328+0000] {manager.py:878} INFO - 
================================================================================
DAG File Processing Stats

File Path                           PID    Runtime      # DAGs    # Errors  Last Runtime    Last Run
----------------------------------  -----  ---------  --------  ----------  --------------  -------------------
/opt/airflow/dags/fraud_dbt_dag.py                           1           0  0.28s           2026-08-06T08:30:06
================================================================================
[2026-08-06T08:31:06.793+0000] {manager.py:878} INFO - 
================================================================================
DAG File Processing Stats

File Path                           PID    Runtime      # DAGs    # Errors  Last Runtime    Last Run
----------------------------------  -----  ---------  --------  ----------  --------------  -------------------
/opt/airflow/dags/fraud_dbt_dag.py                           1           0  0.28s           2026-08-06T08:30:36
================================================================================
[2026-08-06T08:31:37.264+0000] {manager.py:878} INFO - 
================================================================================
DAG File Processing Stats

File Path                           PID    Runtime      # DAGs    # Errors  Last Runtime    Last Run
----------------------------------  -----  ---------  --------  ----------  --------------  -------------------
/opt/airflow/dags/fraud_dbt_dag.py                           1           0  0.24s           2026-08-06T08:31:07
================================================================================
[2026-08-06T08:32:07.729+0000] {manager.py:878} INFO - 
================================================================================
DAG File Processing Stats

File Path                           PID    Runtime      # DAGs    # Errors  Last Runtime    Last Run
----------------------------------  -----  ---------  --------  ----------  --------------  -------------------
/opt/airflow/dags/fraud_dbt_dag.py                           1           0  0.32s           2026-08-06T08:31:37
================================================================================
[2026-08-06T08:32:17.105+0000] {manager.py:737} INFO - Searching for files in /opt/airflow/dags
[2026-08-06T08:32:17.107+0000] {manager.py:740} INFO - There are 1 files in /opt/airflow/dags
[2026-08-06T08:32:38.268+0000] {manager.py:878} INFO - 
================================================================================
DAG File Processing Stats

File Path                           PID    Runtime      # DAGs    # Errors  Last Runtime    Last Run
----------------------------------  -----  ---------  --------  ----------  --------------  -------------------
/opt/airflow/dags/fraud_dbt_dag.py                           1           0  0.31s           2026-08-06T08:32:08
================================================================================
[2026-08-06T08:33:08.805+0000] {manager.py:878} INFO - 
================================================================================
DAG File Processing Stats

File Path                           PID    Runtime      # DAGs    # Errors  Last Runtime    Last Run
----------------------------------  -----  ---------  --------  ----------  --------------  -------------------
/opt/airflow/dags/fraud_dbt_dag.py                           1           0  0.25s           2026-08-06T08:32:38
================================================================================
[2026-08-06T08:33:39.277+0000] {manager.py:878} INFO - 
================================================================================
DAG File Processing Stats

File Path                           PID    Runtime      # DAGs    # Errors  Last Runtime    Last Run
----------------------------------  -----  ---------  --------  ----------  --------------  -------------------
/opt/airflow/dags/fraud_dbt_dag.py                           1           0  0.25s           2026-08-06T08:33:09
================================================================================
[2026-08-06T08:34:09.740+0000] {manager.py:878} INFO - 
================================================================================
DAG File Processing Stats

File Path                           PID    Runtime      # DAGs    # Errors  Last Runtime    Last Run
----------------------------------  -----  ---------  --------  ----------  --------------  -------------------
/opt/airflow/dags/fraud_dbt_dag.py                           1           0  0.27s           2026-08-06T08:33:39
================================================================================
[2026-08-06T08:34:40.200+0000] {manager.py:878} INFO - 
================================================================================
DAG File Processing Stats

File Path                           PID    Runtime      # DAGs    # Errors  Last Runtime    Last Run
----------------------------------  -----  ---------  --------  ----------  --------------  -------------------
/opt/airflow/dags/fraud_dbt_dag.py                           1           0  0.30s           2026-08-06T08:34:10
================================================================================
[2026-08-06T08:35:10.739+0000] {manager.py:878} INFO - 
================================================================================
DAG File Processing Stats

File Path                           PID    Runtime      # DAGs    # Errors  Last Runtime    Last Run
----------------------------------  -----  ---------  --------  ----------  --------------  -------------------
/opt/airflow/dags/fraud_dbt_dag.py                           1           0  0.29s           2026-08-06T08:34:40
================================================================================
[2026-08-06T08:35:41.225+0000] {manager.py:878} INFO - 
================================================================================
DAG File Processing Stats

File Path                           PID    Runtime      # DAGs    # Errors  Last Runtime    Last Run
----------------------------------  -----  ---------  --------  ----------  --------------  -------------------
/opt/airflow/dags/fraud_dbt_dag.py                           1           0  0.30s           2026-08-06T08:35:11
================================================================================
[2026-08-06T08:36:11.738+0000] {manager.py:878} INFO - 
================================================================================
DAG File Processing Stats

File Path                           PID    Runtime      # DAGs    # Errors  Last Runtime    Last Run
----------------------------------  -----  ---------  --------  ----------  --------------  -------------------
/opt/airflow/dags/fraud_dbt_dag.py                           1           0  0.32s           2026-08-06T08:35:41
================================================================================
[2026-08-06T08:36:42.292+0000] {manager.py:878} INFO - 
================================================================================
DAG File Processing Stats

File Path                           PID    Runtime      # DAGs    # Errors  Last Runtime    Last Run
----------------------------------  -----  ---------  --------  ----------  --------------  -------------------
/opt/airflow/dags/fraud_dbt_dag.py                           1           0  0.25s           2026-08-06T08:36:12
================================================================================
[2026-08-06T08:37:12.793+0000] {manager.py:878} INFO - 
================================================================================
DAG File Processing Stats

File Path                             PID  Runtime      # DAGs    # Errors  Last Runtime    Last Run
----------------------------------  -----  ---------  --------  ----------  --------------  -------------------
/opt/airflow/dags/fraud_dbt_dag.py    522  0.02s             1           0  0.24s           2026-08-06T08:36:42
================================================================================
[2026-08-06T08:37:17.128+0000] {manager.py:737} INFO - Searching for files in /opt/airflow/dags
[2026-08-06T08:37:17.130+0000] {manager.py:740} INFO - There are 1 files in /opt/airflow/dags
[2026-08-06T08:37:43.202+0000] {manager.py:878} INFO - 
================================================================================
DAG File Processing Stats

File Path                             PID  Runtime      # DAGs    # Errors  Last Runtime    Last Run
----------------------------------  -----  ---------  --------  ----------  --------------  -------------------
/opt/airflow/dags/fraud_dbt_dag.py    527  0.01s             1           0  0.33s           2026-08-06T08:37:13
================================================================================
[2026-08-06T08:38:13.572+0000] {manager.py:878} INFO - 
================================================================================
DAG File Processing Stats

File Path                             PID  Runtime      # DAGs    # Errors  Last Runtime    Last Run
----------------------------------  -----  ---------  --------  ----------  --------------  -------------------
/opt/airflow/dags/fraud_dbt_dag.py    532  0.02s             1           0  0.27s           2026-08-06T08:37:43
================================================================================
[2026-08-06T08:38:43.892+0000] {manager.py:878} INFO - 
================================================================================
DAG File Processing Stats

File Path                           PID    Runtime      # DAGs    # Errors  Last Runtime    Last Run
----------------------------------  -----  ---------  --------  ----------  --------------  -------------------
/opt/airflow/dags/fraud_dbt_dag.py                           1           0  0.40s           2026-08-06T08:38:13
================================================================================
[2026-08-06T08:39:14.361+0000] {manager.py:878} INFO - 
================================================================================
DAG File Processing Stats

File Path                           PID    Runtime      # DAGs    # Errors  Last Runtime    Last Run
----------------------------------  -----  ---------  --------  ----------  --------------  -------------------
/opt/airflow/dags/fraud_dbt_dag.py                           1           0  0.34s           2026-08-06T08:38:44
================================================================================
[2026-08-06T08:39:44.932+0000] {manager.py:878} INFO - 
================================================================================
DAG File Processing Stats

File Path                           PID    Runtime      # DAGs    # Errors  Last Runtime    Last Run
----------------------------------  -----  ---------  --------  ----------  --------------  -------------------
/opt/airflow/dags/fraud_dbt_dag.py                           1           0  0.26s           2026-08-06T08:39:14
================================================================================
[2026-08-06T08:40:15.437+0000] {manager.py:878} INFO - 
================================================================================
DAG File Processing Stats

File Path                           PID    Runtime      # DAGs    # Errors  Last Runtime    Last Run
----------------------------------  -----  ---------  --------  ----------  --------------  -------------------
/opt/airflow/dags/fraud_dbt_dag.py                           1           0  0.32s           2026-08-06T08:39:45
================================================================================
[2026-08-06T08:40:46.037+0000] {manager.py:878} INFO - 
================================================================================
DAG File Processing Stats

File Path                           PID    Runtime      # DAGs    # Errors  Last Runtime    Last Run
----------------------------------  -----  ---------  --------  ----------  --------------  -------------------
/opt/airflow/dags/fraud_dbt_dag.py                           1           0  0.32s           2026-08-06T08:40:16
================================================================================
[2026-08-06T08:41:16.548+0000] {manager.py:878} INFO - 
================================================================================
DAG File Processing Stats

File Path                           PID    Runtime      # DAGs    # Errors  Last Runtime    Last Run
----------------------------------  -----  ---------  --------  ----------  --------------  -------------------
/opt/airflow/dags/fraud_dbt_dag.py                           1           0  0.28s           2026-08-06T08:40:46
================================================================================
[2026-08-06T08:41:47.066+0000] {manager.py:878} INFO - 
================================================================================
DAG File Processing Stats

File Path                           PID    Runtime      # DAGs    # Errors  Last Runtime    Last Run
----------------------------------  -----  ---------  --------  ----------  --------------  -------------------
/opt/airflow/dags/fraud_dbt_dag.py                           1           0  0.28s           2026-08-06T08:41:17
================================================================================
[2026-08-06T08:42:17.531+0000] {manager.py:737} INFO - Searching for files in /opt/airflow/dags
[2026-08-06T08:42:17.534+0000] {manager.py:740} INFO - There are 1 files in /opt/airflow/dags
[2026-08-06T08:42:17.583+0000] {manager.py:878} INFO - 
================================================================================
DAG File Processing Stats

File Path                             PID  Runtime      # DAGs    # Errors  Last Runtime    Last Run
----------------------------------  -----  ---------  --------  ----------  --------------  -------------------
/opt/airflow/dags/fraud_dbt_dag.py    612  0.02s             1           0  0.26s           2026-08-06T08:41:47
================================================================================
[2026-08-06T08:42:48.017+0000] {manager.py:878} INFO - 
================================================================================
DAG File Processing Stats

File Path                             PID  Runtime      # DAGs    # Errors  Last Runtime    Last Run
----------------------------------  -----  ---------  --------  ----------  --------------  -------------------
/opt/airflow/dags/fraud_dbt_dag.py    617  0.01s             1           0  0.30s           2026-08-06T08:42:17
================================================================================
[2026-08-06T08:43:18.272+0000] {manager.py:878} INFO - 
================================================================================
DAG File Processing Stats

File Path                           PID    Runtime      # DAGs    # Errors  Last Runtime    Last Run
----------------------------------  -----  ---------  --------  ----------  --------------  -------------------
/opt/airflow/dags/fraud_dbt_dag.py                           1           0  0.28s           2026-08-06T08:42:48
================================================================================
[2026-08-06T08:43:48.709+0000] {manager.py:878} INFO - 
================================================================================
DAG File Processing Stats

File Path                           PID    Runtime      # DAGs    # Errors  Last Runtime    Last Run
----------------------------------  -----  ---------  --------  ----------  --------------  -------------------
/opt/airflow/dags/fraud_dbt_dag.py                           1           0  0.26s           2026-08-06T08:43:18
================================================================================
[2026-08-06T08:44:19.164+0000] {manager.py:878} INFO - 
================================================================================
DAG File Processing Stats

File Path                           PID    Runtime      # DAGs    # Errors  Last Runtime    Last Run
----------------------------------  -----  ---------  --------  ----------  --------------  -------------------
/opt/airflow/dags/fraud_dbt_dag.py                           1           0  0.31s           2026-08-06T08:43:49
================================================================================
[2026-08-06T08:44:49.673+0000] {manager.py:878} INFO - 
================================================================================
DAG File Processing Stats

File Path                           PID    Runtime      # DAGs    # Errors  Last Runtime    Last Run
----------------------------------  -----  ---------  --------  ----------  --------------  -------------------
/opt/airflow/dags/fraud_dbt_dag.py                           1           0  0.24s           2026-08-06T08:44:19
================================================================================
[2026-08-06T08:45:20.118+0000] {manager.py:878} INFO - 
================================================================================
DAG File Processing Stats

File Path                           PID    Runtime      # DAGs    # Errors  Last Runtime    Last Run
----------------------------------  -----  ---------  --------  ----------  --------------  -------------------
/opt/airflow/dags/fraud_dbt_dag.py                           1           0  0.33s           2026-08-06T08:44:50
================================================================================
[2026-08-06T08:45:50.710+0000] {manager.py:878} INFO - 
================================================================================
DAG File Processing Stats

File Path                             PID  Runtime      # DAGs    # Errors  Last Runtime    Last Run
----------------------------------  -----  ---------  --------  ----------  --------------  -------------------
/opt/airflow/dags/fraud_dbt_dag.py    687  0.03s             1           0  0.20s           2026-08-06T08:45:20
================================================================================
[2026-08-06T08:46:21.106+0000] {manager.py:878} INFO - 
================================================================================
DAG File Processing Stats

File Path                             PID  Runtime      # DAGs    # Errors  Last Runtime    Last Run
----------------------------------  -----  ---------  --------  ----------  --------------  -------------------
/opt/airflow/dags/fraud_dbt_dag.py    692  0.02s             1           0  0.24s           2026-08-06T08:45:50
================================================================================
[2026-08-06T08:46:51.378+0000] {manager.py:878} INFO - 
================================================================================
DAG File Processing Stats

File Path                             PID  Runtime      # DAGs    # Errors  Last Runtime    Last Run
----------------------------------  -----  ---------  --------  ----------  --------------  -------------------
/opt/airflow/dags/fraud_dbt_dag.py    697  0.01s             1           0  0.19s           2026-08-06T08:46:21
================================================================================
[2026-08-06T08:47:17.631+0000] {manager.py:737} INFO - Searching for files in /opt/airflow/dags
[2026-08-06T08:47:17.634+0000] {manager.py:740} INFO - There are 1 files in /opt/airflow/dags
[2026-08-06T08:47:21.735+0000] {manager.py:878} INFO - 
================================================================================
DAG File Processing Stats

File Path                             PID  Runtime      # DAGs    # Errors  Last Runtime    Last Run
----------------------------------  -----  ---------  --------  ----------  --------------  -------------------
/opt/airflow/dags/fraud_dbt_dag.py    721  0.02s             1           0  0.28s           2026-08-06T08:46:51
================================================================================
[2026-08-06T08:47:52.104+0000] {manager.py:878} INFO - 
================================================================================
DAG File Processing Stats

File Path                             PID  Runtime      # DAGs    # Errors  Last Runtime    Last Run
----------------------------------  -----  ---------  --------  ----------  --------------  -------------------
/opt/airflow/dags/fraud_dbt_dag.py    726  0.02s             1           0  0.30s           2026-08-06T08:47:22
================================================================================
[2026-08-06T08:48:22.461+0000] {manager.py:878} INFO - 
================================================================================
DAG File Processing Stats

File Path                             PID  Runtime      # DAGs    # Errors  Last Runtime    Last Run
----------------------------------  -----  ---------  --------  ----------  --------------  -------------------
/opt/airflow/dags/fraud_dbt_dag.py    731  0.01s             1           0  0.24s           2026-08-06T08:47:52
================================================================================
[2026-08-06T08:48:52.800+0000] {manager.py:878} INFO - 
================================================================================
DAG File Processing Stats

File Path                             PID  Runtime      # DAGs    # Errors  Last Runtime    Last Run
----------------------------------  -----  ---------  --------  ----------  --------------  -------------------
/opt/airflow/dags/fraud_dbt_dag.py    736  0.03s             1           0  0.27s           2026-08-06T08:48:22
================================================================================
[2026-08-06T08:49:23.177+0000] {manager.py:878} INFO - 
================================================================================
DAG File Processing Stats

File Path                             PID  Runtime      # DAGs    # Errors  Last Runtime    Last Run
----------------------------------  -----  ---------  --------  ----------  --------------  -------------------
/opt/airflow/dags/fraud_dbt_dag.py    760  0.02s             1           0  0.39s           2026-08-06T08:48:53
================================================================================
[2026-08-06T08:49:53.597+0000] {manager.py:878} INFO - 
================================================================================
DAG File Processing Stats

File Path                             PID  Runtime      # DAGs    # Errors  Last Runtime    Last Run
----------------------------------  -----  ---------  --------  ----------  --------------  -------------------
/opt/airflow/dags/fraud_dbt_dag.py    765  0.01s             1           0  0.23s           2026-08-06T08:49:23
================================================================================
[2026-08-06T08:50:23.846+0000] {manager.py:878} INFO - 
================================================================================
DAG File Processing Stats

File Path                           PID    Runtime      # DAGs    # Errors  Last Runtime    Last Run
----------------------------------  -----  ---------  --------  ----------  --------------  -------------------
/opt/airflow/dags/fraud_dbt_dag.py                           1           0  0.32s           2026-08-06T08:49:53
================================================================================
[2026-08-06T08:50:54.345+0000] {manager.py:878} INFO - 
================================================================================
DAG File Processing Stats

File Path                           PID    Runtime      # DAGs    # Errors  Last Runtime    Last Run
----------------------------------  -----  ---------  --------  ----------  --------------  -------------------
/opt/airflow/dags/fraud_dbt_dag.py                           1           0  0.45s           2026-08-06T08:50:24
================================================================================
[2026-08-06T08:51:25.019+0000] {manager.py:878} INFO - 
================================================================================
DAG File Processing Stats

File Path                           PID    Runtime      # DAGs    # Errors  Last Runtime    Last Run
----------------------------------  -----  ---------  --------  ----------  --------------  -------------------
/opt/airflow/dags/fraud_dbt_dag.py                           1           0  0.31s           2026-08-06T08:50:55
================================================================================
[2026-08-06T08:51:55.553+0000] {manager.py:878} INFO - 
================================================================================
DAG File Processing Stats

File Path                           PID    Runtime      # DAGs    # Errors  Last Runtime    Last Run
----------------------------------  -----  ---------  --------  ----------  --------------  -------------------
/opt/airflow/dags/fraud_dbt_dag.py                           1           0  0.44s           2026-08-06T08:51:25
================================================================================
[2026-08-06T08:52:18.136+0000] {manager.py:737} INFO - Searching for files in /opt/airflow/dags
[2026-08-06T08:52:18.139+0000] {manager.py:740} INFO - There are 1 files in /opt/airflow/dags
[2026-08-06T08:52:26.203+0000] {manager.py:878} INFO - 
================================================================================
DAG File Processing Stats

File Path                           PID    Runtime      # DAGs    # Errors  Last Runtime    Last Run
----------------------------------  -----  ---------  --------  ----------  --------------  -------------------
/opt/airflow/dags/fraud_dbt_dag.py                           1           0  0.32s           2026-08-06T08:51:56
================================================================================
[2026-08-06T08:52:56.726+0000] {manager.py:878} INFO - 
================================================================================
DAG File Processing Stats

File Path                           PID    Runtime      # DAGs    # Errors  Last Runtime    Last Run
----------------------------------  -----  ---------  --------  ----------  --------------  -------------------
/opt/airflow/dags/fraud_dbt_dag.py                           1           0  0.32s           2026-08-06T08:52:26
================================================================================
[2026-08-06T08:53:27.208+0000] {manager.py:878} INFO - 
================================================================================
DAG File Processing Stats

File Path                           PID    Runtime      # DAGs    # Errors  Last Runtime    Last Run
----------------------------------  -----  ---------  --------  ----------  --------------  -------------------
/opt/airflow/dags/fraud_dbt_dag.py                           1           0  0.26s           2026-08-06T08:52:57
================================================================================
[2026-08-06T08:53:57.648+0000] {manager.py:878} INFO - 
================================================================================
DAG File Processing Stats

File Path                           PID    Runtime      # DAGs    # Errors  Last Runtime    Last Run
----------------------------------  -----  ---------  --------  ----------  --------------  -------------------
/opt/airflow/dags/fraud_dbt_dag.py                           1           0  0.37s           2026-08-06T08:53:27
================================================================================
[2026-08-06T08:54:28.243+0000] {manager.py:878} INFO - 
================================================================================
DAG File Processing Stats

File Path                           PID    Runtime      # DAGs    # Errors  Last Runtime    Last Run
----------------------------------  -----  ---------  --------  ----------  --------------  -------------------
/opt/airflow/dags/fraud_dbt_dag.py                           1           0  0.29s           2026-08-06T08:53:58
================================================================================
[2026-08-06T08:54:58.766+0000] {manager.py:878} INFO - 
================================================================================
DAG File Processing Stats

File Path                           PID    Runtime      # DAGs    # Errors  Last Runtime    Last Run
----------------------------------  -----  ---------  --------  ----------  --------------  -------------------
/opt/airflow/dags/fraud_dbt_dag.py                           1           0  0.32s           2026-08-06T08:54:28
================================================================================
[2026-08-06T08:55:29.268+0000] {manager.py:878} INFO - 
================================================================================
DAG File Processing Stats

File Path                           PID    Runtime      # DAGs    # Errors  Last Runtime    Last Run
----------------------------------  -----  ---------  --------  ----------  --------------  -------------------
/opt/airflow/dags/fraud_dbt_dag.py                           1           0  0.32s           2026-08-06T08:54:59
================================================================================
[2026-08-06T08:55:59.751+0000] {manager.py:878} INFO - 
================================================================================
DAG File Processing Stats

File Path                           PID    Runtime      # DAGs    # Errors  Last Runtime    Last Run
----------------------------------  -----  ---------  --------  ----------  --------------  -------------------
/opt/airflow/dags/fraud_dbt_dag.py                           1           0  0.26s           2026-08-06T08:55:29
================================================================================
[2026-08-06T08:56:30.216+0000] {manager.py:878} INFO - 
================================================================================
DAG File Processing Stats

File Path                           PID    Runtime      # DAGs    # Errors  Last Runtime    Last Run
----------------------------------  -----  ---------  --------  ----------  --------------  -------------------
/opt/airflow/dags/fraud_dbt_dag.py                           1           0  0.28s           2026-08-06T08:56:00
================================================================================
[2026-08-06T08:57:00.709+0000] {manager.py:878} INFO - 
================================================================================
DAG File Processing Stats

File Path                           PID    Runtime      # DAGs    # Errors  Last Runtime    Last Run
----------------------------------  -----  ---------  --------  ----------  --------------  -------------------
/opt/airflow/dags/fraud_dbt_dag.py                           1           0  0.26s           2026-08-06T08:56:30
================================================================================
[2026-08-06T08:57:18.282+0000] {manager.py:737} INFO - Searching for files in /opt/airflow/dags
[2026-08-06T08:57:18.285+0000] {manager.py:740} INFO - There are 1 files in /opt/airflow/dags
[2026-08-06T08:57:31.224+0000] {manager.py:878} INFO - 
================================================================================
DAG File Processing Stats

File Path                             PID  Runtime      # DAGs    # Errors  Last Runtime    Last Run
----------------------------------  -----  ---------  --------  ----------  --------------  -------------------
/opt/airflow/dags/fraud_dbt_dag.py    840  0.03s             1           0  0.21s           2026-08-06T08:57:01
================================================================================
[2026-08-06T08:58:01.695+0000] {manager.py:878} INFO - 
================================================================================
DAG File Processing Stats

File Path                             PID  Runtime      # DAGs    # Errors  Last Runtime    Last Run
----------------------------------  -----  ---------  --------  ----------  --------------  -------------------
/opt/airflow/dags/fraud_dbt_dag.py    845  0.06s             1           0  0.37s           2026-08-06T08:57:31
================================================================================
[2026-08-06T08:58:32.022+0000] {manager.py:878} INFO - 
================================================================================
DAG File Processing Stats

File Path                             PID  Runtime      # DAGs    # Errors  Last Runtime    Last Run
----------------------------------  -----  ---------  --------  ----------  --------------  -------------------
/opt/airflow/dags/fraud_dbt_dag.py    850  0.02s             1           0  0.35s           2026-08-06T08:58:01
================================================================================
[2026-08-06T08:59:02.424+0000] {manager.py:878} INFO - 
================================================================================
DAG File Processing Stats

File Path                             PID  Runtime      # DAGs    # Errors  Last Runtime    Last Run
----------------------------------  -----  ---------  --------  ----------  --------------  -------------------
/opt/airflow/dags/fraud_dbt_dag.py    855  0.01s             1           0  0.31s           2026-08-06T08:58:32
================================================================================
[2026-08-06T08:59:32.739+0000] {manager.py:878} INFO - 
================================================================================
DAG File Processing Stats

File Path                             PID  Runtime      # DAGs    # Errors  Last Runtime    Last Run
----------------------------------  -----  ---------  --------  ----------  --------------  -------------------
/opt/airflow/dags/fraud_dbt_dag.py    860  0.01s             1           0  0.30s           2026-08-06T08:59:02
================================================================================
[2026-08-06T09:00:03.150+0000] {manager.py:878} INFO - 
================================================================================
DAG File Processing Stats

File Path                             PID  Runtime      # DAGs    # Errors  Last Runtime    Last Run
----------------------------------  -----  ---------  --------  ----------  --------------  -------------------
/opt/airflow/dags/fraud_dbt_dag.py    868  0.01s             1           0  0.24s           2026-08-06T08:59:32
================================================================================
[2026-08-06T09:00:33.368+0000] {manager.py:878} INFO - 
================================================================================
DAG File Processing Stats

File Path                           PID    Runtime      # DAGs    # Errors  Last Runtime    Last Run
----------------------------------  -----  ---------  --------  ----------  --------------  -------------------
/opt/airflow/dags/fraud_dbt_dag.py                           1           0  0.33s           2026-08-06T09:00:03
================================================================================
[2026-08-06T09:01:03.891+0000] {manager.py:878} INFO - 
================================================================================
DAG File Processing Stats

File Path                           PID    Runtime      # DAGs    # Errors  Last Runtime    Last Run
----------------------------------  -----  ---------  --------  ----------  --------------  -------------------
/opt/airflow/dags/fraud_dbt_dag.py                           1           0  0.29s           2026-08-06T09:00:33
================================================================================
[2026-08-06T09:01:34.422+0000] {manager.py:878} INFO - 
================================================================================
DAG File Processing Stats

File Path                             PID  Runtime      # DAGs    # Errors  Last Runtime    Last Run
----------------------------------  -----  ---------  --------  ----------  --------------  -------------------
/opt/airflow/dags/fraud_dbt_dag.py    901  0.02s             1           0  0.23s           2026-08-06T09:01:04
================================================================================
[2026-08-06T09:02:04.859+0000] {manager.py:878} INFO - 
================================================================================
DAG File Processing Stats

File Path                             PID  Runtime      # DAGs    # Errors  Last Runtime    Last Run
----------------------------------  -----  ---------  --------  ----------  --------------  -------------------
/opt/airflow/dags/fraud_dbt_dag.py    906  0.03s             1           0  0.42s           2026-08-06T09:01:34
================================================================================
[2026-08-06T09:02:19.124+0000] {manager.py:737} INFO - Searching for files in /opt/airflow/dags
[2026-08-06T09:02:19.127+0000] {manager.py:740} INFO - There are 1 files in /opt/airflow/dags
[2026-08-06T09:02:35.289+0000] {manager.py:878} INFO - 
================================================================================
DAG File Processing Stats

File Path                             PID  Runtime      # DAGs    # Errors  Last Runtime    Last Run
----------------------------------  -----  ---------  --------  ----------  --------------  -------------------
/opt/airflow/dags/fraud_dbt_dag.py    930  0.02s             1           0  0.32s           2026-08-06T09:02:05
================================================================================
[2026-08-06T09:03:05.597+0000] {manager.py:878} INFO - 
================================================================================
DAG File Processing Stats

File Path                             PID  Runtime      # DAGs    # Errors  Last Runtime    Last Run
----------------------------------  -----  ---------  --------  ----------  --------------  -------------------
/opt/airflow/dags/fraud_dbt_dag.py    935  0.02s             1           0  0.24s           2026-08-06T09:02:35
================================================================================
[2026-08-06T09:03:35.937+0000] {manager.py:878} INFO - 
================================================================================
DAG File Processing Stats

File Path                             PID  Runtime      # DAGs    # Errors  Last Runtime    Last Run
----------------------------------  -----  ---------  --------  ----------  --------------  -------------------
/opt/airflow/dags/fraud_dbt_dag.py    940  0.01s             1           0  0.28s           2026-08-06T09:03:05
================================================================================
[2026-08-06T09:04:06.268+0000] {manager.py:878} INFO - 
================================================================================
DAG File Processing Stats

File Path                             PID  Runtime      # DAGs    # Errors  Last Runtime    Last Run
----------------------------------  -----  ---------  --------  ----------  --------------  -------------------
/opt/airflow/dags/fraud_dbt_dag.py    945  0.02s             1           0  0.26s           2026-08-06T09:03:36
================================================================================
[2026-08-06T09:04:36.647+0000] {manager.py:878} INFO - 
================================================================================
DAG File Processing Stats

File Path                             PID  Runtime      # DAGs    # Errors  Last Runtime    Last Run
----------------------------------  -----  ---------  --------  ----------  --------------  -------------------
/opt/airflow/dags/fraud_dbt_dag.py    969  0.03s             1           0  0.23s           2026-08-06T09:04:06
================================================================================
[2026-08-06T09:05:06.927+0000] {manager.py:878} INFO - 
================================================================================
DAG File Processing Stats

File Path                             PID  Runtime      # DAGs    # Errors  Last Runtime    Last Run
----------------------------------  -----  ---------  --------  ----------  --------------  -------------------
/opt/airflow/dags/fraud_dbt_dag.py    974  0.01s             1           0  0.27s           2026-08-06T09:04:36
================================================================================
[2026-08-06T09:05:37.321+0000] {manager.py:878} INFO - 
================================================================================
DAG File Processing Stats

File Path                             PID  Runtime      # DAGs    # Errors  Last Runtime    Last Run
----------------------------------  -----  ---------  --------  ----------  --------------  -------------------
/opt/airflow/dags/fraud_dbt_dag.py    979  0.01s             1           0  0.32s           2026-08-06T09:05:07
================================================================================
[2026-08-06T09:06:07.663+0000] {manager.py:878} INFO - 
================================================================================
DAG File Processing Stats

File Path                             PID  Runtime      # DAGs    # Errors  Last Runtime    Last Run
----------------------------------  -----  ---------  --------  ----------  --------------  -------------------
/opt/airflow/dags/fraud_dbt_dag.py    984  0.01s             1           0  0.29s           2026-08-06T09:05:37
================================================================================
[2026-08-06T09:06:38.026+0000] {manager.py:878} INFO - 
================================================================================
DAG File Processing Stats

File Path                             PID  Runtime      # DAGs    # Errors  Last Runtime    Last Run
----------------------------------  -----  ---------  --------  ----------  --------------  -------------------
/opt/airflow/dags/fraud_dbt_dag.py    989  0.01s             1           0  0.28s           2026-08-06T09:06:07
================================================================================
[2026-08-06T09:07:08.353+0000] {manager.py:878} INFO - 
================================================================================
DAG File Processing Stats

File Path                             PID  Runtime      # DAGs    # Errors  Last Runtime    Last Run
----------------------------------  -----  ---------  --------  ----------  --------------  -------------------
/opt/airflow/dags/fraud_dbt_dag.py    994  0.01s             1           0  0.24s           2026-08-06T09:06:38
================================================================================
[2026-08-06T09:07:19.552+0000] {manager.py:737} INFO - Searching for files in /opt/airflow/dags
[2026-08-06T09:07:19.554+0000] {manager.py:740} INFO - There are 1 files in /opt/airflow/dags
[2026-08-06T09:07:38.747+0000] {manager.py:878} INFO - 
================================================================================
DAG File Processing Stats

File Path                             PID  Runtime      # DAGs    # Errors  Last Runtime    Last Run
----------------------------------  -----  ---------  --------  ----------  --------------  -------------------
/opt/airflow/dags/fraud_dbt_dag.py    999  0.02s             1           0  0.31s           2026-08-06T09:07:08
================================================================================
[2026-08-06T09:08:09.171+0000] {manager.py:878} INFO - 
================================================================================
DAG File Processing Stats

File Path                             PID  Runtime      # DAGs    # Errors  Last Runtime    Last Run
----------------------------------  -----  ---------  --------  ----------  --------------  -------------------
/opt/airflow/dags/fraud_dbt_dag.py   1004  0.01s             1           0  0.37s           2026-08-06T09:07:39
================================================================================
[2026-08-06T09:08:39.526+0000] {manager.py:878} INFO - 
================================================================================
DAG File Processing Stats

File Path                             PID  Runtime      # DAGs    # Errors  Last Runtime    Last Run
----------------------------------  -----  ---------  --------  ----------  --------------  -------------------
/opt/airflow/dags/fraud_dbt_dag.py   1009  0.01s             1           0  0.22s           2026-08-06T09:08:09
================================================================================
[2026-08-06T09:09:09.791+0000] {manager.py:878} INFO - 
================================================================================
DAG File Processing Stats

File Path                           PID    Runtime      # DAGs    # Errors  Last Runtime    Last Run
----------------------------------  -----  ---------  --------  ----------  --------------  -------------------
/opt/airflow/dags/fraud_dbt_dag.py                           1           0  0.34s           2026-08-06T09:08:39
================================================================================
[2026-08-06T09:09:40.306+0000] {manager.py:878} INFO - 
================================================================================
DAG File Processing Stats

File Path                           PID    Runtime      # DAGs    # Errors  Last Runtime    Last Run
----------------------------------  -----  ---------  --------  ----------  --------------  -------------------
/opt/airflow/dags/fraud_dbt_dag.py                           1           0  0.41s           2026-08-06T09:09:10
================================================================================
[2026-08-06T09:10:10.916+0000] {manager.py:878} INFO - 
================================================================================
DAG File Processing Stats

File Path                           PID    Runtime      # DAGs    # Errors  Last Runtime    Last Run
----------------------------------  -----  ---------  --------  ----------  --------------  -------------------
/opt/airflow/dags/fraud_dbt_dag.py                           1           0  0.32s           2026-08-06T09:09:41
================================================================================
[2026-08-06T09:10:41.477+0000] {manager.py:878} INFO - 
================================================================================
DAG File Processing Stats

File Path                             PID  Runtime      # DAGs    # Errors  Last Runtime    Last Run
----------------------------------  -----  ---------  --------  ----------  --------------  -------------------
/opt/airflow/dags/fraud_dbt_dag.py   1029  0.02s             1           0  0.14s           2026-08-06T09:10:11
================================================================================
[2026-08-06T09:11:11.823+0000] {manager.py:878} INFO - 
================================================================================
DAG File Processing Stats

File Path                             PID  Runtime      # DAGs    # Errors  Last Runtime    Last Run
----------------------------------  -----  ---------  --------  ----------  --------------  -------------------
/opt/airflow/dags/fraud_dbt_dag.py   1034  0.02s             1           0  0.32s           2026-08-06T09:10:41
================================================================================
[2026-08-06T09:11:42.232+0000] {manager.py:878} INFO - 
================================================================================
DAG File Processing Stats

File Path                             PID  Runtime      # DAGs    # Errors  Last Runtime    Last Run
----------------------------------  -----  ---------  --------  ----------  --------------  -------------------
/opt/airflow/dags/fraud_dbt_dag.py   1039  0.01s             1           0  0.28s           2026-08-06T09:11:12
================================================================================
[2026-08-06T09:12:12.479+0000] {manager.py:878} INFO - 
================================================================================
DAG File Processing Stats

File Path                           PID    Runtime      # DAGs    # Errors  Last Runtime    Last Run
----------------------------------  -----  ---------  --------  ----------  --------------  -------------------
/opt/airflow/dags/fraud_dbt_dag.py                           1           0  0.37s           2026-08-06T09:11:42
================================================================================
[2026-08-06T09:12:19.842+0000] {manager.py:737} INFO - Searching for files in /opt/airflow/dags
[2026-08-06T09:12:19.845+0000] {manager.py:740} INFO - There are 1 files in /opt/airflow/dags
[2026-08-06T09:12:43.038+0000] {manager.py:878} INFO - 
================================================================================
DAG File Processing Stats

File Path                           PID    Runtime      # DAGs    # Errors  Last Runtime    Last Run
----------------------------------  -----  ---------  --------  ----------  --------------  -------------------
/opt/airflow/dags/fraud_dbt_dag.py                           1           0  0.30s           2026-08-06T09:12:13
================================================================================
[2026-08-06T09:13:13.528+0000] {manager.py:878} INFO - 
================================================================================
DAG File Processing Stats

File Path                           PID    Runtime      # DAGs    # Errors  Last Runtime    Last Run
----------------------------------  -----  ---------  --------  ----------  --------------  -------------------
/opt/airflow/dags/fraud_dbt_dag.py                           1           0  0.26s           2026-08-06T09:12:43
================================================================================
[2026-08-06T09:13:43.986+0000] {manager.py:878} INFO - 
================================================================================
DAG File Processing Stats

File Path                           PID    Runtime      # DAGs    # Errors  Last Runtime    Last Run
----------------------------------  -----  ---------  --------  ----------  --------------  -------------------
/opt/airflow/dags/fraud_dbt_dag.py                           1           0  0.33s           2026-08-06T09:13:14
================================================================================
[2026-08-06T09:14:14.519+0000] {manager.py:878} INFO - 
================================================================================
DAG File Processing Stats

File Path                           PID    Runtime      # DAGs    # Errors  Last Runtime    Last Run
----------------------------------  -----  ---------  --------  ----------  --------------  -------------------
/opt/airflow/dags/fraud_dbt_dag.py                           1           0  0.27s           2026-08-06T09:13:44
================================================================================
[2026-08-06T09:14:44.995+0000] {manager.py:878} INFO - 
================================================================================
DAG File Processing Stats

File Path                           PID    Runtime      # DAGs    # Errors  Last Runtime    Last Run
----------------------------------  -----  ---------  --------  ----------  --------------  -------------------
/opt/airflow/dags/fraud_dbt_dag.py                           1           0  0.28s           2026-08-06T09:14:15
================================================================================
[2026-08-06T09:15:15.475+0000] {manager.py:878} INFO - 
================================================================================
DAG File Processing Stats

File Path                           PID    Runtime      # DAGs    # Errors  Last Runtime    Last Run
----------------------------------  -----  ---------  --------  ----------  --------------  -------------------
/opt/airflow/dags/fraud_dbt_dag.py                           1           0  0.40s           2026-08-06T09:14:45
================================================================================
[2026-08-06T09:15:46.079+0000] {manager.py:878} INFO - 
================================================================================
DAG File Processing Stats

File Path                           PID    Runtime      # DAGs    # Errors  Last Runtime    Last Run
----------------------------------  -----  ---------  --------  ----------  --------------  -------------------
/opt/airflow/dags/fraud_dbt_dag.py                           1           0  0.26s           2026-08-06T09:15:16
================================================================================
[2026-08-06T09:16:16.588+0000] {manager.py:878} INFO - 
================================================================================
DAG File Processing Stats

File Path                           PID    Runtime      # DAGs    # Errors  Last Runtime    Last Run
----------------------------------  -----  ---------  --------  ----------  --------------  -------------------
/opt/airflow/dags/fraud_dbt_dag.py                           1           0  0.36s           2026-08-06T09:15:46
================================================================================
[2026-08-06T09:16:47.176+0000] {manager.py:878} INFO - 
================================================================================
DAG File Processing Stats

File Path                             PID  Runtime      # DAGs    # Errors  Last Runtime    Last Run
----------------------------------  -----  ---------  --------  ----------  --------------  -------------------
/opt/airflow/dags/fraud_dbt_dag.py   1110  0.01s             1           0  0.24s           2026-08-06T09:16:17
================================================================================
[2026-08-06T09:17:17.602+0000] {manager.py:878} INFO - 
================================================================================
DAG File Processing Stats

File Path                             PID  Runtime      # DAGs    # Errors  Last Runtime    Last Run
----------------------------------  -----  ---------  --------  ----------  --------------  -------------------
/opt/airflow/dags/fraud_dbt_dag.py   1134  0.02s             1           0  0.31s           2026-08-06T09:16:47
================================================================================
[2026-08-06T09:17:19.978+0000] {manager.py:737} INFO - Searching for files in /opt/airflow/dags
[2026-08-06T09:17:19.985+0000] {manager.py:740} INFO - There are 1 files in /opt/airflow/dags
[2026-08-06T09:17:47.907+0000] {manager.py:878} INFO - 
================================================================================
DAG File Processing Stats

File Path                           PID    Runtime      # DAGs    # Errors  Last Runtime    Last Run
----------------------------------  -----  ---------  --------  ----------  --------------  -------------------
/opt/airflow/dags/fraud_dbt_dag.py                           1           0  0.38s           2026-08-06T09:17:17
================================================================================
[2026-08-06T09:18:18.439+0000] {manager.py:878} INFO - 
================================================================================
DAG File Processing Stats

File Path                             PID  Runtime      # DAGs    # Errors  Last Runtime    Last Run
----------------------------------  -----  ---------  --------  ----------  --------------  -------------------
/opt/airflow/dags/fraud_dbt_dag.py   1144  0.01s             1           0  0.24s           2026-08-06T09:17:48
================================================================================
[2026-08-06T09:18:48.854+0000] {manager.py:878} INFO - 
================================================================================
DAG File Processing Stats

File Path                             PID  Runtime      # DAGs    # Errors  Last Runtime    Last Run
----------------------------------  -----  ---------  --------  ----------  --------------  -------------------
/opt/airflow/dags/fraud_dbt_dag.py   1149  0.01s             1           0  0.27s           2026-08-06T09:18:18
================================================================================
[2026-08-06T09:19:19.136+0000] {manager.py:878} INFO - 
================================================================================
DAG File Processing Stats

File Path                             PID  Runtime      # DAGs    # Errors  Last Runtime    Last Run
----------------------------------  -----  ---------  --------  ----------  --------------  -------------------
/opt/airflow/dags/fraud_dbt_dag.py   1173  0.01s             1           0  0.19s           2026-08-06T09:18:49
================================================================================
[2026-08-06T09:19:49.481+0000] {manager.py:878} INFO - 
================================================================================
DAG File Processing Stats

File Path                             PID  Runtime      # DAGs    # Errors  Last Runtime    Last Run
----------------------------------  -----  ---------  --------  ----------  --------------  -------------------
/opt/airflow/dags/fraud_dbt_dag.py   1178  0.01s             1           0  0.33s           2026-08-06T09:19:19
================================================================================
[2026-08-06T09:20:19.930+0000] {manager.py:878} INFO - 
================================================================================
DAG File Processing Stats

File Path                             PID  Runtime      # DAGs    # Errors  Last Runtime    Last Run
----------------------------------  -----  ---------  --------  ----------  --------------  -------------------
/opt/airflow/dags/fraud_dbt_dag.py   1183  0.02s             1           0  0.32s           2026-08-06T09:19:49
================================================================================
[2026-08-06T09:20:50.175+0000] {manager.py:878} INFO - 
================================================================================
DAG File Processing Stats

File Path                           PID    Runtime      # DAGs    # Errors  Last Runtime    Last Run
----------------------------------  -----  ---------  --------  ----------  --------------  -------------------
/opt/airflow/dags/fraud_dbt_dag.py                           1           0  0.60s           2026-08-06T09:20:20
================================================================================
[2026-08-06T09:21:20.393+0000] {manager.py:878} INFO - 
================================================================================
DAG File Processing Stats

File Path                           PID    Runtime      # DAGs    # Errors  Last Runtime    Last Run
----------------------------------  -----  ---------  --------  ----------  --------------  -------------------
/opt/airflow/dags/fraud_dbt_dag.py                           1           0  0.54s           2026-08-06T09:20:51
================================================================================
[2026-08-06T09:21:50.666+0000] {manager.py:878} INFO - 
================================================================================
DAG File Processing Stats

File Path                           PID    Runtime      # DAGs    # Errors  Last Runtime    Last Run
----------------------------------  -----  ---------  --------  ----------  --------------  -------------------
/opt/airflow/dags/fraud_dbt_dag.py                           1           0  0.57s           2026-08-06T09:21:21
================================================================================
[2026-08-06T09:22:20.403+0000] {manager.py:737} INFO - Searching for files in /opt/airflow/dags
[2026-08-06T09:22:20.405+0000] {manager.py:740} INFO - There are 1 files in /opt/airflow/dags
[2026-08-06T09:22:20.806+0000] {manager.py:878} INFO - 
================================================================================
DAG File Processing Stats

File Path                           PID    Runtime      # DAGs    # Errors  Last Runtime    Last Run
----------------------------------  -----  ---------  --------  ----------  --------------  -------------------
/opt/airflow/dags/fraud_dbt_dag.py                           1           0  0.44s           2026-08-06T09:21:52
================================================================================
[2026-08-06T09:22:51.047+0000] {manager.py:878} INFO - 
================================================================================
DAG File Processing Stats

File Path                           PID    Runtime      # DAGs    # Errors  Last Runtime    Last Run
----------------------------------  -----  ---------  --------  ----------  --------------  -------------------
/opt/airflow/dags/fraud_dbt_dag.py                           1           0  0.25s           2026-08-06T09:22:23
================================================================================
[2026-08-06T09:23:21.510+0000] {manager.py:878} INFO - 
================================================================================
DAG File Processing Stats

File Path                           PID    Runtime      # DAGs    # Errors  Last Runtime    Last Run
----------------------------------  -----  ---------  --------  ----------  --------------  -------------------
/opt/airflow/dags/fraud_dbt_dag.py                           1           0  0.31s           2026-08-06T09:22:53
================================================================================
[2026-08-06T09:23:51.996+0000] {manager.py:878} INFO - 
================================================================================
DAG File Processing Stats

File Path                           PID    Runtime      # DAGs    # Errors  Last Runtime    Last Run
----------------------------------  -----  ---------  --------  ----------  --------------  -------------------
/opt/airflow/dags/fraud_dbt_dag.py                           1           0  0.36s           2026-08-06T09:23:24
================================================================================
[2026-08-06T09:24:22.568+0000] {manager.py:878} INFO - 
================================================================================
DAG File Processing Stats

File Path                           PID    Runtime      # DAGs    # Errors  Last Runtime    Last Run
----------------------------------  -----  ---------  --------  ----------  --------------  -------------------
/opt/airflow/dags/fraud_dbt_dag.py                           1           0  0.35s           2026-08-06T09:23:54
================================================================================
[2026-08-06T09:24:53.149+0000] {manager.py:878} INFO - 
================================================================================
DAG File Processing Stats

File Path                           PID    Runtime      # DAGs    # Errors  Last Runtime    Last Run
----------------------------------  -----  ---------  --------  ----------  --------------  -------------------
/opt/airflow/dags/fraud_dbt_dag.py                           1           0  0.31s           2026-08-06T09:24:25
================================================================================
[2026-08-06T09:25:23.620+0000] {manager.py:878} INFO - 
================================================================================
DAG File Processing Stats

File Path                           PID    Runtime      # DAGs    # Errors  Last Runtime    Last Run
----------------------------------  -----  ---------  --------  ----------  --------------  -------------------
/opt/airflow/dags/fraud_dbt_dag.py                           1           0  0.39s           2026-08-06T09:24:55
================================================================================
[2026-08-06T09:25:54.193+0000] {manager.py:878} INFO - 
================================================================================
DAG File Processing Stats

File Path                           PID    Runtime      # DAGs    # Errors  Last Runtime    Last Run
----------------------------------  -----  ---------  --------  ----------  --------------  -------------------
/opt/airflow/dags/fraud_dbt_dag.py                           1           0  0.42s           2026-08-06T09:25:26
================================================================================
[2026-08-06T09:26:24.839+0000] {manager.py:878} INFO - 
================================================================================
DAG File Processing Stats

File Path                           PID    Runtime      # DAGs    # Errors  Last Runtime    Last Run
----------------------------------  -----  ---------  --------  ----------  --------------  -------------------
/opt/airflow/dags/fraud_dbt_dag.py                           1           0  0.32s           2026-08-06T09:25:56
================================================================================
[2026-08-06T09:26:55.371+0000] {manager.py:878} INFO - 
================================================================================
DAG File Processing Stats

File Path                           PID    Runtime      # DAGs    # Errors  Last Runtime    Last Run
----------------------------------  -----  ---------  --------  ----------  --------------  -------------------
/opt/airflow/dags/fraud_dbt_dag.py                           1           0  0.33s           2026-08-06T09:26:27
================================================================================
[2026-08-06T09:27:20.879+0000] {manager.py:737} INFO - Searching for files in /opt/airflow/dags
[2026-08-06T09:27:20.882+0000] {manager.py:740} INFO - There are 1 files in /opt/airflow/dags
[2026-08-06T09:27:25.934+0000] {manager.py:878} INFO - 
================================================================================
DAG File Processing Stats

File Path                           PID    Runtime      # DAGs    # Errors  Last Runtime    Last Run
----------------------------------  -----  ---------  --------  ----------  --------------  -------------------
/opt/airflow/dags/fraud_dbt_dag.py                           1           0  0.33s           2026-08-06T09:26:58
================================================================================
[2026-08-06T09:27:55.900+0000] {manager.py:452} INFO - Exiting gracefully upon receiving signal 15
[2026-08-06T09:29:54.824+0000] {manager.py:470} INFO - Processing files using up to 2 processes at a time 
[2026-08-06T09:29:54.831+0000] {manager.py:471} INFO - Process each file at most once every 30 seconds
[2026-08-06T09:29:54.831+0000] {manager.py:472} INFO - Checking for new files in /opt/airflow/dags every 300 seconds
[2026-08-06T09:29:54.832+0000] {manager.py:737} INFO - Searching for files in /opt/airflow/dags
[2026-08-06T09:29:54.837+0000] {manager.py:740} INFO - There are 1 files in /opt/airflow/dags
[2026-08-06T09:29:55.091+0000] {manager.py:878} INFO - 
================================================================================
DAG File Processing Stats

File Path                             PID  Runtime      # DAGs    # Errors  Last Runtime    Last Run
----------------------------------  -----  ---------  --------  ----------  --------------  ----------
/opt/airflow/dags/fraud_dbt_dag.py    229  0.08s             0           0
================================================================================
[2026-08-06T09:30:25.242+0000] {manager.py:878} INFO - 
================================================================================
DAG File Processing Stats

File Path                           PID    Runtime      # DAGs    # Errors  Last Runtime    Last Run
----------------------------------  -----  ---------  --------  ----------  --------------  -------------------
/opt/airflow/dags/fraud_dbt_dag.py                           1           0  0.57s           2026-08-06T09:29:55
================================================================================
[2026-08-06T09:30:55.926+0000] {manager.py:878} INFO - 
================================================================================
DAG File Processing Stats

File Path                           PID    Runtime      # DAGs    # Errors  Last Runtime    Last Run
----------------------------------  -----  ---------  --------  ----------  --------------  -------------------
/opt/airflow/dags/fraud_dbt_dag.py                           1           0  0.21s           2026-08-06T09:30:25
================================================================================
[2026-08-06T09:31:26.388+0000] {manager.py:878} INFO - 
================================================================================
DAG File Processing Stats

File Path                           PID    Runtime      # DAGs    # Errors  Last Runtime    Last Run
----------------------------------  -----  ---------  --------  ----------  --------------  -------------------
/opt/airflow/dags/fraud_dbt_dag.py                           1           0  0.30s           2026-08-06T09:30:56
================================================================================
[2026-08-06T09:31:56.915+0000] {manager.py:878} INFO - 
================================================================================
DAG File Processing Stats

File Path                             PID  Runtime      # DAGs    # Errors  Last Runtime    Last Run
----------------------------------  -----  ---------  --------  ----------  --------------  -------------------
/opt/airflow/dags/fraud_dbt_dag.py    282  0.01s             1           0  0.22s           2026-08-06T09:31:26
================================================================================
[2026-08-06T09:32:27.329+0000] {manager.py:878} INFO - 
================================================================================
DAG File Processing Stats

File Path                             PID  Runtime      # DAGs    # Errors  Last Runtime    Last Run
----------------------------------  -----  ---------  --------  ----------  --------------  -------------------
/opt/airflow/dags/fraud_dbt_dag.py    287  0.02s             1           0  0.24s           2026-08-06T09:31:57
================================================================================
[2026-08-06T09:32:57.567+0000] {manager.py:878} INFO - 
================================================================================
DAG File Processing Stats

File Path                           PID    Runtime      # DAGs    # Errors  Last Runtime    Last Run
----------------------------------  -----  ---------  --------  ----------  --------------  -------------------
/opt/airflow/dags/fraud_dbt_dag.py                           1           0  0.29s           2026-08-06T09:32:27
================================================================================
[2026-08-06T09:33:28.038+0000] {manager.py:878} INFO - 
================================================================================
DAG File Processing Stats

File Path                           PID    Runtime      # DAGs    # Errors  Last Runtime    Last Run
----------------------------------  -----  ---------  --------  ----------  --------------  -------------------
/opt/airflow/dags/fraud_dbt_dag.py                           1           0  0.37s           2026-08-06T09:32:58
================================================================================
[2026-08-06T09:33:58.635+0000] {manager.py:878} INFO - 
================================================================================
DAG File Processing Stats

File Path                           PID    Runtime      # DAGs    # Errors  Last Runtime    Last Run
----------------------------------  -----  ---------  --------  ----------  --------------  -------------------
/opt/airflow/dags/fraud_dbt_dag.py                           1           0  0.24s           2026-08-06T09:33:28
================================================================================
[2026-08-06T09:34:29.080+0000] {manager.py:878} INFO - 
================================================================================
DAG File Processing Stats

File Path                           PID    Runtime      # DAGs    # Errors  Last Runtime    Last Run
----------------------------------  -----  ---------  --------  ----------  --------------  -------------------
/opt/airflow/dags/fraud_dbt_dag.py                           1           0  0.27s           2026-08-06T09:33:59
================================================================================
[2026-08-06T09:34:54.893+0000] {manager.py:737} INFO - Searching for files in /opt/airflow/dags
[2026-08-06T09:34:54.895+0000] {manager.py:740} INFO - There are 1 files in /opt/airflow/dags
[2026-08-06T09:34:59.544+0000] {manager.py:878} INFO - 
================================================================================
DAG File Processing Stats

File Path                           PID    Runtime      # DAGs    # Errors  Last Runtime    Last Run
----------------------------------  -----  ---------  --------  ----------  --------------  -------------------
/opt/airflow/dags/fraud_dbt_dag.py                           1           0  0.40s           2026-08-06T09:34:29
================================================================================
[2026-08-06T09:35:30.125+0000] {manager.py:878} INFO - 
================================================================================
DAG File Processing Stats

File Path                           PID    Runtime      # DAGs    # Errors  Last Runtime    Last Run
----------------------------------  -----  ---------  --------  ----------  --------------  -------------------
/opt/airflow/dags/fraud_dbt_dag.py                           1           0  0.24s           2026-08-06T09:35:00
================================================================================
[2026-08-06T09:36:00.530+0000] {manager.py:878} INFO - 
================================================================================
DAG File Processing Stats

File Path                           PID    Runtime      # DAGs    # Errors  Last Runtime    Last Run
----------------------------------  -----  ---------  --------  ----------  --------------  -------------------
/opt/airflow/dags/fraud_dbt_dag.py                           1           0  0.24s           2026-08-06T09:35:30
================================================================================
[2026-08-06T09:36:30.912+0000] {manager.py:878} INFO - 
================================================================================
DAG File Processing Stats

File Path                           PID    Runtime      # DAGs    # Errors  Last Runtime    Last Run
----------------------------------  -----  ---------  --------  ----------  --------------  -------------------
/opt/airflow/dags/fraud_dbt_dag.py                           1           0  0.31s           2026-08-06T09:36:01
================================================================================
[2026-08-06T09:37:01.395+0000] {manager.py:878} INFO - 
================================================================================
DAG File Processing Stats

File Path                           PID    Runtime      # DAGs    # Errors  Last Runtime    Last Run
----------------------------------  -----  ---------  --------  ----------  --------------  -------------------
/opt/airflow/dags/fraud_dbt_dag.py                           1           0  0.25s           2026-08-06T09:36:31
================================================================================
[2026-08-06T09:37:31.848+0000] {manager.py:878} INFO - 
================================================================================
DAG File Processing Stats

File Path                           PID    Runtime      # DAGs    # Errors  Last Runtime    Last Run
----------------------------------  -----  ---------  --------  ----------  --------------  -------------------
/opt/airflow/dags/fraud_dbt_dag.py                           1           0  0.28s           2026-08-06T09:37:01
================================================================================
[2026-08-06T09:38:02.351+0000] {manager.py:878} INFO - 
================================================================================
DAG File Processing Stats

File Path                           PID    Runtime      # DAGs    # Errors  Last Runtime    Last Run
----------------------------------  -----  ---------  --------  ----------  --------------  -------------------
/opt/airflow/dags/fraud_dbt_dag.py                           1           0  0.44s           2026-08-06T09:37:32
================================================================================
[2026-08-06T09:38:32.961+0000] {manager.py:878} INFO - 
================================================================================
DAG File Processing Stats

File Path                           PID    Runtime      # DAGs    # Errors  Last Runtime    Last Run
----------------------------------  -----  ---------  --------  ----------  --------------  -------------------
/opt/airflow/dags/fraud_dbt_dag.py                           1           0  0.34s           2026-08-06T09:38:03
================================================================================
[2026-08-06T09:39:03.535+0000] {manager.py:878} INFO - 
================================================================================
DAG File Processing Stats

File Path                           PID    Runtime      # DAGs    # Errors  Last Runtime    Last Run
----------------------------------  -----  ---------  --------  ----------  --------------  -------------------
/opt/airflow/dags/fraud_dbt_dag.py                           1           0  0.38s           2026-08-06T09:38:33
================================================================================
[2026-08-06T09:39:34.067+0000] {manager.py:878} INFO - 
================================================================================
DAG File Processing Stats

File Path                           PID    Runtime      # DAGs    # Errors  Last Runtime    Last Run
----------------------------------  -----  ---------  --------  ----------  --------------  -------------------
/opt/airflow/dags/fraud_dbt_dag.py                           1           0  0.24s           2026-08-06T09:39:04
================================================================================
[2026-08-06T09:39:55.412+0000] {manager.py:737} INFO - Searching for files in /opt/airflow/dags
[2026-08-06T09:39:55.414+0000] {manager.py:740} INFO - There are 1 files in /opt/airflow/dags
[2026-08-06T09:40:04.491+0000] {manager.py:878} INFO - 
================================================================================
DAG File Processing Stats

File Path                           PID    Runtime      # DAGs    # Errors  Last Runtime    Last Run
----------------------------------  -----  ---------  --------  ----------  --------------  -------------------
/opt/airflow/dags/fraud_dbt_dag.py                           1           0  0.24s           2026-08-06T09:39:34
================================================================================
[2026-08-06T09:40:34.906+0000] {manager.py:878} INFO - 
================================================================================
DAG File Processing Stats

File Path                           PID    Runtime      # DAGs    # Errors  Last Runtime    Last Run
----------------------------------  -----  ---------  --------  ----------  --------------  -------------------
/opt/airflow/dags/fraud_dbt_dag.py                           1           0  0.21s           2026-08-06T09:40:04
================================================================================
[2026-08-06T09:41:05.297+0000] {manager.py:878} INFO - 
================================================================================
DAG File Processing Stats

File Path                           PID    Runtime      # DAGs    # Errors  Last Runtime    Last Run
----------------------------------  -----  ---------  --------  ----------  --------------  -------------------
/opt/airflow/dags/fraud_dbt_dag.py                           1           0  0.28s           2026-08-06T09:40:35
================================================================================
[2026-08-06T09:41:35.774+0000] {manager.py:878} INFO - 
================================================================================
DAG File Processing Stats

File Path                           PID    Runtime      # DAGs    # Errors  Last Runtime    Last Run
----------------------------------  -----  ---------  --------  ----------  --------------  -------------------
/opt/airflow/dags/fraud_dbt_dag.py                           1           0  0.32s           2026-08-06T09:41:05
================================================================================
[2026-08-06T09:42:06.315+0000] {manager.py:878} INFO - 
================================================================================
DAG File Processing Stats

File Path                           PID    Runtime      # DAGs    # Errors  Last Runtime    Last Run
----------------------------------  -----  ---------  --------  ----------  --------------  -------------------
/opt/airflow/dags/fraud_dbt_dag.py                           1           0  0.31s           2026-08-06T09:41:36
================================================================================
[2026-08-06T09:42:36.782+0000] {manager.py:878} INFO - 
================================================================================
DAG File Processing Stats

File Path                           PID    Runtime      # DAGs    # Errors  Last Runtime    Last Run
----------------------------------  -----  ---------  --------  ----------  --------------  -------------------
/opt/airflow/dags/fraud_dbt_dag.py                           1           0  0.27s           2026-08-06T09:42:06
================================================================================
[2026-08-06T09:43:07.257+0000] {manager.py:878} INFO - 
================================================================================
DAG File Processing Stats

File Path                           PID    Runtime      # DAGs    # Errors  Last Runtime    Last Run
----------------------------------  -----  ---------  --------  ----------  --------------  -------------------
/opt/airflow/dags/fraud_dbt_dag.py                           1           0  0.32s           2026-08-06T09:42:37
================================================================================
[2026-08-06T09:43:37.784+0000] {manager.py:878} INFO - 
================================================================================
DAG File Processing Stats

File Path                           PID    Runtime      # DAGs    # Errors  Last Runtime    Last Run
----------------------------------  -----  ---------  --------  ----------  --------------  -------------------
/opt/airflow/dags/fraud_dbt_dag.py                           1           0  0.33s           2026-08-06T09:43:07
================================================================================
[2026-08-06T09:44:08.328+0000] {manager.py:878} INFO - 
================================================================================
DAG File Processing Stats

File Path                             PID  Runtime      # DAGs    # Errors  Last Runtime    Last Run
----------------------------------  -----  ---------  --------  ----------  --------------  -------------------
/opt/airflow/dags/fraud_dbt_dag.py    570  0.01s             1           0  0.20s           2026-08-06T09:43:38
================================================================================
[2026-08-06T09:44:38.712+0000] {manager.py:878} INFO - 
================================================================================
DAG File Processing Stats

File Path                             PID  Runtime      # DAGs    # Errors  Last Runtime    Last Run
----------------------------------  -----  ---------  --------  ----------  --------------  -------------------
/opt/airflow/dags/fraud_dbt_dag.py    575  0.01s             1           0  0.24s           2026-08-06T09:44:08
================================================================================
[2026-08-06T09:44:55.867+0000] {manager.py:737} INFO - Searching for files in /opt/airflow/dags
[2026-08-06T09:44:55.870+0000] {manager.py:740} INFO - There are 1 files in /opt/airflow/dags
[2026-08-06T09:45:09.000+0000] {manager.py:878} INFO - 
================================================================================
DAG File Processing Stats

File Path                             PID  Runtime      # DAGs    # Errors  Last Runtime    Last Run
----------------------------------  -----  ---------  --------  ----------  --------------  -------------------
/opt/airflow/dags/fraud_dbt_dag.py    587  0.01s             1           0  0.27s           2026-08-06T09:44:38
================================================================================
[2026-08-06T09:45:39.314+0000] {manager.py:878} INFO - 
================================================================================
DAG File Processing Stats

File Path                           PID    Runtime      # DAGs    # Errors  Last Runtime    Last Run
----------------------------------  -----  ---------  --------  ----------  --------------  -------------------
/opt/airflow/dags/fraud_dbt_dag.py                           1           0  0.46s           2026-08-06T09:45:09
================================================================================
[2026-08-06T09:46:09.458+0000] {manager.py:878} INFO - 
================================================================================
DAG File Processing Stats

File Path                           PID    Runtime      # DAGs    # Errors  Last Runtime    Last Run
----------------------------------  -----  ---------  --------  ----------  --------------  -------------------
/opt/airflow/dags/fraud_dbt_dag.py                           1           0  0.65s           2026-08-06T09:45:40
================================================================================
[2026-08-06T09:46:40.005+0000] {manager.py:878} INFO - 
================================================================================
DAG File Processing Stats

File Path                           PID    Runtime      # DAGs    # Errors  Last Runtime    Last Run
----------------------------------  -----  ---------  --------  ----------  --------------  -------------------
/opt/airflow/dags/fraud_dbt_dag.py                           1           0  0.50s           2026-08-06T09:46:10
================================================================================
[2026-08-06T09:47:10.370+0000] {manager.py:878} INFO - 
================================================================================
DAG File Processing Stats

File Path                           PID    Runtime      # DAGs    # Errors  Last Runtime    Last Run
----------------------------------  -----  ---------  --------  ----------  --------------  -------------------
/opt/airflow/dags/fraud_dbt_dag.py                           1           0  0.45s           2026-08-06T09:46:41
================================================================================
[2026-08-06T09:47:40.893+0000] {manager.py:878} INFO - 
================================================================================
DAG File Processing Stats

File Path                           PID    Runtime      # DAGs    # Errors  Last Runtime    Last Run
----------------------------------  -----  ---------  --------  ----------  --------------  -------------------
/opt/airflow/dags/fraud_dbt_dag.py                           1           0  0.40s           2026-08-06T09:47:12
================================================================================
[2026-08-06T09:48:11.432+0000] {manager.py:878} INFO - 
================================================================================
DAG File Processing Stats

File Path                           PID    Runtime      # DAGs    # Errors  Last Runtime    Last Run
----------------------------------  -----  ---------  --------  ----------  --------------  -------------------
/opt/airflow/dags/fraud_dbt_dag.py                           1           0  0.37s           2026-08-06T09:47:42
================================================================================
[2026-08-06T09:48:42.017+0000] {manager.py:878} INFO - 
================================================================================
DAG File Processing Stats

File Path                           PID    Runtime      # DAGs    # Errors  Last Runtime    Last Run
----------------------------------  -----  ---------  --------  ----------  --------------  -------------------
/opt/airflow/dags/fraud_dbt_dag.py                           1           0  0.44s           2026-08-06T09:48:13
================================================================================
[2026-08-06T09:49:12.080+0000] {manager.py:878} INFO - 
================================================================================
DAG File Processing Stats

File Path                           PID    Runtime      # DAGs    # Errors  Last Runtime    Last Run
----------------------------------  -----  ---------  --------  ----------  --------------  -------------------
/opt/airflow/dags/fraud_dbt_dag.py                           1           0  0.44s           2026-08-06T09:48:43
================================================================================
[2026-08-06T09:49:42.291+0000] {manager.py:878} INFO - 
================================================================================
DAG File Processing Stats

File Path                           PID    Runtime      # DAGs    # Errors  Last Runtime    Last Run
----------------------------------  -----  ---------  --------  ----------  --------------  -------------------
/opt/airflow/dags/fraud_dbt_dag.py                           1           0  0.45s           2026-08-06T09:49:14
================================================================================
[2026-08-06T09:49:56.287+0000] {manager.py:737} INFO - Searching for files in /opt/airflow/dags
[2026-08-06T09:49:56.290+0000] {manager.py:740} INFO - There are 1 files in /opt/airflow/dags
[2026-08-06T09:50:12.405+0000] {manager.py:878} INFO - 
================================================================================
DAG File Processing Stats

File Path                           PID    Runtime      # DAGs    # Errors  Last Runtime    Last Run
----------------------------------  -----  ---------  --------  ----------  --------------  -------------------
/opt/airflow/dags/fraud_dbt_dag.py                           1           0  0.47s           2026-08-06T09:49:45
================================================================================
[2026-08-06T09:50:42.614+0000] {manager.py:878} INFO - 
================================================================================
DAG File Processing Stats

File Path                           PID    Runtime      # DAGs    # Errors  Last Runtime    Last Run
----------------------------------  -----  ---------  --------  ----------  --------------  -------------------
/opt/airflow/dags/fraud_dbt_dag.py                           1           0  0.48s           2026-08-06T09:50:15
================================================================================
[2026-08-06T09:51:12.688+0000] {manager.py:878} INFO - 
================================================================================
DAG File Processing Stats

File Path                           PID    Runtime      # DAGs    # Errors  Last Runtime    Last Run
----------------------------------  -----  ---------  --------  ----------  --------------  -------------------
/opt/airflow/dags/fraud_dbt_dag.py                           1           0  0.42s           2026-08-06T09:50:46
================================================================================
[2026-08-06T09:51:42.888+0000] {manager.py:878} INFO - 
================================================================================
DAG File Processing Stats

File Path                           PID    Runtime      # DAGs    # Errors  Last Runtime    Last Run
----------------------------------  -----  ---------  --------  ----------  --------------  -------------------
/opt/airflow/dags/fraud_dbt_dag.py                           1           0  0.52s           2026-08-06T09:51:17
================================================================================
[2026-08-06T09:52:13.046+0000] {manager.py:878} INFO - 
================================================================================
DAG File Processing Stats

File Path                           PID    Runtime      # DAGs    # Errors  Last Runtime    Last Run
----------------------------------  -----  ---------  --------  ----------  --------------  -------------------
/opt/airflow/dags/fraud_dbt_dag.py                           1           0  0.41s           2026-08-06T09:51:47
================================================================================
[2026-08-06T09:52:43.244+0000] {manager.py:878} INFO - 
================================================================================
DAG File Processing Stats

File Path                           PID    Runtime      # DAGs    # Errors  Last Runtime    Last Run
----------------------------------  -----  ---------  --------  ----------  --------------  -------------------
/opt/airflow/dags/fraud_dbt_dag.py                           1           0  0.46s           2026-08-06T09:52:18
================================================================================
[2026-08-06T09:53:13.326+0000] {manager.py:878} INFO - 
================================================================================
DAG File Processing Stats

File Path                           PID    Runtime      # DAGs    # Errors  Last Runtime    Last Run
----------------------------------  -----  ---------  --------  ----------  --------------  -------------------
/opt/airflow/dags/fraud_dbt_dag.py                           1           0  0.44s           2026-08-06T09:52:49
================================================================================
[2026-08-06T09:53:43.550+0000] {manager.py:878} INFO - 
================================================================================
DAG File Processing Stats

File Path                           PID    Runtime      # DAGs    # Errors  Last Runtime    Last Run
----------------------------------  -----  ---------  --------  ----------  --------------  -------------------
/opt/airflow/dags/fraud_dbt_dag.py                           1           0  0.39s           2026-08-06T09:53:19
================================================================================
[2026-08-06T09:54:14.116+0000] {manager.py:878} INFO - 
================================================================================
DAG File Processing Stats

File Path                           PID    Runtime      # DAGs    # Errors  Last Runtime    Last Run
----------------------------------  -----  ---------  --------  ----------  --------------  -------------------
/opt/airflow/dags/fraud_dbt_dag.py                           1           0  0.37s           2026-08-06T09:53:50
================================================================================
[2026-08-06T09:54:44.730+0000] {manager.py:878} INFO - 
================================================================================
DAG File Processing Stats

File Path                           PID    Runtime      # DAGs    # Errors  Last Runtime    Last Run
----------------------------------  -----  ---------  --------  ----------  --------------  -------------------
/opt/airflow/dags/fraud_dbt_dag.py                           1           0  0.38s           2026-08-06T09:54:20
================================================================================
[2026-08-06T09:54:56.637+0000] {manager.py:737} INFO - Searching for files in /opt/airflow/dags
[2026-08-06T09:54:56.640+0000] {manager.py:740} INFO - There are 1 files in /opt/airflow/dags
[2026-08-06T09:55:14.816+0000] {manager.py:878} INFO - 
================================================================================
DAG File Processing Stats

File Path                           PID    Runtime      # DAGs    # Errors  Last Runtime    Last Run
----------------------------------  -----  ---------  --------  ----------  --------------  -------------------
/opt/airflow/dags/fraud_dbt_dag.py                           1           0  0.46s           2026-08-06T09:54:51
================================================================================
[2026-08-06T09:55:45.520+0000] {manager.py:878} INFO - 
================================================================================
DAG File Processing Stats

File Path                           PID    Runtime      # DAGs    # Errors  Last Runtime    Last Run
----------------------------------  -----  ---------  --------  ----------  --------------  -------------------
/opt/airflow/dags/fraud_dbt_dag.py                           1           0  0.50s           2026-08-06T09:55:22
================================================================================
[2026-08-06T09:56:15.769+0000] {manager.py:878} INFO - 
================================================================================
DAG File Processing Stats

File Path                           PID    Runtime      # DAGs    # Errors  Last Runtime    Last Run
----------------------------------  -----  ---------  --------  ----------  --------------  -------------------
/opt/airflow/dags/fraud_dbt_dag.py                           1           0  0.52s           2026-08-06T09:55:53
================================================================================
[2026-08-06T09:56:45.881+0000] {manager.py:878} INFO - 
================================================================================
DAG File Processing Stats

File Path                           PID    Runtime      # DAGs    # Errors  Last Runtime    Last Run
----------------------------------  -----  ---------  --------  ----------  --------------  -------------------
/opt/airflow/dags/fraud_dbt_dag.py                           1           0  0.42s           2026-08-06T09:56:23
================================================================================
[2026-08-06T09:57:16.100+0000] {manager.py:878} INFO - 
================================================================================
DAG File Processing Stats

File Path                           PID    Runtime      # DAGs    # Errors  Last Runtime    Last Run
----------------------------------  -----  ---------  --------  ----------  --------------  -------------------
/opt/airflow/dags/fraud_dbt_dag.py                           1           0  0.42s           2026-08-06T09:56:54
================================================================================
[2026-08-06T09:57:46.242+0000] {manager.py:878} INFO - 
================================================================================
DAG File Processing Stats

File Path                           PID    Runtime      # DAGs    # Errors  Last Runtime    Last Run
----------------------------------  -----  ---------  --------  ----------  --------------  -------------------
/opt/airflow/dags/fraud_dbt_dag.py                           1           0  0.53s           2026-08-06T09:57:25
================================================================================
[2026-08-06T09:58:16.919+0000] {manager.py:878} INFO - 
================================================================================
DAG File Processing Stats

File Path                           PID    Runtime      # DAGs    # Errors  Last Runtime    Last Run
----------------------------------  -----  ---------  --------  ----------  --------------  -------------------
/opt/airflow/dags/fraud_dbt_dag.py                           1           0  0.51s           2026-08-06T09:57:55
================================================================================
[2026-08-06T09:58:47.133+0000] {manager.py:878} INFO - 
================================================================================
DAG File Processing Stats

File Path                           PID    Runtime      # DAGs    # Errors  Last Runtime    Last Run
----------------------------------  -----  ---------  --------  ----------  --------------  -------------------
/opt/airflow/dags/fraud_dbt_dag.py                           1           0  0.34s           2026-08-06T09:58:26
================================================================================
[2026-08-06T09:59:17.657+0000] {manager.py:878} INFO - 
================================================================================
DAG File Processing Stats

File Path                           PID    Runtime      # DAGs    # Errors  Last Runtime    Last Run
----------------------------------  -----  ---------  --------  ----------  --------------  -------------------
/opt/airflow/dags/fraud_dbt_dag.py                           1           0  0.41s           2026-08-06T09:58:56
================================================================================
[2026-08-06T09:59:47.684+0000] {manager.py:878} INFO - 
================================================================================
DAG File Processing Stats

File Path                           PID    Runtime      # DAGs    # Errors  Last Runtime    Last Run
----------------------------------  -----  ---------  --------  ----------  --------------  -------------------
/opt/airflow/dags/fraud_dbt_dag.py                           1           0  0.42s           2026-08-06T09:59:27
================================================================================
[2026-08-06T09:59:56.738+0000] {manager.py:737} INFO - Searching for files in /opt/airflow/dags
[2026-08-06T09:59:56.739+0000] {manager.py:740} INFO - There are 1 files in /opt/airflow/dags
[2026-08-06T10:00:17.881+0000] {manager.py:878} INFO - 
================================================================================
DAG File Processing Stats

File Path                           PID    Runtime      # DAGs    # Errors  Last Runtime    Last Run
----------------------------------  -----  ---------  --------  ----------  --------------  -------------------
/opt/airflow/dags/fraud_dbt_dag.py                           1           0  0.44s           2026-08-06T09:59:58
================================================================================
[2026-08-06T10:00:47.919+0000] {manager.py:878} INFO - 
================================================================================
DAG File Processing Stats

File Path                           PID    Runtime      # DAGs    # Errors  Last Runtime    Last Run
----------------------------------  -----  ---------  --------  ----------  --------------  -------------------
/opt/airflow/dags/fraud_dbt_dag.py                           1           0  0.39s           2026-08-06T10:00:28
================================================================================
[2026-08-06T10:01:18.155+0000] {manager.py:878} INFO - 
================================================================================
DAG File Processing Stats

File Path                           PID    Runtime      # DAGs    # Errors  Last Runtime    Last Run
----------------------------------  -----  ---------  --------  ----------  --------------  -------------------
/opt/airflow/dags/fraud_dbt_dag.py                           1           0  0.27s           2026-08-06T10:00:59
================================================================================
[2026-08-06T10:01:48.639+0000] {manager.py:878} INFO - 
================================================================================
DAG File Processing Stats

File Path                           PID    Runtime      # DAGs    # Errors  Last Runtime    Last Run
----------------------------------  -----  ---------  --------  ----------  --------------  -------------------
/opt/airflow/dags/fraud_dbt_dag.py                           1           0  0.47s           2026-08-06T10:01:29
================================================================================
[2026-08-06T10:02:19.315+0000] {manager.py:878} INFO - 
================================================================================
DAG File Processing Stats

File Path                           PID    Runtime      # DAGs    # Errors  Last Runtime    Last Run
----------------------------------  -----  ---------  --------  ----------  --------------  -------------------
/opt/airflow/dags/fraud_dbt_dag.py                           1           0  0.31s           2026-08-06T10:02:00
================================================================================
[2026-08-06T10:02:49.855+0000] {manager.py:878} INFO - 
================================================================================
DAG File Processing Stats

File Path                           PID    Runtime      # DAGs    # Errors  Last Runtime    Last Run
----------------------------------  -----  ---------  --------  ----------  --------------  -------------------
/opt/airflow/dags/fraud_dbt_dag.py                           1           0  0.35s           2026-08-06T10:02:31
================================================================================
[2026-08-06T10:03:20.437+0000] {manager.py:878} INFO - 
================================================================================
DAG File Processing Stats

File Path                           PID    Runtime      # DAGs    # Errors  Last Runtime    Last Run
----------------------------------  -----  ---------  --------  ----------  --------------  -------------------
/opt/airflow/dags/fraud_dbt_dag.py                           1           0  0.46s           2026-08-06T10:03:01
================================================================================
[2026-08-06T10:03:51.093+0000] {manager.py:878} INFO - 
================================================================================
DAG File Processing Stats

File Path                           PID    Runtime      # DAGs    # Errors  Last Runtime    Last Run
----------------------------------  -----  ---------  --------  ----------  --------------  -------------------
/opt/airflow/dags/fraud_dbt_dag.py                           1           0  0.30s           2026-08-06T10:03:32
================================================================================
[2026-08-06T10:04:21.587+0000] {manager.py:878} INFO - 
================================================================================
DAG File Processing Stats

File Path                           PID    Runtime      # DAGs    # Errors  Last Runtime    Last Run
----------------------------------  -----  ---------  --------  ----------  --------------  -------------------
/opt/airflow/dags/fraud_dbt_dag.py                           1           0  0.29s           2026-08-06T10:04:02
================================================================================
[2026-08-06T10:04:52.082+0000] {manager.py:878} INFO - 
================================================================================
DAG File Processing Stats

File Path                           PID    Runtime      # DAGs    # Errors  Last Runtime    Last Run
----------------------------------  -----  ---------  --------  ----------  --------------  -------------------
/opt/airflow/dags/fraud_dbt_dag.py                           1           0  0.35s           2026-08-06T10:04:33
================================================================================
[2026-08-06T10:04:57.119+0000] {manager.py:737} INFO - Searching for files in /opt/airflow/dags
[2026-08-06T10:04:57.122+0000] {manager.py:740} INFO - There are 1 files in /opt/airflow/dags
[2026-08-06T10:05:22.627+0000] {manager.py:878} INFO - 
================================================================================
DAG File Processing Stats

File Path                           PID    Runtime      # DAGs    # Errors  Last Runtime    Last Run
----------------------------------  -----  ---------  --------  ----------  --------------  -------------------
/opt/airflow/dags/fraud_dbt_dag.py                           1           0  0.42s           2026-08-06T10:05:03
================================================================================
[2026-08-06T10:05:53.099+0000] {manager.py:878} INFO - 
================================================================================
DAG File Processing Stats

File Path                           PID    Runtime      # DAGs    # Errors  Last Runtime    Last Run
----------------------------------  -----  ---------  --------  ----------  --------------  -------------------
/opt/airflow/dags/fraud_dbt_dag.py                           1           0  0.32s           2026-08-06T10:05:34
================================================================================
[2026-08-06T10:06:23.366+0000] {manager.py:878} INFO - 
================================================================================
DAG File Processing Stats

File Path                           PID    Runtime      # DAGs    # Errors  Last Runtime    Last Run
----------------------------------  -----  ---------  --------  ----------  --------------  -------------------
/opt/airflow/dags/fraud_dbt_dag.py                           1           0  0.54s           2026-08-06T10:06:04
================================================================================
[2026-08-06T10:06:53.499+0000] {manager.py:878} INFO - 
================================================================================
DAG File Processing Stats

File Path                           PID    Runtime      # DAGs    # Errors  Last Runtime    Last Run
----------------------------------  -----  ---------  --------  ----------  --------------  -------------------
/opt/airflow/dags/fraud_dbt_dag.py                           1           0  0.42s           2026-08-06T10:06:35
================================================================================
[2026-08-06T10:07:23.737+0000] {manager.py:878} INFO - 
================================================================================
DAG File Processing Stats

File Path                           PID    Runtime      # DAGs    # Errors  Last Runtime    Last Run
----------------------------------  -----  ---------  --------  ----------  --------------  -------------------
/opt/airflow/dags/fraud_dbt_dag.py                           1           0  0.41s           2026-08-06T10:07:05
================================================================================
[2026-08-06T10:07:54.361+0000] {manager.py:878} INFO - 
================================================================================
DAG File Processing Stats

File Path                           PID    Runtime      # DAGs    # Errors  Last Runtime    Last Run
----------------------------------  -----  ---------  --------  ----------  --------------  -------------------
/opt/airflow/dags/fraud_dbt_dag.py                           1           0  0.34s           2026-08-06T10:07:36
================================================================================
[2026-08-06T10:08:24.939+0000] {manager.py:878} INFO - 
================================================================================
DAG File Processing Stats

File Path                           PID    Runtime      # DAGs    # Errors  Last Runtime    Last Run
----------------------------------  -----  ---------  --------  ----------  --------------  -------------------
/opt/airflow/dags/fraud_dbt_dag.py                           1           0  0.40s           2026-08-06T10:08:07
================================================================================
[2026-08-06T10:08:55.550+0000] {manager.py:878} INFO - 
================================================================================
DAG File Processing Stats

File Path                           PID    Runtime      # DAGs    # Errors  Last Runtime    Last Run
----------------------------------  -----  ---------  --------  ----------  --------------  -------------------
/opt/airflow/dags/fraud_dbt_dag.py                           1           0  0.35s           2026-08-06T10:08:37
================================================================================
[2026-08-06T10:09:26.092+0000] {manager.py:878} INFO - 
================================================================================
DAG File Processing Stats

File Path                           PID    Runtime      # DAGs    # Errors  Last Runtime    Last Run
----------------------------------  -----  ---------  --------  ----------  --------------  -------------------
/opt/airflow/dags/fraud_dbt_dag.py                           1           0  0.30s           2026-08-06T10:09:08
================================================================================
[2026-08-06T10:09:56.628+0000] {manager.py:878} INFO - 
================================================================================
DAG File Processing Stats

File Path                           PID    Runtime      # DAGs    # Errors  Last Runtime    Last Run
----------------------------------  -----  ---------  --------  ----------  --------------  -------------------
/opt/airflow/dags/fraud_dbt_dag.py                           1           0  0.34s           2026-08-06T10:09:38
================================================================================
[2026-08-06T10:09:57.635+0000] {manager.py:737} INFO - Searching for files in /opt/airflow/dags
[2026-08-06T10:09:57.639+0000] {manager.py:740} INFO - There are 1 files in /opt/airflow/dags
[2026-08-06T10:10:27.157+0000] {manager.py:878} INFO - 
================================================================================
DAG File Processing Stats

File Path                           PID    Runtime      # DAGs    # Errors  Last Runtime    Last Run
----------------------------------  -----  ---------  --------  ----------  --------------  -------------------
/opt/airflow/dags/fraud_dbt_dag.py                           1           0  0.35s           2026-08-06T10:10:09
================================================================================
[2026-08-06T10:10:57.730+0000] {manager.py:878} INFO - 
================================================================================
DAG File Processing Stats

File Path                           PID    Runtime      # DAGs    # Errors  Last Runtime    Last Run
----------------------------------  -----  ---------  --------  ----------  --------------  -------------------
/opt/airflow/dags/fraud_dbt_dag.py                           1           0  0.33s           2026-08-06T10:10:39
================================================================================
[2026-08-06T10:11:28.246+0000] {manager.py:878} INFO - 
================================================================================
DAG File Processing Stats

File Path                           PID    Runtime      # DAGs    # Errors  Last Runtime    Last Run
----------------------------------  -----  ---------  --------  ----------  --------------  -------------------
/opt/airflow/dags/fraud_dbt_dag.py                           1           0  0.26s           2026-08-06T10:11:10
================================================================================
[2026-08-06T10:11:58.698+0000] {manager.py:878} INFO - 
================================================================================
DAG File Processing Stats

File Path                           PID    Runtime      # DAGs    # Errors  Last Runtime    Last Run
----------------------------------  -----  ---------  --------  ----------  --------------  -------------------
/opt/airflow/dags/fraud_dbt_dag.py                           1           0  0.43s           2026-08-06T10:11:41
================================================================================
[2026-08-06T10:12:28.723+0000] {manager.py:878} INFO - 
================================================================================
DAG File Processing Stats

File Path                           PID    Runtime      # DAGs    # Errors  Last Runtime    Last Run
----------------------------------  -----  ---------  --------  ----------  --------------  -------------------
/opt/airflow/dags/fraud_dbt_dag.py                           1           0  0.38s           2026-08-06T10:12:11
================================================================================
[2026-08-06T10:12:58.926+0000] {manager.py:878} INFO - 
================================================================================
DAG File Processing Stats

File Path                           PID    Runtime      # DAGs    # Errors  Last Runtime    Last Run
----------------------------------  -----  ---------  --------  ----------  --------------  -------------------
/opt/airflow/dags/fraud_dbt_dag.py                           1           0  0.42s           2026-08-06T10:12:42
================================================================================
[2026-08-06T10:13:29.537+0000] {manager.py:878} INFO - 
================================================================================
DAG File Processing Stats

File Path                           PID    Runtime      # DAGs    # Errors  Last Runtime    Last Run
----------------------------------  -----  ---------  --------  ----------  --------------  -------------------
/opt/airflow/dags/fraud_dbt_dag.py                           1           0  0.25s           2026-08-06T10:13:12
================================================================================
[2026-08-06T10:13:59.975+0000] {manager.py:878} INFO - 
================================================================================
DAG File Processing Stats

File Path                           PID    Runtime      # DAGs    # Errors  Last Runtime    Last Run
----------------------------------  -----  ---------  --------  ----------  --------------  -------------------
/opt/airflow/dags/fraud_dbt_dag.py                           1           0  0.39s           2026-08-06T10:13:43
================================================================================
[2026-08-06T10:14:30.560+0000] {manager.py:878} INFO - 
================================================================================
DAG File Processing Stats

File Path                           PID    Runtime      # DAGs    # Errors  Last Runtime    Last Run
----------------------------------  -----  ---------  --------  ----------  --------------  -------------------
/opt/airflow/dags/fraud_dbt_dag.py                           1           0  0.29s           2026-08-06T10:14:13
================================================================================
[2026-08-06T10:14:58.039+0000] {manager.py:737} INFO - Searching for files in /opt/airflow/dags
[2026-08-06T10:14:58.043+0000] {manager.py:740} INFO - There are 1 files in /opt/airflow/dags
[2026-08-06T10:15:00.565+0000] {manager.py:878} INFO - 
================================================================================
DAG File Processing Stats

File Path                           PID    Runtime      # DAGs    # Errors  Last Runtime    Last Run
----------------------------------  -----  ---------  --------  ----------  --------------  -------------------
/opt/airflow/dags/fraud_dbt_dag.py                           1           0  0.51s           2026-08-06T10:14:44
================================================================================
[2026-08-06T10:15:30.757+0000] {manager.py:878} INFO - 
================================================================================
DAG File Processing Stats

File Path                           PID    Runtime      # DAGs    # Errors  Last Runtime    Last Run
----------------------------------  -----  ---------  --------  ----------  --------------  -------------------
/opt/airflow/dags/fraud_dbt_dag.py                           1           0  0.33s           2026-08-06T10:15:14
================================================================================
[2026-08-06T10:16:01.321+0000] {manager.py:878} INFO - 
================================================================================
DAG File Processing Stats

File Path                           PID    Runtime      # DAGs    # Errors  Last Runtime    Last Run
----------------------------------  -----  ---------  --------  ----------  --------------  -------------------
/opt/airflow/dags/fraud_dbt_dag.py                           1           0  0.31s           2026-08-06T10:15:45
================================================================================
[2026-08-06T10:16:31.821+0000] {manager.py:878} INFO - 
================================================================================
DAG File Processing Stats

File Path                           PID    Runtime      # DAGs    # Errors  Last Runtime    Last Run
----------------------------------  -----  ---------  --------  ----------  --------------  -------------------
/opt/airflow/dags/fraud_dbt_dag.py                           1           0  0.31s           2026-08-06T10:16:16
================================================================================
[2026-08-06T10:17:02.350+0000] {manager.py:878} INFO - 
================================================================================
DAG File Processing Stats

File Path                           PID    Runtime      # DAGs    # Errors  Last Runtime    Last Run
----------------------------------  -----  ---------  --------  ----------  --------------  -------------------
/opt/airflow/dags/fraud_dbt_dag.py                           1           0  0.30s           2026-08-06T10:16:46
================================================================================
[2026-08-06T10:17:32.878+0000] {manager.py:878} INFO - 
================================================================================
DAG File Processing Stats

File Path                           PID    Runtime      # DAGs    # Errors  Last Runtime    Last Run
----------------------------------  -----  ---------  --------  ----------  --------------  -------------------
/opt/airflow/dags/fraud_dbt_dag.py                           1           0  0.29s           2026-08-06T10:17:17
================================================================================
[2026-08-06T10:18:03.371+0000] {manager.py:878} INFO - 
================================================================================
DAG File Processing Stats

File Path                           PID    Runtime      # DAGs    # Errors  Last Runtime    Last Run
----------------------------------  -----  ---------  --------  ----------  --------------  -------------------
/opt/airflow/dags/fraud_dbt_dag.py                           1           0  0.29s           2026-08-06T10:17:47
================================================================================
[2026-08-06T10:18:33.899+0000] {manager.py:878} INFO - 
================================================================================
DAG File Processing Stats

File Path                           PID    Runtime      # DAGs    # Errors  Last Runtime    Last Run
----------------------------------  -----  ---------  --------  ----------  --------------  -------------------
/opt/airflow/dags/fraud_dbt_dag.py                           1           0  0.33s           2026-08-06T10:18:18
================================================================================
[2026-08-06T10:19:04.435+0000] {manager.py:878} INFO - 
================================================================================
DAG File Processing Stats

File Path                           PID    Runtime      # DAGs    # Errors  Last Runtime    Last Run
----------------------------------  -----  ---------  --------  ----------  --------------  -------------------
/opt/airflow/dags/fraud_dbt_dag.py                           1           0  0.29s           2026-08-06T10:18:48
================================================================================
[2026-08-06T10:19:34.952+0000] {manager.py:878} INFO - 
================================================================================
DAG File Processing Stats

File Path                           PID    Runtime      # DAGs    # Errors  Last Runtime    Last Run
----------------------------------  -----  ---------  --------  ----------  --------------  -------------------
/opt/airflow/dags/fraud_dbt_dag.py                           1           0  0.29s           2026-08-06T10:19:19
================================================================================
[2026-08-06T10:19:58.403+0000] {manager.py:737} INFO - Searching for files in /opt/airflow/dags
[2026-08-06T10:19:58.405+0000] {manager.py:740} INFO - There are 1 files in /opt/airflow/dags
[2026-08-06T10:20:05.480+0000] {manager.py:878} INFO - 
================================================================================
DAG File Processing Stats

File Path                           PID    Runtime      # DAGs    # Errors  Last Runtime    Last Run
----------------------------------  -----  ---------  --------  ----------  --------------  -------------------
/opt/airflow/dags/fraud_dbt_dag.py                           1           0  0.32s           2026-08-06T10:19:49
================================================================================
[2026-08-06T10:20:35.996+0000] {manager.py:878} INFO - 
================================================================================
DAG File Processing Stats

File Path                           PID    Runtime      # DAGs    # Errors  Last Runtime    Last Run
----------------------------------  -----  ---------  --------  ----------  --------------  -------------------
/opt/airflow/dags/fraud_dbt_dag.py                           1           0  0.29s           2026-08-06T10:20:20
================================================================================
[2026-08-06T10:21:06.505+0000] {manager.py:878} INFO - 
================================================================================
DAG File Processing Stats

File Path                           PID    Runtime      # DAGs    # Errors  Last Runtime    Last Run
----------------------------------  -----  ---------  --------  ----------  --------------  -------------------
/opt/airflow/dags/fraud_dbt_dag.py                           1           0  0.30s           2026-08-06T10:20:50
================================================================================
[2026-08-06T10:21:36.991+0000] {manager.py:878} INFO - 
================================================================================
DAG File Processing Stats

File Path                           PID    Runtime      # DAGs    # Errors  Last Runtime    Last Run
----------------------------------  -----  ---------  --------  ----------  --------------  -------------------
/opt/airflow/dags/fraud_dbt_dag.py                           1           0  0.43s           2026-08-06T10:21:21
================================================================================
[2026-08-06T10:22:07.632+0000] {manager.py:878} INFO - 
================================================================================
DAG File Processing Stats

File Path                           PID    Runtime      # DAGs    # Errors  Last Runtime    Last Run
----------------------------------  -----  ---------  --------  ----------  --------------  -------------------
/opt/airflow/dags/fraud_dbt_dag.py                           1           0  0.31s           2026-08-06T10:21:51
================================================================================
[2026-08-06T10:22:38.188+0000] {manager.py:878} INFO - 
================================================================================
DAG File Processing Stats

File Path                           PID    Runtime      # DAGs    # Errors  Last Runtime    Last Run
----------------------------------  -----  ---------  --------  ----------  --------------  -------------------
/opt/airflow/dags/fraud_dbt_dag.py                           1           0  0.35s           2026-08-06T10:22:22
================================================================================
[2026-08-06T10:23:08.305+0000] {manager.py:878} INFO - 
================================================================================
DAG File Processing Stats

File Path                           PID    Runtime      # DAGs    # Errors  Last Runtime    Last Run
----------------------------------  -----  ---------  --------  ----------  --------------  -------------------
/opt/airflow/dags/fraud_dbt_dag.py                           1           0  0.56s           2026-08-06T10:22:53
================================================================================
[2026-08-06T10:23:38.526+0000] {manager.py:878} INFO - 
================================================================================
DAG File Processing Stats

File Path                           PID    Runtime      # DAGs    # Errors  Last Runtime    Last Run
----------------------------------  -----  ---------  --------  ----------  --------------  -------------------
/opt/airflow/dags/fraud_dbt_dag.py                           1           0  0.35s           2026-08-06T10:23:23
================================================================================
[2026-08-06T10:24:09.081+0000] {manager.py:878} INFO - 
================================================================================
DAG File Processing Stats

File Path                           PID    Runtime      # DAGs    # Errors  Last Runtime    Last Run
----------------------------------  -----  ---------  --------  ----------  --------------  -------------------
/opt/airflow/dags/fraud_dbt_dag.py                           1           0  0.35s           2026-08-06T10:23:54
================================================================================
[2026-08-06T10:24:39.663+0000] {manager.py:878} INFO - 
================================================================================
DAG File Processing Stats

File Path                           PID    Runtime      # DAGs    # Errors  Last Runtime    Last Run
----------------------------------  -----  ---------  --------  ----------  --------------  -------------------
/opt/airflow/dags/fraud_dbt_dag.py                           1           0  0.37s           2026-08-06T10:24:24
================================================================================
[2026-08-06T10:24:58.559+0000] {manager.py:737} INFO - Searching for files in /opt/airflow/dags
[2026-08-06T10:24:58.563+0000] {manager.py:740} INFO - There are 1 files in /opt/airflow/dags
[2026-08-06T10:25:10.230+0000] {manager.py:878} INFO - 
================================================================================
DAG File Processing Stats

File Path                           PID    Runtime      # DAGs    # Errors  Last Runtime    Last Run
----------------------------------  -----  ---------  --------  ----------  --------------  -------------------
/opt/airflow/dags/fraud_dbt_dag.py                           1           0  0.42s           2026-08-06T10:24:55
================================================================================
[2026-08-06T10:25:40.423+0000] {manager.py:878} INFO - 
================================================================================
DAG File Processing Stats

File Path                           PID    Runtime      # DAGs    # Errors  Last Runtime    Last Run
----------------------------------  -----  ---------  --------  ----------  --------------  -------------------
/opt/airflow/dags/fraud_dbt_dag.py                           1           0  0.63s           2026-08-06T10:25:26
================================================================================
[2026-08-06T10:26:10.697+0000] {manager.py:878} INFO - 
================================================================================
DAG File Processing Stats

File Path                           PID    Runtime      # DAGs    # Errors  Last Runtime    Last Run
----------------------------------  -----  ---------  --------  ----------  --------------  -------------------
/opt/airflow/dags/fraud_dbt_dag.py                           1           0  0.40s           2026-08-06T10:25:56
================================================================================
[2026-08-06T10:26:41.254+0000] {manager.py:878} INFO - 
================================================================================
DAG File Processing Stats

File Path                           PID    Runtime      # DAGs    # Errors  Last Runtime    Last Run
----------------------------------  -----  ---------  --------  ----------  --------------  -------------------
/opt/airflow/dags/fraud_dbt_dag.py                           1           0  0.38s           2026-08-06T10:26:27
================================================================================
[2026-08-06T10:27:11.859+0000] {manager.py:878} INFO - 
================================================================================
DAG File Processing Stats

File Path                           PID    Runtime      # DAGs    # Errors  Last Runtime    Last Run
----------------------------------  -----  ---------  --------  ----------  --------------  -------------------
/opt/airflow/dags/fraud_dbt_dag.py                           1           0  0.36s           2026-08-06T10:26:58
================================================================================
[2026-08-06T10:27:42.420+0000] {manager.py:878} INFO - 
================================================================================
DAG File Processing Stats

File Path                           PID    Runtime      # DAGs    # Errors  Last Runtime    Last Run
----------------------------------  -----  ---------  --------  ----------  --------------  -------------------
/opt/airflow/dags/fraud_dbt_dag.py                           1           0  0.23s           2026-08-06T10:27:28
================================================================================
[2026-08-06T10:28:12.851+0000] {manager.py:878} INFO - 
================================================================================
DAG File Processing Stats

File Path                           PID    Runtime      # DAGs    # Errors  Last Runtime    Last Run
----------------------------------  -----  ---------  --------  ----------  --------------  -------------------
/opt/airflow/dags/fraud_dbt_dag.py                           1           0  0.32s           2026-08-06T10:27:59
================================================================================
[2026-08-06T10:28:43.378+0000] {manager.py:878} INFO - 
================================================================================
DAG File Processing Stats

File Path                           PID    Runtime      # DAGs    # Errors  Last Runtime    Last Run
----------------------------------  -----  ---------  --------  ----------  --------------  -------------------
/opt/airflow/dags/fraud_dbt_dag.py                           1           0  0.34s           2026-08-06T10:28:29
================================================================================
[2026-08-06T10:29:13.568+0000] {manager.py:878} INFO - 
================================================================================
DAG File Processing Stats

File Path                           PID    Runtime      # DAGs    # Errors  Last Runtime    Last Run
----------------------------------  -----  ---------  --------  ----------  --------------  -------------------
/opt/airflow/dags/fraud_dbt_dag.py                           1           0  0.64s           2026-08-06T10:29:00
================================================================================
[2026-08-06T10:29:44.121+0000] {manager.py:878} INFO - 
================================================================================
DAG File Processing Stats

File Path                           PID    Runtime      # DAGs    # Errors  Last Runtime    Last Run
----------------------------------  -----  ---------  --------  ----------  --------------  -------------------
/opt/airflow/dags/fraud_dbt_dag.py                           1           0  0.39s           2026-08-06T10:29:31
================================================================================
[2026-08-06T10:29:59.244+0000] {manager.py:737} INFO - Searching for files in /opt/airflow/dags
[2026-08-06T10:29:59.246+0000] {manager.py:740} INFO - There are 1 files in /opt/airflow/dags
[2026-08-06T10:30:11.379+0000] {manager.py:452} INFO - Exiting gracefully upon receiving signal 15
